SKU,Product,Category,Warehouse,Location,Lot/Batch,Expiry,Qty,"Unit Cost","Stock Value"
(01)05023534031468(17)251000(10)3401-32D,"Noromectin 7l",,"Agvance Trading Warehouse",,,,6.000,0.00,0.00
(01)05099299037878,"Dycoxan Oral Suspension - 1L",,"Agvance Trading Warehouse",,,,0.000,0.00,0.00
(01)0539153427,"Cow Start Bolus 4 x 2 pack",,"Agvance Trading Warehouse",,,,0.000,48.00,0.00
(01)05414736045115,"Spot On Insecticide",,"Agvance Trading Warehouse",,,,0.000,0.00,0.00
0375A,"Heiniger Cordless Spare Battery Old Model",,"Agvance Trading Warehouse",,,,0.000,71.54,0.00
1000KGSALT1,"Himalayan Rock Salt - 1000KG1",,"Agvance Trading Warehouse",,,,134.000,420.00,"56,280.00"
10308,"Blo i200 Single Motor Blower",,"Agvance Trading Warehouse",,,,3.000,114.13,342.39
10310,"Blo i400 Dual Motor Blower",,"Agvance Trading Warehouse",,,,3.000,194.63,583.89
105391510234890,"Dectospot Pour-on",,"Agvance Trading Warehouse",,,,0.000,0.00,0.00
1061868Mxiub,"Spray Trigger Attachment for Aeroseol Cans",,"Agvance Trading Warehouse",,,,9.000,2.00,18.00
1133,"Cow Halter - Red Cotton Show Halter",,"Agvance Trading Warehouse",,,,0.000,0.00,0.00
11444034049,"Supershine Black",,"Agvance Trading Warehouse",,,,4.000,15.04,60.16
11498-BLACK-1,"Tesoro Leather Blinkers - Black",,"Agvance Trading Warehouse",,,,0.000,0.00,0.00
11498-BROWN,"Tesoro Leather Blinkers - Brown",,"Agvance Trading Warehouse",,,,0.000,0.00,0.00
13065-250ML,"B-R Bone Embrocation 500ml - 250ml",,"Agvance Trading Warehouse",,,,0.000,0.00,0.00
13065-500ML,"B-R Bone Embrocation 500ml - 500ml",,"Agvance Trading Warehouse",,,,0.000,0.00,0.00
13066,"M-R Muscle  Embrocation 500ml",,"Agvance Trading Warehouse",,,,0.000,0.00,0.00
13082,"Supreme Highlighter Gloss 100ml",,"Agvance Trading Warehouse",,,,0.000,0.00,0.00
1317100786,"Sullivan's The Hair Wizard Comb - 9 inch",,"Agvance Trading Warehouse",,,,1.000,27.49,27.49
13927,"A & R 1ltr X",,"Agvance Trading Warehouse",,,,0.000,0.00,0.00
13928,"Alpine Arnica 250ml",,"Agvance Trading Warehouse",,,,0.000,0.00,0.00
13971,"Blue Chip Lami Light 15Kg",,"Agvance Trading Warehouse",,,,0.000,0.00,0.00
13975,"Blue Chip Original 15kg",,"Agvance Trading Warehouse",,,,0.000,0.00,0.00
13976,"Blue Chip Pro 15kg",,"Agvance Trading Warehouse",,,,0.000,0.00,0.00
13982-500ML,"Botanica Cleansing Wash - 500ml",,"Agvance Trading Warehouse",,,,0.000,10.79,0.00
13982-5LTR,"Botanica Cleansing Wash - 5Ltr",,"Agvance Trading Warehouse",,,,1.000,40.71,40.71
13983,"Botanica 6-in-1 Spray",,"Agvance Trading Warehouse",,,,0.000,0.00,0.00
13984-300ML,"Botanica Herbal Cream 500ml - 300ml",,"Agvance Trading Warehouse",,,,0.000,0.00,0.00
13984-500ML,"Botanica Herbal Cream 500ml - 500ml",,"Agvance Trading Warehouse",,,,0.000,0.00,0.00
13985,"Botanica Anti Itch cream 550ml",,"Agvance Trading Warehouse",,,,0.000,0.00,0.00
13986,"Botanica Small Animal Care 125ml",,"Agvance Trading Warehouse",,,,0.000,0.00,0.00
13987,"Botanica Fly Spray 750ML",,"Agvance Trading Warehouse",,,,0.000,0.00,0.00
13994,"Breeze Up 1ltr",,"Agvance Trading Warehouse",,,,0.000,0.00,0.00
14051,"Clean as Whistle 1Ltr",,"Agvance Trading Warehouse",,,,0.000,0.00,0.00
14069,"Coltish 1Ltr",,"Agvance Trading Warehouse",,,,0.000,0.00,0.00
14088,"Cool It Powder 900G",,"Agvance Trading Warehouse",,,,0.000,0.00,0.00
14093,"Copper-Trition 4kg",,"Agvance Trading Warehouse",,,,0.000,0.00,0.00
14103-2.5KG-2,"Cribox - 2.5kg",,"Agvance Trading Warehouse",,,,0.000,0.00,0.00
14103-450G,"Cribox - 450g",,"Agvance Trading Warehouse",,,,0.000,0.00,0.00
14105,"Cribox Paint 400ml",,"Agvance Trading Warehouse",,,,0.000,14.89,0.00
14117-1L,"Devils Relief Plus 1Ltr",,"Agvance Trading Warehouse",,,,0.000,0.00,0.00
14120,"Diarsanyl 60ml Syringe(1's)",,"Agvance Trading Warehouse",,,,0.000,0.00,0.00
14149,"Echinacea Plus 1Ltr",,"Agvance Trading Warehouse",,,,0.000,0.00,0.00
14284,"Equivite Original 3kg",,"Agvance Trading Warehouse",,,,0.000,0.00,0.00
14285,"Equizar Disinfectant 5L",,"Agvance Trading Warehouse",,,,0.000,0.00,0.00
14297,"Farriers Formula Refill 5kg",,"Agvance Trading Warehouse",,,,2.000,12.47,24.94
14335-500ML*,"Fly Repellant-Super Plus Gel 500cc",,"Agvance Trading Warehouse",,,,0.000,0.00,0.00
14364,"Freeflow 3x30g",,"Agvance Trading Warehouse",,,,0.000,0.00,0.00
14374-2.5KG,"Garlic Granules 2.5kg",,"Agvance Trading Warehouse",,,,0.000,0.00,0.00
14410-1L,"Haemavite B Plus 1ltr",,"Agvance Trading Warehouse",,,,0.000,0.00,0.00
14415-1L,"Heel to Hoof 1 Ltr",,"Agvance Trading Warehouse",,,,0.000,0.00,0.00
14452,"Iceberg Spray 500ml",,"Agvance Trading Warehouse",,,,0.000,0.00,0.00
14454-1L,"Immunall 1Ltr",,"Agvance Trading Warehouse",,,,0.000,0.00,0.00
14475,"Keratex Hoof Hardener 250ml",,"Agvance Trading Warehouse",,,,0.000,0.00,0.00
14481,"Keratex Mud shield powder 450g",,"Agvance Trading Warehouse",,,,0.000,0.00,0.00
14515-1L,"Lincoln Piaffe Mane&Tail 1litre",,"Agvance Trading Warehouse",,,,0.000,0.00,0.00
14519-4L,"Lincoln Hoof Oil 4 litre",,"Agvance Trading Warehouse",,,,0.000,0.00,0.00
14525-4L,"Lincoln Neatsfoot Oil 4ltr",,"Agvance Trading Warehouse",,,,0.000,0.00,0.00
14528,"Lincoln Intensive Hoof Moisturiser 600g",,"Agvance Trading Warehouse",,,,0.000,0.00,0.00
14530,"Lincoln Muddy Buddy Magic Mud Cream",,"Agvance Trading Warehouse",,,,0.000,0.00,0.00
14539,"Loose & Free",,"Agvance Trading Warehouse",,,,0.000,0.00,0.00
14593,"Millennium Gold 1Ltr",,"Agvance Trading Warehouse",,,,0.000,0.00,0.00
14605,"Muddy Marvel Barrier Cream 600ml",,"Agvance Trading Warehouse",,,,1.000,18.19,18.19
14614,"MUSCLE MAKER 1KG",,"Agvance Trading Warehouse",,,,0.000,0.00,0.00
14630,"No More Bute  1.2LT",,"Agvance Trading Warehouse",,,,0.000,0.00,0.00
14670-1.5KG,"PREMIER E 1.5KG",,"Agvance Trading Warehouse",,,,0.000,0.00,0.00
14670-4KG,"PREMIER E 4KG",,"Agvance Trading Warehouse",,,,0.000,0.00,0.00
14711-2.5KG,"Respirator 2.5kg",,"Agvance Trading Warehouse",,,,0.000,0.00,0.00
14712-500ML,"Respirator Boost",,"Agvance Trading Warehouse",,,,0.000,0.00,0.00
14713-1.5KG,"Restore-Lyte Powder - 1.5KG",,"Agvance Trading Warehouse",,,,0.000,0.00,0.00
14713-10KG,"Restore-Lyte Powder - 10KG",,"Agvance Trading Warehouse",,,,0.000,0.00,0.00
14734-1.5KG,"Selenavite E Powder - 1.5KG",,"Agvance Trading Warehouse",,,,0.000,0.00,0.00
14734-4KG,"Selenavite E Powder - 4KG",,"Agvance Trading Warehouse",,,,0.000,60.49,0.00
14757,"Lincoln Sheath Cleanser 500ml",,"Agvance Trading Warehouse",,,,0.000,0.00,0.00
14764,"Fickle Mare 1Ltr",,"Agvance Trading Warehouse",,,,0.000,0.00,0.00
14776,"Grass & Stable Stain Remover 400ml",,"Agvance Trading Warehouse",,,,0.000,0.00,0.00
14781,"Herbal Wise Steady Neddy",,"Agvance Trading Warehouse",,,,0.000,0.00,0.00
14832,"Seven Day Mud Away 500ml",,"Agvance Trading Warehouse",,,,0.000,0.00,0.00
14876,"TransVite Paste (3x30g)",,"Agvance Trading Warehouse",,,,0.000,0.00,0.00
14878,"Transvite Excel 1.5KG",,"Agvance Trading Warehouse",,,,0.000,0.00,0.00
14879,"Transvite Gut Balancer 1KG",,"Agvance Trading Warehouse",,,,0.000,0.00,0.00
151,"Calf Halter Black Cotton",,"Agvance Trading Warehouse",,,,0.000,0.00,0.00
15677-5L,"Selenavite E Liquid 5Ltr",,"Agvance Trading Warehouse",,,,0.000,0.00,0.00
15FTHOSEFORBLOWER,"Circuiteer Blower Hose",,"Agvance Trading Warehouse",,,,0.000,0.00,0.00
16777,"Naff Naturalintx MSM Ointment 250G",,"Agvance Trading Warehouse",,,,0.000,0.00,0.00
17165,"Fybagee Bandage Pads (4's) - 18x18 in",,"Agvance Trading Warehouse",,,,0.000,14.80,0.00
17166,"Fybagee Bandage Pads (4's) - 12x18 in",,"Agvance Trading Warehouse",,,,0.000,9.96,0.00
17267-1LT,"Gastro-Mag 1lt",,"Agvance Trading Warehouse",,,,0.000,0.00,0.00
17287-1LTR,"Mood Balancer 1 LTR",,"Agvance Trading Warehouse",,,,0.000,0.00,0.00
17555-10KG,"Relax Leg Clay - 10KG",,"Agvance Trading Warehouse",,,,0.000,0.00,0.00
17555-5KG,"Relax Leg Clay - 5KG",,"Agvance Trading Warehouse",,,,0.000,0.00,0.00
175934,"Primatech 5ml Adjustable Dose Vaccinator",,"Agvance Trading Warehouse",,,,0.000,38.53,0.00
175934,"Primatech 5ml Adjustable Dose Vaccinator",,"Agvance Trading Warehouse",,,,4.000,32.74,130.96
17693-3L,"Turfmasters Petroleum Jelly 3L",,"Agvance Trading Warehouse",,,,0.000,0.00,0.00
18KGEUCALYPTUSBUCKET,"Eucalyptus Easy Breathe Mineral Bucket – Respiratory Support",,"Agvance Trading Warehouse",,180226,2027-08-18,175.000,17.67,"3,092.25"
18KGEUCALYPTUSBUCKET,"Eucalyptus Easy Breathe Mineral Bucket – Respiratory Support",,"Agvance Trading Warehouse",,140126,2027-07-14,66.000,17.67,"1,166.22"
1LITERMOLASSES,"Organic Molasses - 1 Litre",,"Agvance Trading Warehouse",,,,0.000,0.00,0.00
2.5inc10bx,"Brass Bull Rings Box of 10 - 2.5 Inch / 10 boxes",,"Agvance Trading Warehouse",,,,14.000,0.00,0.00
2.5LCATTLETURBOTHRIVE,"Turbo Thrive For High Performance and fertility in Cattle - 2.5Litre",,"Agvance Trading Warehouse",,,,0.000,0.00,0.00
2.5LSHEEPTURBO,"Turbo Thrive for High performance and fertility in Sheep - 2.5Litre",,"Agvance Trading Warehouse",,,,0.000,0.00,0.00
2012,"Ritchey Medicated Shampoos",,"Agvance Trading Warehouse",,,,500.000,0.00,0.00
24.7SMARTRACEPLUSSHEEP,"Agrimin 24.7 Smartrace Plus Sheep Bolus",,"Agvance Trading Warehouse",,,,0.000,0.00,0.00
285,"Cattle Clipper Lister Laser 2 Sheep/Dirty Cattle Clipper",,"Agvance Trading Warehouse",,,,0.000,0.00,0.00
3189640004467,"Gas - Express Canister 110ml",,"Agvance Trading Warehouse",,,,0.000,5.21,0.00
3338020001163,"UKAL 90cm Calving Gloves 50pk",,"Agvance Trading Warehouse",,,,0.000,11.00,0.00
34264416529,"Andis Clipper Blades Ultra Edge No.50",,"Agvance Trading Warehouse",,,,0.000,24.00,0.00
364,"Natural Cotton Working Halters - 10mm",,"Agvance Trading Warehouse",,,,0.000,0.00,0.00
3661103023425,"Ivomec Super Injection for Cattle - 50ml",,"Agvance Trading Warehouse",,,,0.000,16.00,0.00
3700393912177,"Speedy Feeder Blue Lids (teats)",,"Agvance Trading Warehouse",,,,1.000,12.50,12.50
3760,"Winner's Brand Black Magic Halters Out of Stock",,"Agvance Trading Warehouse",,,,0.000,0.00,0.00
399545120,"Weaver's Livestock Protouch Spray - Rust",,"Agvance Trading Warehouse",,,,3.000,5.00,15.00
399545144,"Weaver's Livestock Protouch Spray - Fawn",,"Agvance Trading Warehouse",,,,0.000,5.00,0.00
4,"FULL ACCESS CRUSHES",,"Agvance Trading Warehouse",,,,500.000,0.00,0.00
40035618,"Dectomax Injection - 250ml",,"Agvance Trading Warehouse",,,,0.000,44.72,0.00
40035621,"Dectomax Injection - 500ml",,"Agvance Trading Warehouse",,,,0.000,112.13,0.00
40102640728,"Andis Ultra Edge Blades No.15",,"Agvance Trading Warehouse",,,,3.000,24.00,72.00
40102640759,"Andis Ultra Edge Blades No.30",,"Agvance Trading Warehouse",,,,2.000,24.00,48.00
40102640759,"Andis Ultra Edge Blades No.30",,"Agvance Trading Warehouse",,,,0.000,24.00,0.00
40102642654,"Andis Ultra Edge Blades No.40",,"Agvance Trading Warehouse",,,,0.000,24.00,0.00
40102642654,"Andis Ultra Edge Blades No.40",,"Agvance Trading Warehouse",,,,2.000,24.00,48.00
4015110037040,"Wahl Admire Clipper",,"Agvance Trading Warehouse",,,,0.000,47.88,0.00
4018619002373,"Block Holder",,"Agvance Trading Warehouse",,,,5.000,3.38,16.90
4018653020258,"Plastic Curry Comb - Blue",,"Agvance Trading Warehouse",,,,30.000,1.15,34.50
4018653146408,"Kerbl ""ColostroSart"" Colostrum Bag",,"Agvance Trading Warehouse",,,,0.000,0.00,0.00
4018653180150,"Circular Curry Comb",,"Agvance Trading Warehouse",,,,30.000,3.28,98.40
4018653180198,"Dandy Brush",,"Agvance Trading Warehouse",,,,16.000,4.04,64.64
4018653210093,"Calf Weight Band",,"Agvance Trading Warehouse",,,,0.000,6.50,0.00
4018653270080,"Anti Vac Lamb Feeding Bottle",,"Agvance Trading Warehouse",,,,10.000,5.23,52.30
4018653271124,"Agrihealth Lamb Reviver Kit 60ml",,"Agvance Trading Warehouse",,,,0.000,3.14,0.00
4018653320754,"Water Scraper",,"Agvance Trading Warehouse",,,,23.000,2.76,63.48
4050358000128,"Top Marker Spray - Green",,"Agvance Trading Warehouse",,,,0.000,0.00,0.00
4050358096091,"Top Marker Spray - Yellow",,"Agvance Trading Warehouse",,,,0.000,0.00,0.00
48INCHSHOWSTICKBLK,"Show Stick 48"" - Black",,"Agvance Trading Warehouse",,,,0.000,15.00,0.00
48INCHSHOWSTICKBLUE,"Show Stick 48"" - Blue",,"Agvance Trading Warehouse",,,,0.000,15.00,0.00
48INCHSHOWSTICKDOTS,"Show Stick 48"" - Dots",,"Agvance Trading Warehouse",,,,0.000,15.00,0.00
48INCHSHOWSTICKGREEN,"Show Stick 48"" - Green",,"Agvance Trading Warehouse",,,,0.000,15.00,0.00
48INCHSHOWSTICKPINK,"Show Stick 48"" - Pink",,"Agvance Trading Warehouse",,,,0.000,15.00,0.00
48INCHSHOWSTICKRED,"Show Stick 48"" - Red",,"Agvance Trading Warehouse",,,,6.000,15.00,90.00
48INCHSHOWSTICKSILVER,"Show Stick 48"" - Silver",,"Agvance Trading Warehouse",,,,0.000,15.00,0.00
4IN1CLIPPERSPRAY,"Showtime 4 in 1 Clipper Spray",,"Agvance Trading Warehouse",,,,0.000,3.99,0.00
500KGSALT1,"Himalayan Rock Salt - 500KG1",,"Agvance Trading Warehouse",,,,271.000,260.00,"70,460.00"
500kgsalt2,"Himalayan Rock Salt - 1000kg",,"Agvance Trading Warehouse",,,,0.000,0.00,0.00
500kgsalt3,"Himalayan Rock Salt - 500kg",,"Agvance Trading Warehouse",,,,0.000,0.00,0.00
5013862060070,"Rainbo Tail Paint Refill 2.5l - Blue",,"Agvance Trading Warehouse",,,,1.000,20.00,20.00
5013862062951,"Rainbo Tail Paint - Blue",,"Agvance Trading Warehouse",,,,2.000,12.54,25.08
5013862062975,"Rainbo Tail Paint - Green",,"Agvance Trading Warehouse",,,,1.000,12.54,12.54
5013862063231,"Rainbo Tail Paint Refill 2.5l - Red",,"Agvance Trading Warehouse",,,,2.000,20.00,40.00
5022771000008,"Uddermint  - Teisen - 500ml",,"Agvance Trading Warehouse",,,,6.000,14.85,89.10
5022771000008,"Uddermint  - Teisen - 500ml",,"Agvance Trading Warehouse",,2423913,2027-02-28,6.000,14.85,89.10
5022771222349,"Uddermint  - Teisen - 2.5Litre",,"Agvance Trading Warehouse",,2410215,2026-10-30,2.000,60.00,120.00
5022771222349,"Uddermint  - Teisen - 2.5Litre",,"Agvance Trading Warehouse",,,,2.000,60.00,120.00
5022771222356,"Teisen Uddermint Dispenser",,"Agvance Trading Warehouse",,,,3.000,13.00,39.00
5023534001416,"Levacide Low-Volume Worm Drench 7.5% w/v - 1Ltr",,"Agvance Trading Warehouse",,,,0.000,0.00,0.00
5023534001713,"Levafas Diamond 4ltrs",,"Agvance Trading Warehouse",,,,0.000,113.75,0.00
5023534001836,"Magniject For Cattle And Sheep 400ml",,"Agvance Trading Warehouse",,,,3.000,8.65,25.95
5023534002970,"Calciject 400ml 40 + 3 Injection",,"Agvance Trading Warehouse",,,,10.000,8.26,82.60
5023534004998,"Opti Mag 3 Magnesium Bolus",,"Agvance Trading Warehouse",,,,0.000,0.00,0.00
5023534022961,"Spotinor - 2.5L",,"Agvance Trading Warehouse",,,,0.000,85.37,0.00
5023534028482,"Solantel Sheep Oral Drench - 1L",,"Agvance Trading Warehouse",,,,0.000,0.00,0.00
5023534030539,"Life Aid Xtra Powder for Oral Solution Pack of 48",,"Agvance Trading Warehouse",,,,0.000,0.00,0.00
5023534032373,"Spotinor - 1L (2 x500ml)",,"Agvance Trading Warehouse",,,,0.000,46.34,0.00
5023534033295,"Taurador and Half Price Solantel - 2.5Litre",,"Agvance Trading Warehouse",,,,0.000,0.00,0.00
5024506728454,"Tail Tape - Red",,"Agvance Trading Warehouse",,,,8.000,3.06,24.48
5027286017015,"Battles Purl Dip Sheep Dip",,"Agvance Trading Warehouse",,,,0.000,47.60,0.00
5027286021104,"Stockholm Tar - 1kg",,"Agvance Trading Warehouse",,,,2.000,16.50,33.00
5027286024877,"Battles Glucose Powder 3kg",,"Agvance Trading Warehouse",,,,9.000,13.76,123.84
5027286024877,"Battles Glucose Powder 3kg",,"Agvance Trading Warehouse",,36705,2030-09-30,1.000,13.76,13.76
5027286040600,"Glycerine Saddle Soap Bar",,"Agvance Trading Warehouse",,,,72.000,4.59,330.48
5027286156899,"Flockmarker Fluid Red/Blue 5ltrs - Red",,"Agvance Trading Warehouse",,,,0.000,0.00,0.00
5027286156905,"Flockmarker Fluid Red/Blue 5ltrs - Blue",,"Agvance Trading Warehouse",,,,1.000,0.00,0.00
5027286160476,"Show Calm Tubes",,"Agvance Trading Warehouse",,,,2.000,0.00,0.00
5027286162876,"Acralube - 5 Litre",,"Agvance Trading Warehouse",,,,0.000,0.00,0.00
5032756069029,"Bayticol 1% Pour-on Insecticide",,"Agvance Trading Warehouse",,,,0.000,0.00,0.00
5033568150608,"Osmonds Bactakil 55 Spray",,"Agvance Trading Warehouse",,,,33.000,0.00,0.00
5033568952745,"Osmonds Supablend Championship Feed Supplements - 10KG",,"Agvance Trading Warehouse",,95312,2027-09-07,1.000,0.00,0.00
5033568952745,"Osmonds Supablend Championship Feed Supplements - 10KG",,"Agvance Trading Warehouse",,,,11.000,0.00,0.00
5033568952752,"Osmonds Supablend Championship Feed Supplements - 5kg",,"Agvance Trading Warehouse",,95312,2027-09-07,8.000,0.00,0.00
5033568952752,"Osmonds Supablend Championship Feed Supplements - 5kg",,"Agvance Trading Warehouse",,,,8.000,0.00,0.00
5035002038831,"Mullinahone Plastic Wean with Spikes",,"Agvance Trading Warehouse",,,,0.000,0.00,0.00
5035104001221,"Nettex Strong Iodine Extra Solution - 2.5Ltrs",,"Agvance Trading Warehouse",,,,0.000,0.00,0.00
5035104006325,"Calf Kick Start",,"Agvance Trading Warehouse",,,,0.000,0.00,0.00
5035300366407,"Prolapse Harness - Red",,"Agvance Trading Warehouse",,,,0.000,0.00,0.00
5035300513108,"Calf Drencher with Flexi Probe",,"Agvance Trading Warehouse",,,,0.000,12.50,0.00
5035300529406,"Lamb Ring Applicator",,"Agvance Trading Warehouse",,,,3.000,2.95,8.85
5035300554200,"Dehorning wire 12m",,"Agvance Trading Warehouse",,,,0.000,0.00,0.00
5035300555146,"Tail Tape - Green",,"Agvance Trading Warehouse",,,,16.000,0.00,0.00
5035300561208,"Vink Calving Ropes Pair",,"Agvance Trading Warehouse",,,,9.000,0.00,0.00
5035300566401,"Curved Scissors",,"Agvance Trading Warehouse",,,,4.000,0.00,0.00
5035300676803,"Tail Tape - Blue",,"Agvance Trading Warehouse",,,,11.000,0.00,0.00
5035300790905,"Measuring Jug 3Litre",,"Agvance Trading Warehouse",,,,11.000,0.00,0.00
5035300797300,"Heavy Duty Bull Nose Leader/Snaffle",,"Agvance Trading Warehouse",,,,10.000,0.00,0.00
5036108036615,"Adult Show Coat - Small",,"Agvance Trading Warehouse",,,,5.000,0.00,0.00
5036108036622,"Adult Show Coat - Medium",,"Agvance Trading Warehouse",,,,20.000,0.00,0.00
5036108036639,"Adult Show Coat - Large",,"Agvance Trading Warehouse",,,,19.000,0.00,0.00
5036108036646,"Adult Show Coat - XLarge",,"Agvance Trading Warehouse",,,,14.000,0.00,0.00
5036108036653,"Adult Show Coat - XXLarge",,"Agvance Trading Warehouse",,,,3.000,0.00,0.00
5036108144112,"Adult Show Coat - XSmall",,"Agvance Trading Warehouse",,,,10.000,0.00,0.00
5036108144129,"Adult Show Coat - XXXLarge",,"Agvance Trading Warehouse",,,,6.000,0.00,0.00
5036108207145,"Adult Show Coat - XXSmall",,"Agvance Trading Warehouse",,,,10.000,0.00,0.00
5037098175025,"Trusti Tuber Lamb Feeder",,"Agvance Trading Warehouse",,,,5.000,0.00,0.00
5037127004845,"Wahl Copper Tones Shampoo - 500ml",,"Agvance Trading Warehouse",,,,11.000,0.00,0.00
5037127004852,"Wahl Deep Black Shampoo - 500ml",,"Agvance Trading Warehouse",,,,3.000,0.00,0.00
5037127004920,"Wahl Copper Tones Shampoo - 5Litre",,"Agvance Trading Warehouse",,,,18.000,0.00,0.00
5037127004937,"Wahl Deep Black Shampoo - 5Litre",,"Agvance Trading Warehouse",,,,13.000,0.00,0.00
5037127004944,"Wahl Diamond White Shampoos - 5Litre",,"Agvance Trading Warehouse",,,,0.000,0.00,0.00
5037127004951,"Wahl Dirty Beastie Cattle Shampoo - 5Litre",,"Agvance Trading Warehouse",,,,9.000,0.00,0.00
5037127004975,"Wahl Tea Tree Oil Shampoo - 5Litre",,"Agvance Trading Warehouse",,,,1.000,0.00,0.00
5037127004982,"WAHL Easy Groom Shampoo 5l",,"Agvance Trading Warehouse",,,,4.000,0.00,0.00
5037127012529,"Wahl Aloe Soothe Shampoo - 5Litre",,"Agvance Trading Warehouse",,,,5.000,0.00,0.00
5037127023815,"Cattle Clipper  - Moser Arco Rechargeable Clipper",,"Agvance Trading Warehouse",,,,3.000,101.39,304.17
5037127023815,"Cattle Clipper  - Moser Arco Rechargeable Clipper",,"Agvance Trading Warehouse",,,,3.000,102.00,306.00
5038190000246,"Cydectin 10% long lasting wormer Injection",,"Agvance Trading Warehouse",,,,0.000,0.00,0.00
5052372007298,"Pro Slicker Brush",,"Agvance Trading Warehouse",,,,19.000,0.00,0.00
5052372013794,"Tail Comb",,"Agvance Trading Warehouse",,,,19.000,0.00,0.00
5052372053592,"Self Cleaning Slicker Brush",,"Agvance Trading Warehouse",,,,31.000,0.00,0.00
5055331600394,"Provita Lamb Colostrum Concentrate - 500g",,"Agvance Trading Warehouse",,,,0.000,0.00,0.00
5055331602053,"Provita Jump Start",,"Agvance Trading Warehouse",,,,0.000,0.00,0.00
5060043860028,"Natural Stockcare Sheep Boost",,"Agvance Trading Warehouse",,,,0.000,0.00,0.00
5060043860370,"Natural Stockcare Stockline With Copper",,"Agvance Trading Warehouse",,,,0.000,0.00,0.00
5060043860387,"Natural Stockcare Cobalt B12 Selenium - 5Ltrs",,"Agvance Trading Warehouse",,,,0.000,0.00,0.00
5060043860400,"Natural Stockcare Musclevite - 1Ltr",,"Agvance Trading Warehouse",,,,0.000,0.00,0.00
5060043860424,"Natural Stockcare Musclevite - 5Ltrs",,"Agvance Trading Warehouse",,,,0.000,0.00,0.00
5060043860608,"At Birth Tubes - Individual tube",,"Agvance Trading Warehouse",,,,73.000,0.00,0.00
506004386060920,"At Birth Tubes - Box of 20 + 5 Free",,"Agvance Trading Warehouse",,,,2.000,0.00,0.00
5060043860806,"Calcium Action Natural Stockcare",,"Agvance Trading Warehouse",,,,0.000,0.00,0.00
5060043860950,"Natural Stockcare keto-Energy",,"Agvance Trading Warehouse",,,,0.000,0.00,0.00
5060043860981,"Natural Stockcare Aqua Lamb - 250ml",,"Agvance Trading Warehouse",,,,1.000,0.00,0.00
5060126850731,"Tracesure Cattle Bolus with Copper 20pk",,"Agvance Trading Warehouse",,,,0.000,0.00,0.00
5060164020097,"Agrimin 24.7 Magnesium Bullets Cattle 10'S",,"Agvance Trading Warehouse",,,,4.000,0.00,0.00
5060164020097,"Agrimin 24.7 Magnesium Bullets Cattle 10'S",,"Agvance Trading Warehouse",,2234?,2030-10-30,1.000,0.00,0.00
5060164020196,"All Trace Cattle Boluses","Health and Veterinary - Cattle","Agvance Trading Warehouse",,,,1.000,0.00,0.00
5060318411016,"Arm length Examination Gloves (Packs of 100)",,"Agvance Trading Warehouse",,,,3.000,6.59,19.77
5060387260607,"Horner Zipper II Clipper Clean Head",,"Agvance Trading Warehouse",,,,0.000,0.00,0.00
5060387268719,"Clipper Battery - Horner Quick Draw Shears Battery",,"Agvance Trading Warehouse",,,,5.000,0.00,0.00
5060387268764,"Horner QuickDraw Shears",,"Agvance Trading Warehouse",,,,0.000,0.00,0.00
5060464130007,"Premium Jakoti Self-Sharpening Hand Shears – Carbon Steel (For Livestock & Garden Use)",,"Agvance Trading Warehouse",,,,15.000,0.00,0.00
5060486410026,"Selekt Stomach Replacement Drencher",,"Agvance Trading Warehouse",,,,1.000,167.34,167.34
5060486410033,"Selekt Replacement Stomach Pump",,"Agvance Trading Warehouse",,,,1.000,114.33,114.33
5061031800002,"Limmoshine Extra 1l/5l - 1l",,"Agvance Trading Warehouse",,,,0.000,0.00,0.00
5061031800019,"Limmo Shine - 5 Litre",,"Agvance Trading Warehouse",,,,4.000,0.00,0.00
5061031800064,"Brown Bloom Sheep Colouring 250ml",,"Agvance Trading Warehouse",,,,7.000,10.70,74.90
5061031800392,"ShowTime Pure Talc Powder",,"Agvance Trading Warehouse",,,,7.000,0.00,0.00
5061031800514,"Poly Halters - 12mm White",,"Agvance Trading Warehouse",,,,1.000,5.21,5.21
5061031800590,"Deluxe Cotton Lead Ropes 12mm - White",,"Agvance Trading Warehouse",,,,0.000,0.00,0.00
5061031800958,"Showsuds Coconut Oil Shampoo 4l",,"Agvance Trading Warehouse",,,,9.000,9.90,89.10
5061031800972,"Megashine Coat Dressing - 5 Litre",,"Agvance Trading Warehouse",,,,6.000,0.00,0.00
5061031800989,"Hairset 1Litre",,"Agvance Trading Warehouse",,,,13.000,0.00,0.00
5061031801030,"ShowTime Clear Soap 2.5kg",,"Agvance Trading Warehouse",,,,1.000,0.00,0.00
5061031801276,"Bob Temple Charo Soap - 2.5kg / White",,"Agvance Trading Warehouse",,,,47.000,21.75,"1,022.25"
5061031801283,"Bob Temple Charo White 10kg",,"Agvance Trading Warehouse",,,,4.000,75.40,301.60
5061031801290,"Bob Temple Charo Soap - 1kg / White",,"Agvance Trading Warehouse",,,,34.000,12.00,408.00
5061031801313,"Bob Temple Charo Soap - 1kg / Yellow",,"Agvance Trading Warehouse",,,,4.000,12.00,48.00
506103180133,"Cotton Show Halters - 8mm / Pink",,"Agvance Trading Warehouse",,,,0.000,6.52,0.00
5061031801375,"Bob Temple Limousin Soap - 2.5kg",,"Agvance Trading Warehouse",,,,28.000,26.35,737.80
5061031801658,"Standard Curved Carding Comb",,"Agvance Trading Warehouse",,,,7.000,0.00,0.00
5061031801702,"Flat Carding/Finishing Comb",,"Agvance Trading Warehouse",,,,3.000,0.00,0.00
5061031801764,"Fleece Fix - 5 Litre",,"Agvance Trading Warehouse",,,,3.000,0.00,0.00
5061031801856,"Anyday Coconut Shampoo",,"Agvance Trading Warehouse",,,,11.000,11.15,122.65
5061031801863,"ShowTime Tea Tree Oil Shampoo 4 Litre",,"Agvance Trading Warehouse",,,,2.000,11.95,23.90
5061031801887,"Showtime Medicated Shampoo 4l",,"Agvance Trading Warehouse",,,,0.000,11.95,0.00
5061031801894,"Showtime Muck Off Shampoo",,"Agvance Trading Warehouse",,,,12.000,11.85,142.20
5061031802013,"Show Silk",,"Agvance Trading Warehouse",,,,0.000,0.00,0.00
5061031802310,"ShowTime SuperComb - 6in",,"Agvance Trading Warehouse",,,,8.000,0.00,0.00
5061031802334,"ShowTime SuperComb - 9in",,"Agvance Trading Warehouse",,,,4.000,0.00,0.00
5061031802471,"Stainless Steel Bull Nose Punch",,"Agvance Trading Warehouse",,,,6.000,73.50,441.00
5061031802501,"Cotton Show Halters - 12mm / White",,"Agvance Trading Warehouse",,,,17.000,9.30,158.10
5061031802556,"Cotton Show Halters - 16mm / White",,"Agvance Trading Warehouse",,,,37.000,12.90,477.30
5061031802600,"Cotton Show Halters - 12mm / Red",,"Agvance Trading Warehouse",,,,9.000,9.30,83.70
5061031802617,"Cotton Show Halters - 16mm / Red",,"Agvance Trading Warehouse",,,,0.000,12.56,0.00
5061031802624,"Cotton Show Halters - 20mm / Red",,"Agvance Trading Warehouse",,,,24.000,13.31,319.44
5061031802655,"Cotton Show Halters - 16mm / Black",,"Agvance Trading Warehouse",,,,6.000,12.56,75.36
5061031802662,"Cotton Show Halters - 20mm / Black",,"Agvance Trading Warehouse",,,,9.000,13.31,119.79
5061031802754,"Cattle Halter Multi Filament Polypropylene (MFP) Halters - 12mm BLACK",,"Agvance Trading Warehouse",,,,8.000,5.21,41.68
5061031802761,"Cattle Halter Multi Filament Polypropylene (MFP) Halters - 16mm BLACK",,"Agvance Trading Warehouse",,,,9.000,7.12,64.08
5061031802778,"Cattle Halter Multi Filament Polypropylene (MFP) Halters - 12mm RED",,"Agvance Trading Warehouse",,,,10.000,5.21,52.10
5061031802792,"Cattle Halter Multi Filament Polypropylene (MFP) Halters - 16mm RED",,"Agvance Trading Warehouse",,,,13.000,7.12,92.56
5061031802822,"Cattle Halter Multi Filament Polypropylene (MFP) Halters - 12mm WHITE",,"Agvance Trading Warehouse",,,,12.000,5.21,62.52
5061031802846,"Cattle Halter Multi Filament Polypropylene (MFP) Halters - 16mm WHITE",,"Agvance Trading Warehouse",,,,9.000,7.12,64.08
5061031803065,"Fleece Fix - 1 Litre",,"Agvance Trading Warehouse",,,,8.000,0.00,0.00
5099098105518,"Pharvet Tracel Calfmin Calf Boluses (40s)",,"Agvance Trading Warehouse",,,,0.000,0.00,0.00
5099098105563,"Pharvet Electromin High Fertility Bolus (20's)",,"Agvance Trading Warehouse",,,,11.000,0.00,0.00
5099098105563,"Pharvet Electromin High Fertility Bolus (20's)",,"Agvance Trading Warehouse",,243764,2027-09-11,11.000,0.00,0.00
5099098105600,"Osmonds Precalving Supergrazing 250 Day Bolus (Individually Sold)",,"Agvance Trading Warehouse",,,,343.000,0.00,0.00
5099098105600,"Osmonds Precalving Supergrazing 250 Day Bolus (Individually Sold)",,"Agvance Trading Warehouse",,254271,2028-10-17,343.000,0.00,0.00
5099098105723,"Pharvet Electromin Copper Plus Bolus (20's)",,"Agvance Trading Warehouse",,,,11.000,0.00,0.00
5099299004559,"Albex 10% - 5Ltrs",,"Agvance Trading Warehouse",,,,0.000,0.00,0.00
5099299004566,"Albex 10% - 2.5Ltrs",,"Agvance Trading Warehouse",,,,0.000,0.00,0.00
5099299043312,"Tribamec Duo - 2.5Litre",,"Agvance Trading Warehouse",,,,0.000,0.00,0.00
5099299043329,"Tribamec Duo - 1 Litre",,"Agvance Trading Warehouse",,,,0.000,0.00,0.00
5390851001208,"Double Sided Curry Comb",,"Agvance Trading Warehouse",,,,22.000,0.00,0.00
5390998001123,"Lugols Iodine B.P. 500ml",,"Agvance Trading Warehouse",,PB2304007,,1.000,12.00,12.00
5390998001123,"Lugols Iodine B.P. 500ml",,"Agvance Trading Warehouse",,,,11.000,12.00,132.00
5391474000067,Survivor,,"Agvance Trading Warehouse",,,,0.000,0.00,0.00
5391474000227,"Coyle's Marker Spray 450ml - Red",,"Agvance Trading Warehouse",,,,29.000,0.00,0.00
5391474000234,"Coyle's Marker Spray 450ml - Blue",,"Agvance Trading Warehouse",,,,18.000,0.00,0.00
5391474000241,"Coyle's Marker Spray 450ml - Green",,"Agvance Trading Warehouse",,,,26.000,0.00,0.00
5391474000258,"Coyle's Marker Spray 450ml - Orange",,"Agvance Trading Warehouse",,,,8.000,0.00,0.00
5391474000265,"Coyle's Marker Spray 450ml - Yellow",,"Agvance Trading Warehouse",,,,28.000,0.00,0.00
5391504730483,"Curazole 10% Drench 2.5l",,"Agvance Trading Warehouse",,,,0.000,0.00,0.00
5391507522009,"Turbo Thrive for High performance and fertility in Sheep - 1Litre",,"Agvance Trading Warehouse",,,,0.000,0.00,0.00
5391507522061,"Turbo Bio 30 ml",,"Agvance Trading Warehouse",,,,0.000,0.00,0.00
5391507522078,"Turbo Thrive For High Performance and fertility in Cattle - 5Litre",,"Agvance Trading Warehouse",,,,0.000,0.00,0.00
5391510233138,"Ectoflits / Gold Fleee Diazinon Sheep Dip 60% 3l",,"Agvance Trading Warehouse",,,,0.000,0.00,0.00
5391523180078,"Calf Saver 4 x 25ml",,"Agvance Trading Warehouse",,,,23.000,0.00,0.00
5391523180078,"Calf Saver 4 x 25ml",,"Agvance Trading Warehouse",,p339,2026-12-04,23.000,0.00,0.00
5391523180207,"Pro Cud 450g",,"Agvance Trading Warehouse",,144391,2027-01-12,17.000,0.00,0.00
5391523180207,"Pro Cud 450g",,"Agvance Trading Warehouse",,,,17.000,0.00,0.00
5391523470117,"First Energy 700g",,"Agvance Trading Warehouse",,,,0.000,0.00,0.00
5391523470315,"Super Phos",,"Agvance Trading Warehouse",,,,0.000,0.00,0.00
5391523470643,"Rumen Booster Sachets",,"Agvance Trading Warehouse",,,,91.000,0.00,0.00
5391523470698,"Calf Booster 500ml",,"Agvance Trading Warehouse",,,,0.000,0.00,0.00
5391523471282,"Lamb Aid",,"Agvance Trading Warehouse",,,,0.000,0.00,0.00
5391523471374,"Milkshake Power Colostrum - 250g",,"Agvance Trading Warehouse",,,,0.000,0.00,0.00
5391525738062,"Rezult Lamb Starter",,"Agvance Trading Warehouse",,,,0.000,15.00,0.00
5397055312260,"Deluxe Cotton Lead Ropes 12mm - Black",,"Agvance Trading Warehouse",,,,29.000,4.10,118.90
5397055312260,"Deluxe Cotton Lead Ropes 12mm - Black",,"Agvance Trading Warehouse",,,,6.000,4.10,24.60
5397055312291,"Deluxe Cotton Lead Ropes 12mm - Red",,"Agvance Trading Warehouse",,,,27.000,4.10,110.70
5397055312291,"Deluxe Cotton Lead Ropes 12mm - Red",,"Agvance Trading Warehouse",,,,12.000,4.10,49.20
5400141902389,"Miracle Cream NOVAVET",,"Agvance Trading Warehouse",,,,0.000,0.00,0.00
5414736055077,"Flectron Fly Tag",,"Agvance Trading Warehouse",,,,0.000,0.00,0.00
5420036915423,"Clikzin Pour-on 5l",,"Agvance Trading Warehouse",,,,0.000,0.00,0.00
5703188020604,"Bovivet Gel - 5l",,"Agvance Trading Warehouse",,,,1.000,0.00,0.00
5703188030887,"Krutex disposable apron 25pk",,"Agvance Trading Warehouse",,,,0.000,0.00,0.00
5703188341075,"Bovivet Gel - 1l",,"Agvance Trading Warehouse",,,,0.000,0.00,0.00
5905413683169,"Mintgel 500ml",,"Agvance Trading Warehouse",,,,30.000,0.00,0.00
5907182171403,"MilkSave 32 x 10ml Tubes",,"Agvance Trading Warehouse",,,,30.000,0.00,0.00
5907182171441,"Gut Magic – Calf Digestive Support Paste",,"Agvance Trading Warehouse",,,,140.000,0.00,0.00
5LSHEEPTURBO,"Turbo Thrive for High performance and fertility in Sheep - 5Litre",,"Agvance Trading Warehouse",,,,0.000,0.00,0.00
6012,"Wolsely Harrier Cattle Clipper",,"Agvance Trading Warehouse",,,,500.000,0.00,0.00
6036,"Sullivan's Superstick Show Sticks 54""",,"Agvance Trading Warehouse",,,,0.000,0.00,0.00
641122000105,"Lister Cavalier Comb",,"Agvance Trading Warehouse",,,,2.000,0.00,0.00
641122000488,"Lister Wizard 13 Tooth",,"Agvance Trading Warehouse",,,,3.000,0.00,0.00
641122000549,"Lister CA2/A2 Coarse",,"Agvance Trading Warehouse",,,,9.000,0.00,0.00
641122000747,"Lister A2F/AC Fine",,"Agvance Trading Warehouse",,,,16.000,0.00,0.00
641122001287,"Lister Countryman 5 Comb",,"Agvance Trading Warehouse",,,,0.000,0.00,0.00
641122001355,"Lister Countryrange Shearing pack",,"Agvance Trading Warehouse",,,,14.000,0.00,0.00
641122001362,"Lister Countryrange Cavalier Shearing Pack",,"Agvance Trading Warehouse",,,,1.000,0.00,0.00
641122004271,"Lister Rampage Cutter Blades",,"Agvance Trading Warehouse",,,,27.000,0.00,0.00
641122006244,"Lister Fusion Clippers",,"Agvance Trading Warehouse",,,,15.000,0.00,0.00
641122006473,"Lister Eclipse Spare Battery",,"Agvance Trading Warehouse",,,,3.000,0.00,0.00
641122006589,"Lister Star Clipper",,"Agvance Trading Warehouse",,,,2.000,0.00,0.00
658261214102,"Primatech 12.5ml Injector c/w 3 caps",,"Agvance Trading Warehouse",,,,1.000,0.00,0.00
658261345110,"Prima Tech Floating hook and Adaptor",,"Agvance Trading Warehouse",,,,5.000,0.00,0.00
658261346568,"Primatech Drencher and Floating hook 70ml",,"Agvance Trading Warehouse",,,,2.000,0.00,0.00
658261364081,"Philips 60ml Auto Drencher",,"Agvance Trading Warehouse",,,,6.000,0.00,0.00
688499142168,"Wash Mitt Brush",,"Agvance Trading Warehouse",,,,0.000,0.00,0.00
727775120091,"Heavy Duty American Comb - 9""",,"Agvance Trading Warehouse",,,,4.000,0.00,0.00
727775120145,"Heavy Duty American Comb - 6""",,"Agvance Trading Warehouse",,,,0.000,0.00,0.00
727775182006,"American Alloy/Brass Nose Lead - Alloy",,"Agvance Trading Warehouse",,,,200.000,0.00,0.00
727775182051,"American Alloy/Brass Nose Lead - Brass",,"Agvance Trading Warehouse",,,,9.000,0.00,0.00
727775581021,"Doc Brannens Grooming Adhesive - Clear / Black - Clear",,"Agvance Trading Warehouse",,,,7.000,0.00,0.00
727775581069,"Doc Brennans Final Mist",,"Agvance Trading Warehouse",,,,20.000,0.00,0.00
727775581182,"Doc Brannens Clear Magic/Black Magic - Black",,"Agvance Trading Warehouse",,,,0.000,0.00,0.00
727908836295,"Warts OFF",,"Agvance Trading Warehouse",,,,5.000,0.00,0.00
731141000405,"Adjustable Show Stick - Black",,"Agvance Trading Warehouse",,,,11.000,31.96,351.56
738623000410,"Denman Topline Brush",,"Agvance Trading Warehouse",,,,4.000,0.00,0.00
739090000125,"Chanverm Plus Oral Drench",,"Agvance Trading Warehouse",,,,0.000,0.00,0.00
739090000286,"Albex 10% - 1Ltr",,"Agvance Trading Warehouse",,,,0.000,0.00,0.00
739090000316,"Albex 2.5% - 1L",,"Agvance Trading Warehouse",,,,1.000,0.00,0.00
739090000323,"Albex 2.5% - 2.5L",,"Agvance Trading Warehouse",,,,0.000,0.00,0.00
739090001085,"Animec Injection - 250ml",,"Agvance Trading Warehouse",,,,1.000,0.00,0.00
739090001122,"Animec Injection - 500ml",,"Agvance Trading Warehouse",,,,0.000,0.00,0.00
739090003188,"Animec Pour-on",,"Agvance Trading Warehouse",,,,0.000,0.00,0.00
739090005069,"Animec Super Injection - 500ml",,"Agvance Trading Warehouse",,,,0.000,0.00,0.00
739090005076,"Animec Super Injection - 250ml",,"Agvance Trading Warehouse",,,,0.000,0.00,0.00
739090019127,"Dycoxan Oral Suspension - 2.5L",,"Agvance Trading Warehouse",,,,0.000,0.00,0.00
739090024657,"Albex Gold 5ltrs",,"Agvance Trading Warehouse",,,,0.000,0.00,0.00
739090027122,"Tribex 5% - 2.2Litre",,"Agvance Trading Warehouse",,,,0.000,0.00,0.00
739090027184,"Rumenil Fluke Drench 5l",,"Agvance Trading Warehouse",,,,0.000,0.00,0.00
739090027580,"Chanatol Oral Drench - 5L",,"Agvance Trading Warehouse",,,,0.000,0.00,0.00
751374175756,"Sullivan's Tail Clamp",,"Agvance Trading Warehouse",,,,14.000,0.00,0.00
7613073000179,"Heiniger Ovina",,"Agvance Trading Warehouse",,,,7.000,0.00,0.00
7613073000254,"Heiniger Diamond Cutter",,"Agvance Trading Warehouse",,,,12.000,0.00,0.00
7613073031289,"Heiniger Blades - Coarse 21/23",,"Agvance Trading Warehouse",,,,6.000,0.00,0.00
7613073031364,"Heiniger Blades - Fine 31/15",,"Agvance Trading Warehouse",,,,7.000,0.00,0.00
7613073035157,"Heiniger Blades 31/23",,"Agvance Trading Warehouse",,,,2.000,0.00,0.00
7613073041240,"Heiniger Blades 18/15",,"Agvance Trading Warehouse",,,,1.000,0.00,0.00
7613073042216,"Heiniger Cordless Xplorer Spare Battery New Model",,"Agvance Trading Warehouse",,,,2.000,0.00,0.00
7613073042636,"Cattle Clipper - Heiniger Xplorer Clipper 2 Batteries Included",,"Agvance Trading Warehouse",,,,1.000,0.00,0.00
799439633537,"IMEC Pour-on 5l",,"Agvance Trading Warehouse",,,,0.000,0.00,0.00
799439633551,"IMEC Injection",,"Agvance Trading Warehouse",,,,0.000,0.00,0.00
8051,"Medium Steel Show Box",,"Agvance Trading Warehouse",,,,0.000,0.00,0.00
8057,"Sullivan's 5' Upright Dolly Box",,"Agvance Trading Warehouse",,,,0.000,0.00,0.00
810034064967,"Sullivans BlackOut Spray",,"Agvance Trading Warehouse",,,,30.000,0.00,0.00
813170020002,"Sullivan's Powder'ful Black",,"Agvance Trading Warehouse",,,,6.000,0.00,0.00
813170020149,"Sullivan's Soap Foamer",,"Agvance Trading Warehouse",,,,3.000,0.00,0.00
813170020224,"Sullivans Touch Up Spray All Shades - silver fox",,"Agvance Trading Warehouse",,,,9.000,0.00,0.00
813170020231,"Sullivans Touch Up Spray All Shades - blondie",,"Agvance Trading Warehouse",,,,10.000,0.00,0.00
813170020699,"Sullivan Sensation Curve Brush",,"Agvance Trading Warehouse",,,,4.000,0.00,0.00
813170020712,"Smart Sensation Brush",,"Agvance Trading Warehouse",,,,5.000,0.00,0.00
813170021696,"Sullivan's Roto Fluffer brush",,"Agvance Trading Warehouse",,,,0.000,0.00,0.00
813170021917,"Sullivan's Training Halter - Green & White",,"Agvance Trading Warehouse",,,,0.000,7.50,0.00
813170021931,"Sullivan's Training Halter - Maroon & White",,"Agvance Trading Warehouse",,,,4.000,7.50,30.00
813170021979,"Sullivan's Training Halter - Pink & White",,"Agvance Trading Warehouse",,,,0.000,7.50,0.00
813170021993,"Sullivan's Training Halter - Purple & White",,"Agvance Trading Warehouse",,,,0.000,7.50,0.00
813170022099,"Sullivan's ""Superstick"" ShowStick - Black / 60in",,"Agvance Trading Warehouse",,,,21.000,0.00,0.00
813170022242,"Sullivan's ""Superstick"" ShowStick - Silver / 60in",,"Agvance Trading Warehouse",,,,21.000,0.00,0.00
813170022280,"Sullivan's ""Superstick"" ShowStick - Blue / 60in",,"Agvance Trading Warehouse",,,,22.000,0.00,0.00
813170022303,"Sullivan Carbon Fibre Show Stick",,"Agvance Trading Warehouse",,,,9.000,0.00,0.00
813170023430,"Express Fogger",,"Agvance Trading Warehouse",,,,6.000,0.00,0.00
813170023614,"Sullivans Wonder Wool",,"Agvance Trading Warehouse",,,,3.000,0.00,0.00
813170027148,"Sullivans Touch Up Spray All Shades - fawn",,"Agvance Trading Warehouse",,,,1.000,0.00,0.00
813170027179,"Sullivans Touch Up Spray All Shades - dark crimson",,"Agvance Trading Warehouse",,,,0.000,0.00,0.00
813170027186,"Sullivans Touch Up Spray All Shades - brick",,"Agvance Trading Warehouse",,,,4.000,0.00,0.00
813170027209,"Sullivans Touch Up Spray All Shades - copper",,"Agvance Trading Warehouse",,,,3.000,0.00,0.00
813170027278,"Sullivan's Relax Hair Straightener",,"Agvance Trading Warehouse",,,,9.000,0.00,0.00
813170027308,"Sullivans 360 Brush",,"Agvance Trading Warehouse",,,,5.000,0.00,0.00
813170028039,"Sullivan's Training Halter - Blue & Grey",,"Agvance Trading Warehouse",,,,1.000,7.50,7.50
813170028145,"Sullivan Teflon Fluffer Comb",,"Agvance Trading Warehouse",,,,5.000,0.00,0.00
813171000787,"Sullivan's The Hair Wizard Comb - 6 inch",,"Agvance Trading Warehouse",,,,1.000,0.00,0.00
813171000850,"Sullivan Teflon Comb",,"Agvance Trading Warehouse",,,,4.000,0.00,0.00
818582010368,"Vetericyn Super 7+ Navel Dip - 500ml Spray",,"Agvance Trading Warehouse",,,,19.000,0.00,0.00
82391156436,"Bess Small Animal Feeding Bottle 1l",,"Agvance Trading Warehouse",,,,0.000,0.00,0.00
8424775201028,"Rubber Feed Skip 20lr",,"Agvance Trading Warehouse",,,,0.000,0.00,0.00
84369000031,"Rubber Feed Skip 11lr",,"Agvance Trading Warehouse",,,,0.000,0.00,0.00
847,"Sullivan's Revive Skin and Hair Conditioner",,"Agvance Trading Warehouse",,,,0.000,0.00,0.00
852082000023,"Sullivan's Prime Time Adhesive (Black or Clear) - Clear",,"Agvance Trading Warehouse",,,,33.000,0.00,0.00
852082000030,"Sullivan's Tail Adhesive",,"Agvance Trading Warehouse",,,,14.000,0.00,0.00
852082000078,"Sullivan's Ultra White Touch Up",,"Agvance Trading Warehouse",,,,41.000,0.00,0.00
852082000085,"Sullivan's Styling Mousse Clear to White",,"Agvance Trading Warehouse",,,,16.000,0.00,0.00
852082000108,"Sullivan's Hocus Pocus",,"Agvance Trading Warehouse",,,,2.000,0.00,0.00
852082000115,"Sullivan's Revive Skin & Hair Conditioner",,"Agvance Trading Warehouse",,,,58.000,0.00,0.00
852082000177,"Sullivan's Zoom Bloom",,"Agvance Trading Warehouse",,,,6.000,0.00,0.00
852082000207,"Sullivan's Kleen Sheen - 945ml",,"Agvance Trading Warehouse",,,,3.000,0.00,0.00
852082000238,"Sullivan's Bright Lights Whitening Shampoo 946ml",,"Agvance Trading Warehouse",,,,1.000,16.76,16.76
852082000269,"Sullivan's Double Dip",,"Agvance Trading Warehouse",,,,3.000,0.00,0.00
852082000290,"Coyle's Marker Spray 450ml - Black",,"Agvance Trading Warehouse",,,,7.000,0.00,0.00
852082000566,"Black Velvet Hair Dye",,"Agvance Trading Warehouse",,,,0.000,0.00,0.00
852082000795,"Flex Mitt",,"Agvance Trading Warehouse",,,,4.000,0.00,0.00
852082000863,"Sullivan's Top Gun Pump Sprayer",,"Agvance Trading Warehouse",,,,1.000,0.00,0.00
852082000924,"Sullivan's Hair Savior 3.78litre",,"Agvance Trading Warehouse",,,,1.000,0.00,0.00
852082000986,"Sullivan's Shock 945ml",,"Agvance Trading Warehouse",,,,1.000,0.00,0.00
856102008105,"Attitude Adjustment Livestock Calming Tube",,"Agvance Trading Warehouse",,,,0.000,0.00,0.00
85845412058,"Kow Chin Ball Fluid 1 Gal - Blue",,"Agvance Trading Warehouse",,,,1.000,0.00,0.00
85845412072,"Kow Chin Ball Fluid 1 Gal - Magenta",,"Agvance Trading Warehouse",,,,1.000,0.00,0.00
862364000405,"Orvus Paste Soap 3.4kg",,"Agvance Trading Warehouse",,,,7.000,0.00,0.00
865801,"Nitrile Gloves",,"Agvance Trading Warehouse",,,,0.000,0.00,0.00
8711500575210,"Ifra Bulb 250watt",,"Agvance Trading Warehouse",,,,1.000,0.00,0.00
8713184091345,"Eprinex Multi Pour-on - 2.5l",,"Agvance Trading Warehouse",,,,0.000,0.00,0.00
8713184212641,"Vecoxan - 1 Litre",,"Agvance Trading Warehouse",,,,0.000,0.00,0.00
8713296012498,"Intra Repiderma Spray (250 ml)",,"Agvance Trading Warehouse",,,,17.000,0.00,0.00
8716759547704,"Novavet Mastomint Cool-Gel",,"Agvance Trading Warehouse",,,,0.000,0.00,0.00
8mmCOTTONBLACK,"Cotton Show Halters - 8mm / Black",,"Agvance Trading Warehouse",,,,6.000,6.50,39.00
903,"Sheep Halters Natural Cotton 8mm",,"Agvance Trading Warehouse",,,,0.000,0.00,0.00
9417027164799,"Sheep Restrainer - large",,"Agvance Trading Warehouse",,,,2.000,7.80,15.60
9417027168926,"Calf Leg Splint - Front",,"Agvance Trading Warehouse",,,,0.000,0.00,0.00
9417027177249,"Speedy Drencher - 2.5Ltrs",,"Agvance Trading Warehouse",,,,0.000,0.00,0.00
9417027199401,"Easy Drencher 1.2l",,"Agvance Trading Warehouse",,,,0.000,0.00,0.00
9417027200640,"Shoof Big drencher 2.5L",,"Agvance Trading Warehouse",,,,0.000,0.00,0.00
9417027200923,"Speedy Drencher - 4Ltrs",,"Agvance Trading Warehouse",,,,0.000,0.00,0.00
9417027206703,"Tailwell Hair Remover",,"Agvance Trading Warehouse",,,,1.000,0.00,0.00
9417027231972,"Shoof Chin Ball Harness",,"Agvance Trading Warehouse",,,,2.000,0.00,0.00
9421015580256,"Mating Mark Ram Crayon - Yellow",,"Agvance Trading Warehouse",,,,4.000,0.00,0.00
9421015580263,"Mating Mark Ram Crayon - Orange",,"Agvance Trading Warehouse",,,,3.000,0.00,0.00
9421015580287,"Mating Mark Ram Crayon - Green",,"Agvance Trading Warehouse",,,,0.000,0.00,0.00
9421015580300,"Mating Mark Ram Crayon - Blue",,"Agvance Trading Warehouse",,,,0.000,0.00,0.00
9421015582571,"Mating Mark Ram Crayon - Black",,"Agvance Trading Warehouse",,,,4.000,0.00,0.00
9421904214323,"Trusti Colostrum Bag 10 Pack",,"Agvance Trading Warehouse",,,,5.000,0.00,0.00
9421904214903,"Trusti Feeder",,"Agvance Trading Warehouse",,,,7.000,0.00,0.00
9780201379624,"Novavet Warts, Angleberry & Cow Pox Treatment 500ml (WAC Spray)",,"Agvance Trading Warehouse",,,,0.000,0.00,0.00
9900000419967,"Cheviot Sheep Colouring Powders 45g - Swaledale Black",,"Agvance Trading Warehouse",,,,10.000,0.00,0.00
9900000419974,"Cheviot Sheep Colouring Powders 45g - Bloom",,"Agvance Trading Warehouse",,,,8.000,0.00,0.00
9900000419981,"Cheviot Sheep Colouring Powders 45g - West Country",,"Agvance Trading Warehouse",,,,14.000,0.00,0.00
9900000419998,"Cheviot Sheep Colouring Powders 45g - Greyface Brown",,"Agvance Trading Warehouse",,,,11.000,0.00,0.00
9900000420000,"Cheviot Sheep Colouring Powders 45g - Mule",,"Agvance Trading Warehouse",,,,9.000,0.00,0.00
9900000420017,"Cheviot Sheep Colouring Powders 45g - Gold Fleece",,"Agvance Trading Warehouse",,,,13.000,0.00,0.00
ACRALUBE1L,"Acralube - 1 Litre",,"Agvance Trading Warehouse",,,,0.000,2.47,0.00
ACRALUBE2.5L,"Acralube - 2.5 Litre",,"Agvance Trading Warehouse",,,,0.000,8.12,0.00
ADUQD,Aquadyne,,"Agvance Trading Warehouse",,,,0.000,0.00,0.00
AESCULAPBLASE510,"Aesculap Blade GT510",,"Agvance Trading Warehouse",,,,6.000,0.00,0.00
AESCULAPKNIFEEBL,"Aesculap Hoof Knife - Left Hand / Ebony",,"Agvance Trading Warehouse",,,,0.000,0.00,0.00
AESCULAPKNIFEEBR,"Aesculap Hoof Knife - Right Hand / Ebony",,"Agvance Trading Warehouse",,,,0.000,0.00,0.00
AESCULAPKNIFERWL,"Aesculap Hoof Knife - Left Hand / Redwood",,"Agvance Trading Warehouse",,,,1.000,0.00,0.00
AESCULAPKNIFERWR,"Aesculap Hoof Knife - Right Hand / Redwood",,"Agvance Trading Warehouse",,,,5.000,0.00,0.00
AESU5,"Aesculap Blade GT506",,"Agvance Trading Warehouse",,,,0.000,0.00,0.00
AF13863,"Suevia drinker black",,"Agvance Trading Warehouse",,,,0.000,0.00,0.00
AGORGANICCATTLE18KG,"Agvance Organic Cattle Mineral Bucket",,"Agvance Trading Warehouse",,,,41.000,0.00,0.00
AGORGANICSHEEP18KG,"Agvance Organic Sheep Mineral Bucket",,"Agvance Trading Warehouse",,3800,2027-04-22,23.000,0.00,0.00
AGRIGEL5L,"Agri Gel / Agri Lube",,"Agvance Trading Warehouse",,,,0.000,0.00,0.00
"AGRIHEALTHLUBE1 LITRE","Agrihealth AgriLube - 1 litre",,"Agvance Trading Warehouse",,,,7.000,0.00,0.00
agrihealthlube2.5litre,"Agrihealth AgriLube - 2.5 litre",,"Agvance Trading Warehouse",,,,3.000,0.00,0.00
AGRIMIN24.7STPLUSCALFWCOPPER,"Agrimin 24.7 Smartrace Plus Calf Bolus With Copper 20's",,"Agvance Trading Warehouse",,,,0.000,0.00,0.00
AGRIMINCAL12,"Agrimin 24.7 Calcium Bolus 12's",,"Agvance Trading Warehouse",,,,0.000,0.00,0.00
AGRIMINCATTLEBOLUSAPPA,"Agrimin Cattle Bolus Applicator A",,"Agvance Trading Warehouse",,,,0.000,0.00,0.00
AGRIMINCATTLEBOLUSAPPB,"Agrimin Cattle Bolus Applicator B",,"Agvance Trading Warehouse",,,,0.000,0.00,0.00
AGRIMINSHEEPAPPLICATORA,"Bolus Applicator A Agrimin Sheep",,"Agvance Trading Warehouse",,,,0.000,0.00,0.00
AGRITOX10L,"Agritox MCPA (NU46) 10 Litre Spray",,"Agvance Trading Warehouse",,,,0.000,0.00,0.00
AGVANCEFOOTSHEARS,"Agvance Footrot Shears",,"Agvance Trading Warehouse",,,,49.000,0.00,0.00
AGVANCEGARLIC18KG,"Garlic Seaweed Mineral Bucket 18kg",,"Agvance Trading Warehouse",,140825,2027-02-14,56.000,0.00,0.00
AGVANCEGARLIC18KG,"Garlic Seaweed Mineral Bucket 18kg",,"Agvance Trading Warehouse",,,,0.000,0.00,0.00
AGVANCEGARLIC20KG,"AGVANCE NUTRITION GARLIC 20KG",,"Agvance Trading Warehouse",,220524,2025-11-22,1.000,0.00,0.00
AGVANCEGARLIC20KG,"AGVANCE NUTRITION GARLIC 20KG",,"Agvance Trading Warehouse",,,,1.000,0.00,0.00
AGVANCEHAT,"FREE Hat — €80+ Orders Only",,"Agvance Trading Warehouse",,,,107.000,0.00,0.00
AGVANCEPRECALVER18KG,"Pre Calver Plus Mineral bucket",,"Agvance Trading Warehouse",,190326,2027-09-19,160.000,0.00,0.00
AGVANCESEAWEEDPOWDER3KG,"Agvance Seaweed Powder 3kg + 500g Free",,"Agvance Trading Warehouse",,,,0.000,0.00,0.00
AGVBLACKFLATLEATHERM,"Agvance Flat leather Show Halter - Medium - Black",,"Agvance Trading Warehouse",,,,45.000,0.00,0.00
AGVBROWNFLATHALTERM,"Agvance Flat leather Show Halter - Medium - Brown",,"Agvance Trading Warehouse",,,,4.000,0.00,0.00
AGVEZBR10,"Agvance Nutrition EZ Breathe - Respiratory support for cattle, sheep and horses - 10 pack",,"Agvance Trading Warehouse",,,,0.000,0.00,0.00
AGVEZBR20,"Agvance Nutrition EZ Breathe - Respiratory support for cattle, sheep and horses - 20 pack",,"Agvance Trading Warehouse",,,,0.000,0.00,0.00
AGVEZBR5,"Agvance Nutrition EZ Breathe - Respiratory support for cattle, sheep and horses - 5 pack",,"Agvance Trading Warehouse",,,,0.000,0.00,0.00
AGVHANDSHEARS,"Traditional Double Bow Hand Shears",,"Agvance Trading Warehouse",,,,0.000,0.00,0.00
AGVORGFLY,"Agvance Organic Fly",,"Agvance Trading Warehouse",,,,0.000,0.00,0.00
ALLGUARD4IN1SHEEPBOLUS100,"All Guard Sheep and Lamb Bolus 4 In 1 - 100",,"Agvance Trading Warehouse",,,,0.000,0.00,0.00
ALLGUARD4IN1SHEEPBOLUS250,"All Guard Sheep and Lamb Bolus 4 In 1 - 250",,"Agvance Trading Warehouse",,,,0.000,0.00,0.00
ALLGUARD5IN1,"All Guard 5 In 1 Ewe Bolus - 250's",,"Agvance Trading Warehouse",,,,0.000,0.00,0.00
ALLGUARD5IN1100,"All Guard 5 In 1 Ewe Bolus - 100's",,"Agvance Trading Warehouse",,,,0.000,0.00,0.00
ALLGUARDAPP,"All Guard 5 In 1 Sheep Bolus Applicator",,"Agvance Trading Warehouse",,,,0.000,0.00,0.00
ALLSURE50,"All Sure Sheep & Lamb Boluses - 50's",,"Agvance Trading Warehouse",,,,0.000,0.00,0.00
ALLSURESHEEP,"All Sure Sheep & Lamb Boluses - 100's",,"Agvance Trading Warehouse",,,,0.000,0.00,0.00
ALLSURESHEEPCU,"All Sure Sheep with Copper 100's",,"Agvance Trading Warehouse",,,,0.000,0.00,0.00
ALLSURESHEEPLAMBBOLUS200,"All Sure Sheep & Lamb Boluses - 200's",,"Agvance Trading Warehouse",,,,0.000,0.00,0.00
ALLSURESHEP,"Allsure Sheep Bolus Applicator",,"Agvance Trading Warehouse",,,,3.000,10.00,30.00
ALPACADRENCH,"Alpaca Drench 500ml",,"Agvance Trading Warehouse",,,,4.000,0.00,0.00
ALUMINIUMSPRAY,"Aluminium Spray (Animedica) 200ml",,"Agvance Trading Warehouse",,,,11.000,8.13,89.43
AMBICCOIL,"Ambic Coil",,"Agvance Trading Warehouse",,,,0.000,0.00,0.00
AMBICSAMPLER,"Ambic Milk Sampler",,"Agvance Trading Warehouse",,,,0.000,0.00,0.00
AMERICANWASH,"Cattle Halter - American Wash Halters - Black & White",,"Agvance Trading Warehouse",,,,9.000,0.00,0.00
AMERICANWASHg,"Cattle Halter - American Wash Halters - Green & White",,"Agvance Trading Warehouse",,,,0.000,0.00,0.00
ANDISAGC,"Cattle Clipper Andis AGC Super 2 Speed Clipper",,"Agvance Trading Warehouse",,,,496.000,0.00,0.00
ANDISCERAMIC40,"Clipper Blades Andis Ceramic Edge No. 40",,"Agvance Trading Warehouse",,,,10.000,0.00,0.00
ANDISCERAMIC50,"Clipper Blades Andis Ceramic Edge No. 50",,"Agvance Trading Warehouse",,,,0.000,0.00,0.00
ANDISCORD,"Andis Cordless Trimmer",,"Agvance Trading Warehouse",,,,0.000,0.00,0.00
ANDISSHOWEDGE,"Andis ShowEdge Surgical",,"Agvance Trading Warehouse",,,,0.000,0.00,0.00
AQU,Aquasel,,"Agvance Trading Warehouse",,,,0.000,0.00,0.00
AQUACOPP,Aquacopp,,"Agvance Trading Warehouse",,,,0.000,0.00,0.00
AVIANCALCIBLUE,"Avian Calci-Blue Plus 500ml",,"Agvance Trading Warehouse",,,,1.000,0.00,0.00
AVIBOOST-TONIC,"Aviboost Pigeon Tonic 500ml",,"Agvance Trading Warehouse",,,,2.000,0.00,0.00
Ba,"Bactakil Purple Spray",,"Agvance Trading Warehouse",,,,0.000,0.00,0.00
BACTAKILLPURPLE,"Osmonds Bactakil Purple Spray",,"Agvance Trading Warehouse",,,,500.000,0.00,0.00
BACTONATURESPRAY,"Osmonds Bac to Nature Spray 500ml",,"Agvance Trading Warehouse",,,,3.000,0.00,0.00
BEEFCOPPERPLUS20KG,"Beef Digest Copper Plus Block 20kg",,"Agvance Trading Warehouse",,,,379.000,0.00,0.00
BEEFCOPPERPLUS20KG-1,"Beef Digest Copper Plus Block 20kg - 1 Pack",,"Agvance Trading Warehouse",,,,373.000,0.00,0.00
BEEFCOPPERPLUS20KG-2,"Beef Digest Copper Plus Block 20kg - 15 Packs + Metal Holder",,"Agvance Trading Warehouse",,,,0.000,0.00,0.00
BEEFCOPPERPLUS20KG-3,"Beef Digest Copper Plus Block 20kg - 20 Packs + Metal Holder",,"Agvance Trading Warehouse",,,,0.000,0.00,0.00
BEEFCOPPERPLUS20KG-4,"Beef Digest Copper Plus Block 20kg - 30 Packs, 2 x Metal Holders, Jacket",,"Agvance Trading Warehouse",,,,0.000,0.00,0.00
BEEFGROOMINGKITBLUEHALTER,"Beef Grooming Kit - Blue",,"Agvance Trading Warehouse",,,,0.000,89.95,0.00
BEEFGROOMINGKITWHITEHALTERNEW,"Beef Grooming Kit - White",,"Agvance Trading Warehouse",,,,1.000,89.95,89.95
BEKINAFULLSAFET10,"Bekina Steplite X Full Safety Wellingtons - UK 10",,"Agvance Trading Warehouse",,,,0.000,0.00,0.00
BEKINAFULLSAFETY11,"Bekina Steplite X Full Safety Wellingtons - UK 11",,"Agvance Trading Warehouse",,,,0.000,0.00,0.00
BEKINAFULLSAFETY12,"Bekina Steplite X Full Safety Wellingtons - UK12",,"Agvance Trading Warehouse",,,,0.000,0.00,0.00
BEKINAFULLSAFETY7,"Bekina Steplite X Full Safety Wellingtons - UK 7",,"Agvance Trading Warehouse",,,,0.000,0.00,0.00
BEKINAFULLSAFETY8,"Bekina Steplite X Full Safety Wellingtons - UK 8",,"Agvance Trading Warehouse",,,,0.000,0.00,0.00
BEKINAFULLSAFETY9,"Bekina Steplite X Full Safety Wellingtons - UK 9",,"Agvance Trading Warehouse",,,,0.000,0.00,0.00
BEKINASTEPLITEWELLINGTONS10,"Bekina Wellingtons - Steplite X Wellingtons - UK10",,"Agvance Trading Warehouse",,,,0.000,0.00,0.00
BEKINASTEPLITEWELLINGTONS11,"Bekina Wellingtons - Steplite X Wellingtons - UK11",,"Agvance Trading Warehouse",,,,0.000,0.00,0.00
BEKINASTEPLITEWELLINGTONS12,"Bekina Wellingtons - Steplite X Wellingtons - UK12",,"Agvance Trading Warehouse",,,,0.000,0.00,0.00
BEKINASTEPLITEWELLINGTONS7,"Bekina Wellingtons - Steplite X Wellingtons - UK 7",,"Agvance Trading Warehouse",,,,0.000,0.00,0.00
BEKINASTEPLITEWELLINGTONS8,"Bekina Wellingtons - Steplite X Wellingtons - UK8",,"Agvance Trading Warehouse",,,,0.000,0.00,0.00
BEKINASTEPLITEWELLINGTONS9,"Bekina Wellingtons - Steplite X Wellingtons - UK9",,"Agvance Trading Warehouse",,,,0.000,0.00,0.00
BESTINCLASSKIDSHOODIE11-12Y,"Best In Class' Kids Hoodie - Age 11-12",,"Agvance Trading Warehouse",,,,10.000,0.00,0.00
BESTINCLASSKIDSHOODIE13-14y,"Best In Class' Kids Hoodie - Age 13-14",,"Agvance Trading Warehouse",,,,0.000,0.00,0.00
BESTINCLASSKIDSHOODIE3-4Y,"Best In Class' Kids Hoodie - Age 3-4y",,"Agvance Trading Warehouse",,,,0.000,0.00,0.00
BESTINCLASSKIDSHOODIE5-6Y,"Best In Class' Kids Hoodie - Age 5-6y",,"Agvance Trading Warehouse",,,,0.000,0.00,0.00
BESTINCLASSKIDSHOODIE7-8Y,"Best In Class' Kids Hoodie - Age 7-8y",,"Agvance Trading Warehouse",,,,0.000,0.00,0.00
BESTINCLASSKIDSHOODIE9-10Y,"Best In Class' Kids Hoodie - Age 9-10",,"Agvance Trading Warehouse",,,,0.000,0.00,0.00
BETAOVERTROUSERL,"ISO940 MENS OVERTROUSER BETACRAFT - Large",,"Agvance Trading Warehouse",,,,0.000,0.00,0.00
BETAOVERTROUSERM,"ISO940 MENS OVERTROUSER BETACRAFT - Medium",,"Agvance Trading Warehouse",,,,0.000,0.00,0.00
BETAOVERTROUSERSM,"ISO940 MENS OVERTROUSER BETACRAFT - Small",,"Agvance Trading Warehouse",,,,0.000,0.00,0.00
BETAOVERTROUSERXL,"ISO940 MENS OVERTROUSER BETACRAFT - X Large",,"Agvance Trading Warehouse",,,,0.000,0.00,0.00
BETAOVERTROUSERXXL,"ISO940 MENS OVERTROUSER BETACRAFT - XXLarge",,"Agvance Trading Warehouse",,,,0.000,0.00,0.00
BETAOVERTROUSERXXXL,"ISO940 MENS OVERTROUSER BETACRAFT - XXXLarge",,"Agvance Trading Warehouse",,,,0.000,0.00,0.00
BetaVestLARGE,"ISO940 Vest Betacraft - Large",,"Agvance Trading Warehouse",,,,0.000,0.00,0.00
BetaVestMEDIUM,"ISO940 Vest Betacraft - Medium",,"Agvance Trading Warehouse",,,,0.000,0.00,0.00
BetaVestSMALL,"ISO940 Vest Betacraft - Small",,"Agvance Trading Warehouse",,,,0.000,0.00,0.00
BetaVestXLARGE,"ISO940 Vest Betacraft - X Large",,"Agvance Trading Warehouse",,,,0.000,0.00,0.00
BetaVestXXLARGE,"ISO940 Vest Betacraft - XX Large",,"Agvance Trading Warehouse",,,,0.000,0.00,0.00
BIMINJ,"Bimectin Plus Injection - 500ml",,"Agvance Trading Warehouse",,,,0.000,0.00,0.00
Bl124,"Andis Blades",,"Agvance Trading Warehouse",,,,0.000,0.00,0.00
BLACKANDTEALTRAININGHALTER,"Sullivan's Training Halter - Black and Teal",,"Agvance Trading Warehouse",,,,0.000,0.00,0.00
BLACKCOTTON12,"Cotton Show Halters - 12mm / Black",,"Agvance Trading Warehouse",,,,13.000,0.00,0.00
BLACKCOTTONLEAD,"Deluxe Cotton Lead Ropes 14mm - Black / 1",,"Agvance Trading Warehouse",,,,0.000,0.00,0.00
BLACKCOTTONLEAD10,"Deluxe Cotton Lead Ropes 14mm - Black / 10",,"Agvance Trading Warehouse",,,,0.000,0.00,0.00
BLACKFINISHER,"Sullivans Black Finisher",,"Agvance Trading Warehouse",,,,0.000,0.00,0.00
BLACKFLATLEATHERHALTERLGE,"Sullivan's Flat Strap Leather Show Halter - Black / Bull/Cow",,"Agvance Trading Warehouse",,,,4.000,0.00,0.00
BLACKFLATLEATHERHALTERMED,"Sullivan's Flat Strap Leather Show Halter - Black / Young Bull/Heifer",,"Agvance Trading Warehouse",,,,5.000,0.00,0.00
BLACKFLATLEATHERHALTERSML,"Sullivan's Flat Strap Leather Show Halter - Black / Calf",,"Agvance Trading Warehouse",,,,3.000,0.00,0.00
BLACKGLOVESL,"Black Nitrile Milking Gloves (100 Pack) - Large",,"Agvance Trading Warehouse",,,,0.000,0.00,0.00
BLACKGLOVESXL,"Black Nitrile Milking Gloves (100 Pack) - X Large",,"Agvance Trading Warehouse",,,,0.000,0.00,0.00
BLACKLEATHERROPE,"Black Leather Lead Ropes",,"Agvance Trading Warehouse",,,,0.000,0.00,0.00
BLACKROLLEDLEATHERGUNMETALLGE,"Black Leather Gun Metal Halter - Cow/Bull",,"Agvance Trading Warehouse",,,,0.000,47.96,0.00
BLACKROLLEDLEATHERGUNMETALMED,"Black Leather Gun Metal Halter - Young Bull/Heifer",,"Agvance Trading Warehouse",,,,0.000,47.96,0.00
BLACKROLLEDLEATHERGUNMETALSML,"Black Leather Gun Metal Halter - Calf",,"Agvance Trading Warehouse",,,,0.000,47.96,0.00
BLACKROLLEDLEATHERHALTERLGE,"Sullivan's Classic Rolled Leather Halters - Black / Cow",,"Agvance Trading Warehouse",,,,1.000,0.00,0.00
BLACKROLLEDLEATHERHALTERMED,"Sullivan's Classic Rolled Leather Halters - Black / Heifer",,"Agvance Trading Warehouse",,,,3.000,0.00,0.00
BLACKROLLEDLEATHERHALTERSML,"Sullivan's Classic Rolled Leather Halters - Black / Calf",,"Agvance Trading Warehouse",,,,1.000,0.00,0.00
BLACKSUPERSTICK54IN,"Sullivan's ""Superstick"" ShowStick - Black / 54in",,"Agvance Trading Warehouse",,,,4.000,0.00,0.00
BLACKTEAT,"Milk Bar Black Teat",,"Agvance Trading Warehouse",,,,30.000,2.75,82.50
BLACKTRAININGHALTER,"Sullivan's Training Halter - Black",,"Agvance Trading Warehouse",,,,0.000,0.00,0.00
BLACKWHITETRAININGHALTER,"Sullivan's Training Halter - Black & White",,"Agvance Trading Warehouse",,,,0.000,0.00,0.00
blksalt,"Black Himalayan Salt - 100kg",,"Agvance Trading Warehouse",,,,10.000,0.00,0.00
BLOHOSE,"Blo i400 / i200 Hose",,"Agvance Trading Warehouse",,,,3.000,0.00,0.00
BLUEPOLY,"Poly Halters - 12mm Blue",,"Agvance Trading Warehouse",,,,2.000,0.00,0.00
BLUETEALGRAYTRAININGHALTER,"Sullivan's Training Halter - Blue-Teal-Gray",,"Agvance Trading Warehouse",,,,0.000,0.00,0.00
BOBOTEMPLEYELLOW1kg,"Bob Temple Charo Soap - 1kg / Yellow",,"Agvance Trading Warehouse",,,,3.000,0.00,0.00
BOBTEMPLEBLACK1kg,"Bob Temple Black Soap - 1kg",,"Agvance Trading Warehouse",,,,0.000,14.25,0.00
BOBTEMPLEBLACK2.5KG,"Bob Temple Black Soap - 2.5kg",,"Agvance Trading Warehouse",,,,4.000,26.35,105.40
BOBTEMPLECREAM1kg,"Bob Temple Charo Soap - 1kg / Cream",,"Agvance Trading Warehouse",,,,11.000,12.00,132.00
BOBTEMPLECREAM2.5KG,"Bob Temple Charo Soap - 2.5kg / Cream",,"Agvance Trading Warehouse",,,,8.000,21.75,174.00
BobTEMPLELIM?HERE!KG,"Bob Temple Limousin & Hereford Dark Soap - 1kg",,"Agvance Trading Warehouse",,,,2.000,14.25,28.50
BOBTEMPLELIM/HERE2.5KG,"Bob Temple Limousin & Hereford Dark Soap - 2.5kg",,"Agvance Trading Warehouse",,,,8.000,26.35,210.80
BOBTEMPLELIMOSOAP1KG,"Bob Temple Limousin Soap - 1kg",,"Agvance Trading Warehouse",,,,9.000,14.25,128.25
BOBTEMPLELIMOSOAP2.5KG,"Bob Temple Limosoap - 2.5kg",,"Agvance Trading Warehouse",,,,0.000,26.35,0.00
BOBTEMPLESIMENTAL1KGDARK,"Bob Temple Simmental Soap - 1kg / Dark",,"Agvance Trading Warehouse",,,,5.000,14.25,71.25
BOBTEMPLESIMENTAL1KGLIGHT,"Bob Temple Simmental Soap - 1kg / Light",,"Agvance Trading Warehouse",,,,4.000,14.25,57.00
BOBTEMPLESIMENTAL1KGMED,"Bob Temple Simmental Soap - 1kg / Medium",,"Agvance Trading Warehouse",,,,4.000,14.25,57.00
BOBTEMPLESIMENTAL2.5KGDARK,"Bob Temple Simmental Soap - 2.5kg / Dark",,"Agvance Trading Warehouse",,,,5.000,26.35,131.75
BOBTEMPLESIMENTAL2.5KGLIGHT,"Bob Temple Simmental Soap - 2.5kg / Light",,"Agvance Trading Warehouse",,,,4.000,26.35,105.40
BOBTEMPLESIMENTAL2.5KGMED,"Bob Temple Simmental Soap - 2.5kg / Medium",,"Agvance Trading Warehouse",,,,8.000,26.35,210.80
BOBTEMPLEYELLOW2.5KG,"Bob Temple Charo Soap - 2.5kg / Yellow",,"Agvance Trading Warehouse",,,,2.000,21.75,43.50
BODYFLUFFERW/H,"Body Fluffer Comb",,"Agvance Trading Warehouse",,,,0.000,22.00,0.00
BOTANICALHERBALCREAM,"Botanical Herbal Cream",,"Agvance Trading Warehouse",,,,0.000,0.00,0.00
BOTANICALWASH5L,"Botanical Cleansing Wash 5L",,"Agvance Trading Warehouse",,,,0.000,0.00,0.00
"BoviBoost Bolus Gun","BoviBoost Bolus Gun",,"Agvance Trading Warehouse",,,,16.000,0.00,0.00
BOVIBOOSTBX,"BoviBoost Bolus + Applicator – 20 Adult Applications per Box",,"Agvance Trading Warehouse",,,,0.000,0.00,0.00
BOVIBOOSTIND,Boviboost,,"Agvance Trading Warehouse",,,,0.000,0.00,0.00
BRASSBULLRINGSBOX2.5,"Brass Bull Rings Box of 10 - 2.5 Inch / 1 box",,"Agvance Trading Warehouse",,,,141.000,0.00,0.00
BRASSBULLRINGSBOX2.55bx,"Brass Bull Rings Box of 10 - 2.5 Inch / 5 boxes",,"Agvance Trading Warehouse",,,,28.000,0.00,0.00
BRASSBULLRINGSBOX2.75,"Brass Bull Rings Box of 10 - 2.75 Inch / 1 box",,"Agvance Trading Warehouse",,,,34.000,0.00,0.00
BRASSBULLRINGSBOX2.7510bx,"Brass Bull Rings Box of 10 - 2.75 Inch / 10 boxes",,"Agvance Trading Warehouse",,,,3.000,0.00,0.00
BRASSBULLRINGSBOX2.755bx,"Brass Bull Rings Box of 10 - 2.75 Inch / 5 boxes",,"Agvance Trading Warehouse",,,,6.000,0.00,0.00
BRASSBULLRINGSBOX3,"Brass Bull Rings Box of 10 - 3 Inch / 1 box",,"Agvance Trading Warehouse",,,,0.000,0.00,0.00
BRASSBULLRINGSBOX310bx,"Brass Bull Rings Box of 10 - 3 Inch / 10 boxes",,"Agvance Trading Warehouse",,,,0.000,0.00,0.00
BRASSBULLRINGSBOX35bx,"Brass Bull Rings Box of 10 - 3 Inch / 5 boxes",,"Agvance Trading Warehouse",,,,0.000,0.00,0.00
BRIGHTWHITE,"Bright White Shampoo 4l",,"Agvance Trading Warehouse",,,,13.000,9.90,128.70
BROADPINCOMB,"Broad Pin Comb",,"Agvance Trading Warehouse",,,,14.000,0.00,0.00
BROWNFLATLEATHERHALTERLGE,"Sullivan's Flat Strap Leather Show Halter - Brown / Bull/Cow",,"Agvance Trading Warehouse",,,,5.000,0.00,0.00
BROWNFLATLEATHERHALTERMED,"Sullivan's Flat Strap Leather Show Halter - Brown / Young Bull/Heifer",,"Agvance Trading Warehouse",,,,5.000,0.00,0.00
BROWNFLATLEATHERHALTERSML,"Sullivan's Flat Strap Leather Show Halter - Brown / Calf",,"Agvance Trading Warehouse",,,,3.000,0.00,0.00
BROWNROLLEDLEATHERHALTERLGE,"Sullivan's Classic Rolled Leather Halters - Brown / Cow",,"Agvance Trading Warehouse",,,,2.000,0.00,0.00
BROWNROLLEDLEATHERHALTERMED,"Sullivan's Classic Rolled Leather Halters - Brown / Heifer",,"Agvance Trading Warehouse",,,,1.000,0.00,0.00
BROWNROLLEDLEATHERHALTERSML,"Sullivan's Classic Rolled Leather Halters - Brown / Calf",,"Agvance Trading Warehouse",,,,1.000,0.00,0.00
BTGLL10BX,"Blackthorn Nitrile Milking Gloves - Large x10 boxes",,"Agvance Trading Warehouse",,,,18.000,0.00,0.00
BTGLL1BX,"Blackthorn Nitrile Milking Gloves - Large 1 box",,"Agvance Trading Warehouse",,,,181.000,0.00,0.00
BTGLM10BX,"Blackthorn Nitrile Milking Gloves - Medium x10 boxes",,"Agvance Trading Warehouse",,,,5.000,0.00,0.00
BTGLM1BX,"Blackthorn Nitrile Milking Gloves - Medium 1 box",,"Agvance Trading Warehouse",,,,53.000,0.00,0.00
BTGLS10BX,"Blackthorn Nitrile Milking Gloves - Small x10boxes",,"Agvance Trading Warehouse",,,,0.000,0.00,0.00
BTGLS1BX,"Blackthorn Nitrile Milking Gloves - Small 1 box",,"Agvance Trading Warehouse",,,,2.000,0.00,0.00
BTGLXL10BX,"Blackthorn Nitrile Milking Gloves - X Large x10boxes",,"Agvance Trading Warehouse",,,,2.000,0.00,0.00
BTGLXL1BX,"Blackthorn Nitrile Milking Gloves - Xl 1 box",,"Agvance Trading Warehouse",,,,20.000,0.00,0.00
btl,"Bob Temple Limosoap - 220ml",,"Agvance Trading Warehouse",,,,0.000,0.00,0.00
BUDDEXDEHORNER,"Buddex Gas Debudder with Dehorner Tip 15mm",,"Agvance Trading Warehouse",,,,0.000,0.00,0.00
BULLHALTERREDCOTTON,"Bull Halter - Red Cotton Show Halter",,"Agvance Trading Warehouse",,,,0.000,0.00,0.00
BULLNOSECUTTER,"Premium Replacement Punch Cutters",,"Agvance Trading Warehouse",,,,3.000,0.00,0.00
BULLNOSEPUNCH,"Bull Nose Punch",,"Agvance Trading Warehouse",,,,0.000,0.00,0.00
BULLNOSETWEEZERS,"Bull Nose Tweezers",,"Agvance Trading Warehouse",,,,0.000,0.00,0.00
BUNGIEROPE50M,"Bungie Rope 50m",,"Agvance Trading Warehouse",,,,0.000,0.00,0.00
CALCITRACEBOLUS,"Calcitrace D3 Bolus 175g (4 x 175g)",,"Agvance Trading Warehouse",,,,0.000,0.00,0.00
CALFAIDTUBES,"Calf Aid Tubes",,"Agvance Trading Warehouse",,,,0.000,0.00,0.00
CALFFEEDERWITHMETAL,"Calf Feeder With Metal Holder",,"Agvance Trading Warehouse",,,,2.000,0.00,0.00
CALFJACKETSMALL,"Cosy Calf Jacket - Small",,"Agvance Trading Warehouse",,,,45.000,0.00,0.00
CALFSTOMACHTUBE,"Calf Stomach Tube 3 Litre Bag",,"Agvance Trading Warehouse",,,,0.000,0.00,0.00
CALFTOBEEFMINERAL,"Seaboost Calf to Beef Mineral Bucket",,"Agvance Trading Warehouse",,180226,2026-08-18,172.000,0.00,0.00
CALFTOBEEFMINERAL,"Seaboost Calf to Beef Mineral Bucket",,"Agvance Trading Warehouse",,21225,2027-06-02,0.000,0.00,0.00
CALFTOBEEFMINERAL00,"Calf Protein Mineral Bucket",,"Agvance Trading Warehouse",,,,0.000,0.00,0.00
CALPLUS,"Cal Plus for Sheep 500ml",,"Agvance Trading Warehouse",,,,0.000,0.00,0.00
CALVINGJACKHK,"Calving Jack HK 2020",,"Agvance Trading Warehouse",,,,0.000,0.00,0.00
CANINECALCIBLUE,"Osmonds Canine Calci-Blue 250ml",,"Agvance Trading Warehouse",,,,0.000,0.00,0.00
CANINEDIGESTOR,"Canine Digestor 250gm - 500grams",,"Agvance Trading Warehouse",,,,5.000,0.00,0.00
CANINEDIGESTOR250,"Canine Digestor 250gm - 250grams",,"Agvance Trading Warehouse",,,,3.000,0.00,0.00
CANINENOSTRESS,"No Stress (Canine) 500 mls",,"Agvance Trading Warehouse",,,,3.000,0.00,0.00
CARABATTERY,"Battery for ErgoPro Cara Clipper",,"Agvance Trading Warehouse",,,,0.000,0.00,0.00
CARDINGWIRE,"Carding Wire",,"Agvance Trading Warehouse",,,,0.000,0.00,0.00
CATTLEBRUSH,"Cattle Brush C/W dispenser",,"Agvance Trading Warehouse",,,,0.000,0.00,0.00
CATTLEBRUSH2,"Vink Cattle Brush",,"Agvance Trading Warehouse",,,,10.000,0.00,0.00
CATTLECLIPPERMETALCOMBGUIDES,"Cattle Clipper Metal Comb Guides",,"Agvance Trading Warehouse",,,,0.000,0.00,0.00
CATTLEHALTERMULTIFILAMENT20MMB,"Cattle Halter Multi Filament Polypropylene (MFP) Halters - 20mm BLACK",,"Agvance Trading Warehouse",,,,0.000,0.00,0.00
CATTLEHALTERMULTIFILAMENT20MMR,"Cattle Halter Multi Filament Polypropylene (MFP) Halters - 20mm RED",,"Agvance Trading Warehouse",,,,8.000,0.00,0.00
CATTLEHALTERMULTIFILAMENT20MMW,"Cattle Halter Multi Filament Polypropylene (MFP) Halters - 20mm WHITE",,"Agvance Trading Warehouse",,,,0.000,0.00,0.00
CATTLEHOIST,"Cattle Hoist",,"Agvance Trading Warehouse",,,,499.000,0.00,0.00
CCCHERRYOATSHAMPOO,"Certified Chris Christensen Smartwash 50 Shampoo Cherry & Oats",,"Agvance Trading Warehouse",,,,2.000,0.00,0.00
CCPAPAYASTARFRUIT,"Certified Chris Christensen Smartwash 50 Shampoo Papaya Starfruit",,"Agvance Trading Warehouse",,,,1.000,31.61,31.61
CCPAPAYASTARFRUIT,"Certified Chris Christensen Smartwash 50 Shampoo Papaya Starfruit",,"Agvance Trading Warehouse",,,,0.000,31.61,0.00
"CHALK BLOCK","White Chalk Block",,"Agvance Trading Warehouse",,,,478.000,0.00,0.00
CHAN,"Chanelle Dosing Gun 20ml",,"Agvance Trading Warehouse",,,,0.000,0.00,0.00
CHANATOL1L,"Chanatol Oral Drench - 1L",,"Agvance Trading Warehouse",,,,0.000,0.00,0.00
CHANATOL2.5L,"Chanatol Oral Drench - 2.5L",,"Agvance Trading Warehouse",,,,0.000,0.00,0.00
CHARGERCOMB,"heiniger Sheep Charger Comb",,"Agvance Trading Warehouse",,,,0.000,0.00,0.00
CHAROCREAM10KG,"Bob Temple Charo Soap - 10kg / Cream",,"Agvance Trading Warehouse",,,,4.000,75.40,301.60
CHENOUNCTION900G,"Cheno Unction - 900g",,"Agvance Trading Warehouse",,,,0.000,0.00,0.00
CHROMEPLAEDSHOWSTICK,"Chrome Plated Steel Show Stick",,"Agvance Trading Warehouse",,,,0.000,0.00,0.00
CIRCUITEER,"Circuiteer II Livestock Blower / Dryer",,"Agvance Trading Warehouse",,,,0.000,0.00,0.00
CIRCUITEERHOSE,"Circuiteer Hose",,"Agvance Trading Warehouse",,,,3.000,0.00,0.00
CIRCUITEERMAX,"Circuiteer Max Blower/Dryer",,"Agvance Trading Warehouse",,,,500.000,0.00,0.00
CIRCUITEERMOTOR,"Circuiteer Blower/Dryer Motor",,"Agvance Trading Warehouse",,,,2.000,0.00,0.00
CLEARMAGIC,"Doc Brannens Clear Magic/Black Magic - Clear",,"Agvance Trading Warehouse",,,,88.000,0.00,0.00
CLEARSET1,"Clear Set - 1 Litre",,"Agvance Trading Warehouse",,,,11.000,0.00,0.00
CLEARSET5,"Clear Set - 5 Litre",,"Agvance Trading Warehouse",,,,2.000,0.00,0.00
CLIK03,"Clik Extra - 5Litre",,"Agvance Trading Warehouse",,,,0.000,0.00,0.00
CLIK2.2,"Clik Pour On 5 litre - 2.2Ltrs",,"Agvance Trading Warehouse",,,,0.000,0.00,0.00
CLIK5,"Clik Pour On 5 litre - 5Ltrs",,"Agvance Trading Warehouse",,,,0.000,0.00,0.00
CLIKGUN,"Clik Pour On Gun",,"Agvance Trading Warehouse",,,,0.000,0.00,0.00
CLIKXTRA2.5LIT,"Clik Extra - 2.2Litre",,"Agvance Trading Warehouse",,,,0.000,0.00,0.00
CLIPPERMOSERREX,"Cattle Clipper - Moser Rex",,"Agvance Trading Warehouse",,,,0.000,0.00,0.00
CLIPPERSPRAY4IN1,"Clipper Oil/Spray",,"Agvance Trading Warehouse",,,,21.000,0.00,0.00
COBALTB12SELENIUM10L,"Natural Stockcare Cobalt B12 Selenium - 10Ltrs",,"Agvance Trading Warehouse",,,,0.000,0.00,0.00
COBALTB12SELENIUM1L,"Natural Stockcare Cobalt B12 Selenium - 1Ltr",,"Agvance Trading Warehouse",,,,0.000,0.00,0.00
COBALTB12SELENIUM2.5L,"Natural Stockcare Cobalt B12 Selenium - 2.5Ltrs",,"Agvance Trading Warehouse",,,,0.000,0.00,0.00
COBALTCOPPERSOL,"Copper Cobalt Solution 250ml",,"Agvance Trading Warehouse",,,,0.000,0.00,0.00
COBALTGUARD,"Cobalt 12 Guard 250 pack",,"Agvance Trading Warehouse",,,,0.000,0.00,0.00
COBALTPOWERPACK2.5L,"Cobalt Power Pak 2.5Litre / 1 Litre - 2.5Litre",,"Agvance Trading Warehouse",,,,0.000,0.00,0.00
COBALTPOWERPAK,"Cobalt Power Pak 2.5Litre / 1 Litre - 1 Litre",,"Agvance Trading Warehouse",,,,0.000,0.00,0.00
CODLIVITNOCOPPER,"Osmonds Codlivit with Copper",,"Agvance Trading Warehouse",,,,5.000,0.00,0.00
COMFYCALFJACKETL,"Comfy Calf Jacket - Large",,"Agvance Trading Warehouse",,,,64.000,0.00,0.00
COMFYCALFJACKETL-1,"Comfy Calf Jacket XL - Large",,"Agvance Trading Warehouse",,,,0.000,0.00,0.00
COMFYCALFJACKETS,"Comfy Calf Jacket - Small",,"Agvance Trading Warehouse",,,,75.000,0.00,0.00
COMFYCALFJACKETS-1,"Comfy Calf Jacket XL - Small",,"Agvance Trading Warehouse",,,,0.000,0.00,0.00
COMFYCALFJACKETSXL,"Comfy Calf Jacket - Extra Large",,"Agvance Trading Warehouse",,,,698.000,0.00,0.00
COMFYCALFJACKETSXL-1,"Comfy Calf Jacket XL - Extra Large",,"Agvance Trading Warehouse",,,,0.000,0.00,0.00
COMFYCALFLARGE12,"Comfy Calf Jacket Box of 12 (11 + 1 FREE) - Large",,"Agvance Trading Warehouse",,,,5.000,0.00,0.00
COMFYCALFSMALL12,"Comfy Calf Jacket Box of 12 (11 + 1 FREE) - Small",,"Agvance Trading Warehouse",,,,6.000,0.00,0.00
COMFYCALFXL12,"Comfy Calf Jacket Box of 12 (11 + 1 FREE) - XL",,"Agvance Trading Warehouse",,,,58.000,0.00,0.00
COMPSEYDISPENSER,"Compsey Dispenser",,"Agvance Trading Warehouse",,,,0.000,0.00,0.00
COPPERB12INJ,"Copper B12 Injection 100ml",,"Agvance Trading Warehouse",,,,0.000,0.00,0.00
COPPERBULLRINGSBOX2.5,"Copper Bull Rings Box of 10 - 2.5"" / 1 box",,"Agvance Trading Warehouse",,,,21.000,0.00,0.00
COPPERBULLRINGSBOX2.5BX10,"Copper Bull Rings Box of 10 - 2.5"" / 10 boxes",,"Agvance Trading Warehouse",,,,2.000,0.00,0.00
COPPERBULLRINGSBOX2.5BX5,"Copper Bull Rings Box of 10 - 2.5"" / 5 boxes",,"Agvance Trading Warehouse",,,,4.000,0.00,0.00
COPPERBULLRINGSBOX2.75,"Copper Bull Rings Box of 10 - 2.75"" / 1 box",,"Agvance Trading Warehouse",,,,3.000,0.00,0.00
COPPERBULLRINGSBOX2.75BX10,"Copper Bull Rings Box of 10 - 2.75"" / 10 boxes",,"Agvance Trading Warehouse",,,,0.000,0.00,0.00
COPPERBULLRINGSBOX2.75BX5,"Copper Bull Rings Box of 10 - 2.75"" / 5 boxes",,"Agvance Trading Warehouse",,,,0.000,0.00,0.00
COPPERBULLRINGSBOX3,"Copper Bull Rings Box of 10 - 3"" / 1 box",,"Agvance Trading Warehouse",,,,0.000,0.00,0.00
COPPERBULLRINGSBOX3BX10,"Copper Bull Rings Box of 10 - 3"" / 10 boxes",,"Agvance Trading Warehouse",,,,0.000,0.00,0.00
COPPERBULLRINGSBOX3BX5,"Copper Bull Rings Box of 10 - 3"" / 5 boxes",,"Agvance Trading Warehouse",,,,0.000,0.00,0.00
COPPERINJ,"BVP Copper Injection 100ml",,"Agvance Trading Warehouse",,,,0.000,0.00,0.00
COPPERSULPHATE,"Copper Sulphate (BlueStone)",,"Agvance Trading Warehouse",,,,4.000,0.00,0.00
COSICURECATTLE,"Coseicure Cattle Bolus 20s",,"Agvance Trading Warehouse",,,,0.000,0.00,0.00
COSYCALF,"Cosy Calf Jacket - Large",,"Agvance Trading Warehouse",,,,41.000,0.00,0.00
CowBrush,"Agvance Motorised Cow Brush",,"Agvance Trading Warehouse",,,,0.000,0.00,0.00
Cowbrush1122,"Auto Cow Brush",,"Agvance Trading Warehouse",,,,0.000,0.00,0.00
COWREDCOTTONSHOWHALTER,"Calf Halter - Red Cotton Show Halter",,"Agvance Trading Warehouse",,,,28.000,0.00,0.00
CRAN,"Economy Cranked Scissors",,"Agvance Trading Warehouse",,,,0.000,0.00,0.00
CRITICALC,Criticalc,,"Agvance Trading Warehouse",,,,0.000,0.00,0.00
cs1,"Jack Murphy -Ciaran Shirt - XXXLarge",,"Agvance Trading Warehouse",,,,0.000,0.00,0.00
CYPERGUARD1,"Cyper Guard - 1Ltr",,"Agvance Trading Warehouse",,,,0.000,0.00,0.00
CYPERGUARD2,"Cyper Guard - 2Ltr",,"Agvance Trading Warehouse",,,,0.000,0.00,0.00
D5010LITRE,"D50 Spray 10litre",,"Agvance Trading Warehouse",,,,0.000,0.00,0.00
DAIRYGROOMINGKIT,"Dairy Grooming Kit",,"Agvance Trading Warehouse",,,,0.000,0.00,0.00
DAIRYGROOMINGKITNEW,"Dairy Grooming Kit",,"Agvance Trading Warehouse",,,,0.000,0.00,0.00
DAIRYMAGIC,"Sullivan's Dairy Magic",,"Agvance Trading Warehouse",,,,0.000,0.00,0.00
DAIRYWIPEDISPENSER,"Dairy Wipe Dispenser",,"Agvance Trading Warehouse",,,,0.000,0.00,0.00
DAIRYWIPES,"Dairy Wipes 6 pack",,"Agvance Trading Warehouse",,,,1.000,0.00,0.00
DEHORNERCARLOR,"Calor Type Gas Dehorner",,"Agvance Trading Warehouse",,,,0.000,0.00,0.00
DIALN,"Dial N",,"Agvance Trading Warehouse",,,,11.000,0.00,0.00
DIAMONDWHITE5OOML,"Wahl Diamond White Shampoos - 500ml",,"Agvance Trading Warehouse",,,,15.000,5.20,78.00
DIRTYBEASTIE500ML,"Wahl Dirty Beastie Cattle Shampoo - 500ml",,"Agvance Trading Warehouse",,,,25.000,0.00,0.00
DORAMAX500ml,"Doramax 10 mg/ml Solution for Injection",,"Agvance Trading Warehouse",,,,0.000,0.00,0.00
DOXSTAR2L,"Doxstar Pro Herbicide 2litre Spray",,"Agvance Trading Warehouse",,,,0.000,0.00,0.00
DRENCHMATE,"Drench-Mate Post-Calving Drench Powder 7.5kg (11 Feeds) - Drench-Mate Stomach Pump + FREE 7.5kg Drench Bucket (11 Feeds)",,"Agvance Trading Warehouse",,,,0.000,0.00,0.00
DRENCHMATE-1,"Drench-Mate Stomach Pump with FREE Post-Calving Drench",,"Agvance Trading Warehouse",,,,0.000,0.00,0.00
DRYCUFFSMILKINGSLEEVES,"Dry Cuffs Milking Sleeve",,"Agvance Trading Warehouse",,,,0.000,0.00,0.00
DRYTEXGGOWN,"Drytex Devon Gown - Large",,"Agvance Trading Warehouse",,,,0.000,0.00,0.00
DRYTEXGOWNL,"Long Sleeved Gown - Large",,"Agvance Trading Warehouse",,,,0.000,0.00,0.00
DRYTEXGOWNM,"Long Sleeved Gown - Medium",,"Agvance Trading Warehouse",,,,0.000,0.00,0.00
DRYTEXGOWNXL,"Long Sleeved Gown - XLarge",,"Agvance Trading Warehouse",,,,0.000,0.00,0.00
DRYTEXJACKET,"Drytex Dairy Jacket - Large",,"Agvance Trading Warehouse",,,,0.000,0.00,0.00
DRYTEXLEGGINGS,"Drytex Leggings & Jacket - Small",,"Agvance Trading Warehouse",,,,0.000,0.00,0.00
DRYTEXOVERTROUSERS,"Drytex Trousers - Large",,"Agvance Trading Warehouse",,,,0.000,0.00,0.00
DRYTEXSLEEVE-2,"Drytex Sleeve",,"Agvance Trading Warehouse",,,,0.000,0.00,0.00
DUALMOTORDRYER,"ErgoPro Dual Motor Dryer",,"Agvance Trading Warehouse",,,,0.000,0.00,0.00
DUALMOTORPRO,"ErgoPro Dual Motor Dryer Pro",,"Agvance Trading Warehouse",,,,0.000,0.00,0.00
EASIPHOS25L,"Easi-Phos 25l",,"Agvance Trading Warehouse",,,,0.000,0.00,0.00
EASITRACE,"Easi Trace",,"Agvance Trading Warehouse",,,,0.000,0.00,0.00
EASYWEAN,"Easy Wean Nose Paddles",,"Agvance Trading Warehouse",,,,762.000,0.00,0.00
ECTOFLY2.5LITRE,Ectofly,,"Agvance Trading Warehouse",,,,0.000,0.00,0.00
ECTOFLY5L,"Ectofly pour-on 5L","animal medicin","Agvance Trading Warehouse",,,,0.000,0.00,0.00
ECTOFLYAPPLICATOR,"Ectofly Pour On Gun",,"Agvance Trading Warehouse",,,,0.000,0.00,0.00
ECTOSPEC2.5LITRE,"Ectospec Pour On - 2.5Litre",,"Agvance Trading Warehouse",,,,0.000,0.00,0.00
ELECTRICDEHORNER,"Electric Dehorner",,"Agvance Trading Warehouse",,,,3.000,0.00,0.00
ELECTROPLUS,"Canines Electro-Plus 250ml",,"Agvance Trading Warehouse",,,,2.000,0.00,0.00
"Elite pre calver","Elite Pre Calver",,"Agvance Trading Warehouse",,10994487,2027-01-27,29.000,0.00,0.00
"Elite pre calver","Elite Pre Calver",,"Agvance Trading Warehouse",,,,29.000,0.00,0.00
EMERALDBLACK,"Emerald Black Professional Shampoo 3.8l",,"Agvance Trading Warehouse",,,,3.000,0.00,0.00
ENDOFLUKE5L,"Endofluke 10% 5Ltrs",,"Agvance Trading Warehouse",,,,0.000,0.00,0.00
EP278,"Electro Power EP278 Spinning Jenny Wire Dispenser",,"Agvance Trading Warehouse",,,,0.000,0.00,0.00
EPRIZERO5L,"Eprizero Pour-on",,"Agvance Trading Warehouse",,,,0.000,0.00,0.00
EQUINEMINERAL20KG,"Premium Equine Seaboost Mineral Bucket",,"Agvance Trading Warehouse",,,,0.000,0.00,0.00
EQUINESEABOOST12kg,"Equine Seaboost 12kg",,"Agvance Trading Warehouse",,,,134.000,0.00,0.00
EQUINESEAWEED,"EQUINE SEAWEED BLEND 1.5KG",,"Agvance Trading Warehouse",,,,0.000,0.00,0.00
ERGOCARACLIPPERS,"Ergopro Cara Clippers",,"Agvance Trading Warehouse",,,,0.000,0.00,0.00
ERGOPROCARADIRTYCATTLECLIPPER,"ErgoPro Cattle Clipper - With 2 Batteries",,"Agvance Trading Warehouse",,,,0.000,0.00,0.00
EUCALYPTUSBLOCK10KG,"Eucalyptus Easy Breathe Beef Pack",,"Agvance Trading Warehouse",,,,220.000,0.00,0.00
EUCALYPTUSBLOCK10KG-1,"Eucalyptus Easy Breathe Beef Pack - 1 x 20kg Pack",,"Agvance Trading Warehouse",,,,77.000,0.00,0.00
EUCALYPTUSBLOCK10KG-1,"Eucalyptus Easy Breathe Beef Pack - 1 x 20kg Pack",,"Agvance Trading Warehouse",,1510,2028-08-15,78.000,0.00,0.00
EUCALYPTUSBLOCK10KG-2,"Eucalyptus Easy Breathe Beef Pack - 10 x 20kg Packs",,"Agvance Trading Warehouse",,,,22.000,0.00,0.00
EUCALYPTUSBLOCK10KG-3,"Eucalyptus Easy Breathe Beef Pack - 20 x 20kg Packs",,"Agvance Trading Warehouse",,,,11.000,0.00,0.00
EUCALYPTUSBLOCK10KG-4,"Eucalyptus Easy Breathe Beef Pack - 40 x 20kg Packs",,"Agvance Trading Warehouse",,,,5.000,0.00,0.00
EWELAMPCALFTRANSPORTER,"Ewe and Lamb/Calf Transporter",,"Agvance Trading Warehouse",,,,1.000,0.00,0.00
EXHIBITORHARNESS,"Sullivan's Exhibitors Harness",,"Agvance Trading Warehouse",,,,33.000,0.00,0.00
EXPRESSDEHORNER,"Express Gas Dehorner",,"Agvance Trading Warehouse",,,,0.000,0.00,0.00
EXPRESSDEHORNERPISTOL,"Express ""Pistol Style"" Hosless Gas Dehorner",,"Agvance Trading Warehouse",,,,0.000,0.00,0.00
EXTR,"Extra High Energy 22.5Kg",,"Agvance Trading Warehouse",,,,465.000,0.00,0.00
EZBREATHE20ML,"EZ Breathe 20ml",,"Agvance Trading Warehouse",,,,100.000,0.00,0.00
EZCLEANWATERLESSSHAMPOO,"Sullivan's EZ Clean Waterless Shampoo",,"Agvance Trading Warehouse",,,,5.000,0.00,0.00
EZEECOMB,"ShowTime E-Zee Comb CLEAR",,"Agvance Trading Warehouse",,,,50.000,0.00,0.00
FAS02,"Fasinex Super 2.2Litre",,"Agvance Trading Warehouse",,,,0.000,0.00,0.00
FASINEX2402.2,"Fasinex 240 2.2Litre",,"Agvance Trading Warehouse",,,,0.000,0.00,0.00
FAULTFINDER,"Fault Finder",,"Agvance Trading Warehouse",,,,0.000,0.00,0.00
FIBREGLASSSHOWSTICK,"Fibre Glass Show Stick",,"Agvance Trading Warehouse",,,,0.000,0.00,0.00
FILTASGLOVESL,"Filta Disposable Nitrile Glove Powder Free Blue - Box of 100 - Large",,"Agvance Trading Warehouse",,,,6.000,0.00,0.00
FILTASGLOVESM,"Filta Disposable Nitrile Glove Powder Free Blue - Box of 100 - Medium",,"Agvance Trading Warehouse",,,,7.000,0.00,0.00
FILTASGLOVESXL,"Filta Disposable Nitrile Glove Powder Free Blue - Box of 100 - Extra Large",,"Agvance Trading Warehouse",,,,29.000,0.00,0.00
FINALBLOOM,"Sullivan's Final Bloom",,"Agvance Trading Warehouse",,,,16.000,0.00,0.00
FIRSTDRINK,"First Drink 700g (Now only available in 14kg)",,"Agvance Trading Warehouse",,,,0.000,0.00,0.00
FIRSTDRINK14KG,"First Drink 14kg - 20 Feeds",,"Agvance Trading Warehouse",,A29,2026-07-25,2.000,0.00,0.00
FIRSTDRINK14KG,"First Drink 14kg - 20 Feeds",,"Agvance Trading Warehouse",,,,2.000,0.00,0.00
FLARE,"Sullivan's Flare Showring Sheen",,"Agvance Trading Warehouse",,,,13.000,0.00,0.00
FLATOUTTOUCHUP,"Matte Black Touch Up",,"Agvance Trading Warehouse",,,,83.000,0.00,0.00
FLOCKMASTER5LITRE,"FlockMaster 5litre paste",,"Agvance Trading Warehouse",,,,0.000,0.00,0.00
FLUKIVER5LITRE,"Flukiver Oral Drench (Closantel) - 5Ltrs",,"Agvance Trading Warehouse",,,,0.000,0.00,0.00
FluoroOvertrousersLARGE,"ISO940 Betacraft FluoroOvertrousers - Large",,"Agvance Trading Warehouse",,,,0.000,0.00,0.00
FluoroOvertrousersMEDIUM,"ISO940 Betacraft FluoroOvertrousers - Medium",,"Agvance Trading Warehouse",,,,0.000,0.00,0.00
FluoroOvertrousersSMALL,"ISO940 Betacraft FluoroOvertrousers - Small",,"Agvance Trading Warehouse",,,,0.000,0.00,0.00
FluoroOvertrousersXLARGE,"ISO940 Betacraft FluoroOvertrousers - X Large",,"Agvance Trading Warehouse",,,,0.000,0.00,0.00
FluoroOvertrousersXXLARGE,"ISO940 Betacraft FluoroOvertrousers - XX Large",,"Agvance Trading Warehouse",,,,0.000,0.00,0.00
FluoroParkaLARGE,"Iso940 Betacraft FluoroParka - Large",,"Agvance Trading Warehouse",,,,0.000,0.00,0.00
FluoroParkaMEDIUM,"Iso940 Betacraft FluoroParka - Medium",,"Agvance Trading Warehouse",,,,0.000,0.00,0.00
FluoroParkaSMALL,"Iso940 Betacraft FluoroParka - Small",,"Agvance Trading Warehouse",,,,0.000,0.00,0.00
FluoroParkaXLARGE,"Iso940 Betacraft FluoroParka - X Large",,"Agvance Trading Warehouse",,,,0.000,0.00,0.00
FluoroParkaXXLARGE,"Iso940 Betacraft FluoroParka - XX Large",,"Agvance Trading Warehouse",,,,0.000,0.00,0.00
For01,"Forefront T 2litre Spray",,"Agvance Trading Warehouse",,,,0.000,0.00,0.00
FORADINEIODINE5LITRE,"Foradine Iodine - 5 litre",,"Agvance Trading Warehouse",,,,0.000,0.00,0.00
FORADINEIODINE5LITRE-2.5,"Foradine Iodine - 2.5 litre",,"Agvance Trading Warehouse",,,,0.000,0.00,0.00
GALLAGHER15METERAUTOREEL,"Gallagher 15 meter Autoreel",,"Agvance Trading Warehouse",,,,0.000,0.00,0.00
GALLAGHERALKALINEBATTERY,"Gallagher Alkaline Fencing Battery 9v",,"Agvance Trading Warehouse",,,,0.000,0.00,0.00
GALLAGHERBATTERYFENCERB40,"Gallagher Battery Fencer B40",,"Agvance Trading Warehouse",,,,0.000,0.00,0.00
GALLAGHERBATTERYFENCERBA30,"Gallagher Battery Fencer BA30",,"Agvance Trading Warehouse",,,,0.000,0.00,0.00
GALLAGHERBATTERYFENCERBA40,"Gallagher Battery Fencer BA40",,"Agvance Trading Warehouse",,,,0.000,0.00,0.00
GALLAGHEREQUIFENCE250M,"Gallagher Equifence Equine Fencer Wire 250m",,"Agvance Trading Warehouse",,,,0.000,0.00,0.00
GALLAGHERFENCEREELECO,"Gallagher Fence Reel Econo",,"Agvance Trading Warehouse",,,,0.000,0.00,0.00
GALLAGHERFENCEREELGEARED,"Gallagher Fence Reel Geared",,"Agvance Trading Warehouse",,,,0.000,0.00,0.00
GALLAGHERFENCEREELS,"Gallagher Fence Reel Small",,"Agvance Trading Warehouse",,,,0.000,0.00,0.00
GALLAGHERHORSEPOSTPLASTIC,"Gallagher Horse Post Plastic 1.5m",,"Agvance Trading Warehouse",,,,0.000,0.00,0.00
GALLAGHERM50ELECTRICFENCEENERGISER,"Gallagher M50 Electric Fence Energiser",,"Agvance Trading Warehouse",,,,0.000,0.00,0.00
GALLAGHERMAINSFENCEM1400,"Gallagher Mains Fence Energizer M1400",,"Agvance Trading Warehouse",,,,0.000,0.00,0.00
GALLAGHERMAINSFENCEM950,"Gallagher Mains Fence Energizer M950",,"Agvance Trading Warehouse",,,,0.000,0.00,0.00
GALLAGHERMAINSFENCEMASTERM120,"Gallagher Mains Fencer Fence Master M120",,"Agvance Trading Warehouse",,,,0.000,0.00,0.00
GALLAGHERMAINSFENCERM1000,"Gallagher  Powerful M1000 Mains Fencer 9 Joule",,"Agvance Trading Warehouse",,,,0.000,0.00,0.00
GALLAGHERMAINSFENCERM28001,"Gallagher Mains Fencer M2800I (No Accs.)",,"Agvance Trading Warehouse",,,,0.000,0.00,0.00
GALLAGHERMAINSFENCERM550,"Gallagher M550 Mains Fencer (55 Acres)",,"Agvance Trading Warehouse",,,,0.000,0.00,0.00
GALLAGHERMAINSFENCERM700,"New Gallagher Mains Fencer M700",,"Agvance Trading Warehouse",,,,0.000,0.00,0.00
GALLAGHERPADDOCKMASTER,"New Gallagher Battery Fencer B20 Paddockmaster",,"Agvance Trading Warehouse",,,,0.000,0.00,0.00
GALLAGHERPIGTAIL10,"Gallagher Pigtail Post 10pk",,"Agvance Trading Warehouse",,,,0.000,0.00,0.00
GALLAGHERPOLYWIRE200M,"Gallagher Polywire 200m 6 Strand",,"Agvance Trading Warehouse",,,,0.000,0.00,0.00
GALLAGHERPOLYWIRE200M9STRAND,"Gallagher Polywire 200m Super 9 Strand",,"Agvance Trading Warehouse",,,,0.000,0.00,0.00
GALLAGHERPOLYWIRE400M9STRAND,"Gallagher Polywire 400m Super 9 Strand",,"Agvance Trading Warehouse",,,,0.000,0.00,0.00
GALLAGHERS200SOLARUNIT,"Gallagher S200 Solar Unit",,"Agvance Trading Warehouse",,,,0.000,0.00,0.00
GALLAGHERSMARTFENCE,"Gallagher Powerful Smartfence 2.0",,"Agvance Trading Warehouse",,,,0.000,0.00,0.00
GALLAGHERSOFTHANDLE,"Gallagher Soft Touch Handle 4 Pack",,"Agvance Trading Warehouse",,,,0.000,0.00,0.00
GALLAGHERSOLARFENCER,"Gallagher Solar Fencer S40",,"Agvance Trading Warehouse",,,,0.000,0.00,0.00
GALLAGHERSOLARFENCERS20,"Gallagher S20 Solar Fencer",,"Agvance Trading Warehouse",,,,0.000,0.00,0.00
GALLAGHERSOLARFENCERS400,"Gallagher S400 Solar Fencer",,"Agvance Trading Warehouse",,,,0.000,0.00,0.00
GALLAGHERUNDERGROUNDCABLE100M,"Gallagher Underground Cable 100m X 2.5mm",,"Agvance Trading Warehouse",,,,0.000,0.00,0.00
GASCANISTERBUDEX,"Gas BUDDEX Refill Canister",,"Agvance Trading Warehouse",,,,0.000,0.00,0.00
GLYCOLINE200litre,"Glycoline 200 litre",,"Agvance Trading Warehouse",,,,0.000,0.00,0.00
GOLDENUDDER,"Golden Udder 600g",,"Agvance Trading Warehouse",,,,0.000,0.00,0.00
GOLDFLEECESHEEPDIP,"Gold Fleece Sheep Dip 3L",,"Agvance Trading Warehouse",,,,0.000,0.00,0.00
GOLDUDDERGEL600,"Golden Udder Gel 600g",,"Agvance Trading Warehouse",,,,0.000,0.00,0.00
GPUGTRAININGHALTER,"Sullivan's Training Halter - Gray-Purple-Green",,"Agvance Trading Warehouse",,,,0.000,0.00,0.00
GREENBLACKTRAININGHALTER,"Sullivan's Training Halter - Lime Green-Black",,"Agvance Trading Warehouse",,,,0.000,0.00,0.00
GREENBLUEGRAYTRAININGHALTER,"Sullivan's Training Halter - Green-Blue-Gray",,"Agvance Trading Warehouse",,,,1.000,0.00,0.00
GREENPINKTRAININGHALTER,"Sullivan's Training Halter - Lime Green-Pink",,"Agvance Trading Warehouse",,,,8.000,0.00,0.00
GRIMEINATORSHAMPOO,"Grimeinator Shampoo 3.8L",,"Agvance Trading Warehouse",,,,3.000,0.00,0.00
GROOMINGADHESIVEB,"Doc Brannens Grooming Adhesive Black",,"Agvance Trading Warehouse",,,,13.000,0.00,0.00
GROOMINGCADDYBAG,"Grooming Caddy",,"Agvance Trading Warehouse",,,,1.000,0.00,0.00
GURITESYRINGE,"Canine Gut-Rite Syringe 15g",,"Agvance Trading Warehouse",,,,2.000,0.00,0.00
HAIRSAVIORSML,"Sullivan's Hair Savior 946ml",,"Agvance Trading Warehouse",,,,2.000,0.00,0.00
HAIRVOLUMIZER946ML,"Vita Hair Volumising Shampoo",,"Agvance Trading Warehouse",,,,4.000,0.00,0.00
HARMSNOSELEADER,"Harms Nose Leader",,"Agvance Trading Warehouse",,,,0.000,0.00,0.00
HAYNET,"Hay Net",,"Agvance Trading Warehouse",,,,7.000,0.00,0.00
HEADSTARTGARLICLICK20,"Headstart Garlic Lick Bucket 20kg",,"Agvance Trading Warehouse",,,,0.000,0.00,0.00
HEINIGERBLADES,"Clipper Blades Heiniger Blades - Xtra Clipper",,"Agvance Trading Warehouse",,,,472.000,0.00,0.00
HEINIGERBLADESSHATTLE,"Heiniger Blades - Shattle Comb",,"Agvance Trading Warehouse",,,,6.000,0.00,0.00
HEINIGERXPERIECE,"Heiniger Xperience Clipper",,"Agvance Trading Warehouse",,,,0.000,0.00,0.00
HERBALSHAMPOO,"Showtime Herbal Shampoo 4litre",,"Agvance Trading Warehouse",,,,1.000,0.00,0.00
HESSIAN,"Hessian Sheep Blanket size large",,"Agvance Trading Warehouse",,,,5.000,0.00,0.00
"HI SPEC GEN PURPOSE","HI SPEC GEN PURPOSE",,"Agvance Trading Warehouse",,,,0.000,0.00,0.00
HIATTS,"Hiatts Nose Leader/Snaffle - 1 PC",,"Agvance Trading Warehouse",,,,87.000,0.00,0.00
HIATTS03,"Hiatts Nose Leader/Snaffle - 3 FOR 15.50 EACH",,"Agvance Trading Warehouse",,,,28.000,0.00,0.00
HIATTSNOSELEADER5,"Hiatts Nose Leader/Snaffle - 5 FOR 14.50 EACH",,"Agvance Trading Warehouse",,,,17.000,0.00,0.00
HIGHENERGYSHEEPMINERAL,"Agvance High Energy Seaboost Sheep Mineral Bucket - 1x - 20 kg",,"Agvance Trading Warehouse",,,,0.000,0.00,0.00
HIGHENERGYSHEEPMINERAL,"Agvance High Energy Seaboost Sheep Mineral Bucket - 1x - 20 kg",,"Agvance Trading Warehouse",,110326,2027-09-11,500.000,0.00,0.00
HIGHENERGYSHEEPMINERAL,"Agvance High Energy Seaboost Sheep Mineral Bucket - 1x - 20 kg",,"Agvance Trading Warehouse",,230226,2027-08-23,10.000,0.00,0.00
HIGHENERGYSHEEPMINERAL-2,"Agvance High Energy Seaboost Sheep Mineral Bucket - 5x - 20 kg",,"Agvance Trading Warehouse",,,,100.000,0.00,0.00
HIGHENERGYSHEEPMINERAL10,"Agvance High Energy Seaboost Sheep Mineral Bucket - 10x - 20 kg",,"Agvance Trading Warehouse",,,,50.000,0.00,0.00
HIGHENERGYSHEEPMINERAL35kg,"Agvance High Energy Seaboost Sheep Mineral Bucket - 35 kg",,"Agvance Trading Warehouse",,,,0.000,0.00,0.00
HIGHLOADMIRCAM,"High Load Mircam 5litre Spray",,"Agvance Trading Warehouse",,,,0.000,0.00,0.00
HIKOCALFTEAT,"Hiko Calf teat",,"Agvance Trading Warehouse",,,,1.000,0.00,0.00
HIKORED,"Hiko Red Lamb Teat",,"Agvance Trading Warehouse",,,,11.000,0.00,0.00
HIMALAYANSALT250KG,"HIMALAYAN SALT - 250KG",,"Agvance Trading Warehouse",,,,543.000,0.00,0.00
HIMALAYANSALT50KG-1,"HIMALAYAN SALT - 50KG",,"Agvance Trading Warehouse",,621062,2028-01-26,2848.000,0.00,0.00
HIMALAYANSALT50KG-1,"HIMALAYAN SALT - 50KG",,"Agvance Trading Warehouse",,,,2936.000,0.00,0.00
HIMALAYANSALTLICK1.5-2KG,"Himalayan Salt Licks with Rope - 1.5 - 2kg",,"Agvance Trading Warehouse",,,,1452.000,0.00,0.00
HIMALAYANSALTLICK1.5-2KG,"Himalayan Salt Licks with Rope - 1.5 - 2kg",,"Agvance Trading Warehouse",,90725,2028-11-15,1372.000,0.00,0.00
HIMALAYANSALTLICK2.5-3KG,"Himalayan Salt Licks with Rope - 2.5 - 3.5kg",,"Agvance Trading Warehouse",,,,0.000,0.00,0.00
HIMALAYANSALTLICKS,"Himalayan Mineral Salt Licks 25KG",,"Agvance Trading Warehouse",,,,0.000,0.00,0.00
HIMALAYASALT1200KG,"Himalayan Rock Salt - 1200KG",,"Agvance Trading Warehouse",,,,113.000,0.00,0.00
hindsplint,"Calf Leg Splint - Hind",,"Agvance Trading Warehouse",,,,4.000,0.00,0.00
HISPECGEN25kg,"25kg Hi Spec Gen Purpose",,"Agvance Trading Warehouse",,,,17.000,0.00,0.00
hkk,"Hoof Knife Kit",,"Agvance Trading Warehouse",,,,500.000,0.00,0.00
HO-1000003,"Agvance Nutrition Platinum Beef Powder 25kg Bag",,"Agvance Trading Warehouse",,,,0.000,0.00,0.00
HO-1000007,"Garlon Ultra 1 Litre Spray",,"Agvance Trading Warehouse",,,,0.000,0.00,0.00
HO-1000008,"Grazon Pro 1litre",,"Agvance Trading Warehouse",,,,0.000,0.00,0.00
HO-1000011,"Lamb Jackets 100's",,"Agvance Trading Warehouse",,,,0.000,0.00,0.00
HO-1000024,"Sturdy Feeder Replacement Tubes",,"Agvance Trading Warehouse",,,,0.000,0.00,0.00
HO-1000025,"Sturdy Feeder Replacement Non-Return Valve",,"Agvance Trading Warehouse",,,,0.000,0.00,0.00
HO-1000026,"Sheep Seaweed Mineral Bucket",,"Agvance Trading Warehouse",,,,0.000,0.00,0.00
HO-1000028,"Sturdy Feeder Replacement Element",,"Agvance Trading Warehouse",,,,0.000,0.00,0.00
HO-1000057,"Agvance Nutrition Platinum Precalver Mineral Powder 25kg",,"Agvance Trading Warehouse",,,,0.000,0.00,0.00
HO-1000063,"Shear Magic Battery Clipper W/ Spare Battery",,"Agvance Trading Warehouse",,,,1.000,0.00,0.00
HO-1000080,"BLAQ – Livestock Hair Dye Kit",,"Agvance Trading Warehouse",,,,3.000,0.00,0.00
HO-1000095,"Salt Bricks 8x4x2 Inch 4 Pack",,"Agvance Trading Warehouse",,,,0.000,0.00,0.00
HO-1000111,"Ambic Teat Spray Gun",,"Agvance Trading Warehouse",,,,0.000,0.00,0.00
HO-1000147,"Topimec Pour-On (Ivermectin) - 2.5Ltrs",,"Agvance Trading Warehouse",,,,0.000,0.00,0.00
HO-1000148,"Topimec Pour-On (Ivermectin) - 5Ltrs",,"Agvance Trading Warehouse",,,,0.000,0.00,0.00
HO-1000149,"Curafluke 10% (Rafoxanide, Fenbendazole) - 1Ltr",,"Agvance Trading Warehouse",,,,0.000,0.00,0.00
HO-1000151,"Curafluke 10% (Rafoxanide, Fenbendazole) - 2.5Ltrs",,"Agvance Trading Warehouse",,,,0.000,0.00,0.00
HO-1000152,"Curafluke 5% (Rafoxanide, Fenbendazole) - 1Ltr",,"Agvance Trading Warehouse",,,,0.000,0.00,0.00
HO-1000153,"Fasinex 240 (Triclabendazole) - 2.2ltrs",,"Agvance Trading Warehouse",,,,0.000,0.00,0.00
HO-1000154,"Fasinex 240 (Triclabendazole) - 5Ltrs",,"Agvance Trading Warehouse",,,,0.000,0.00,0.00
HO-1000155,"Fasinex Sheep 2.2ltr (Triclabendazole)",,"Agvance Trading Warehouse",,,,0.000,0.00,0.00
HO-1000156,"Flukiver Oral Drench (Closantel) - 1Ltr",,"Agvance Trading Warehouse",,,,0.000,0.00,0.00
HO-1000157,"Flukiver Oral Drench (Closantel) - 2.5Ltrs",,"Agvance Trading Warehouse",,,,0.000,0.00,0.00
HO-1000158,"Fenbenor 2.5% (Fenbendazole) - 1Ltr",,"Agvance Trading Warehouse",,,,0.000,0.00,0.00
HO-1000159,"Fenbenor 2.5% (Fenbendazole) - 2.5Ltrs",,"Agvance Trading Warehouse",,,,0.000,0.00,0.00
HO-1000160,"Fenben 10 (Fenbendazole) - 1Ltr",,"Agvance Trading Warehouse",,,,0.000,0.00,0.00
HO-1000161,"Fenben 10 (Fenbendazole) - 2.5Ltrs",,"Agvance Trading Warehouse",,,,0.000,0.00,0.00
HO-1000162,"Fenben 10 (Fenbendazole) - 5Ltrs",,"Agvance Trading Warehouse",,,,0.000,0.00,0.00
HO-1000164,"Levacide Low-Volume Worm Drench 7.5% w/v - 2.5Ltrs",,"Agvance Trading Warehouse",,,,0.000,0.00,0.00
HO-1000165,"Oxfencare (Oxfendazole) - 2.5Ltrs",,"Agvance Trading Warehouse",,,,0.000,0.00,0.00
HO-1000166,"Oxfencare (Oxfendazole) - 10Ltrs",,"Agvance Trading Warehouse",,,,0.000,0.00,0.00
HO-1000167,"Topimec Super (Ivermectin, Clorsulan) - 250ml",,"Agvance Trading Warehouse",,,,0.000,0.00,0.00
HO-1000168,"Topimec Super (Ivermectin, Clorsulan) - 500ml",,"Agvance Trading Warehouse",,,,0.000,0.00,0.00
HO-1000169,"Moxodex (moxidectin) - 1Ltr",,"Agvance Trading Warehouse",,,,0.000,0.00,0.00
HO-1000170,"Moxodex (moxidectin) - 2.5Ltrs",,"Agvance Trading Warehouse",,,,0.000,0.00,0.00
HO-1000171,"Tracesure Cattle XL with Copper 10's",,"Agvance Trading Warehouse",,,,0.000,0.00,0.00
HO-1000172,"Lamb Teats - Pull On",,"Agvance Trading Warehouse",,,,0.000,0.00,0.00
HO-1000173,"Cheno Unction - 2kg",,"Agvance Trading Warehouse",,,,0.000,0.00,0.00
HO-1000174,"Cheno Unction - 400g",,"Agvance Trading Warehouse",,,,0.000,0.00,0.00
HO-1000183,"Drench-Mate Post-Calving Drench Powder 7.5kg (11 Feeds) - 7.5kg bucket (11 Feeds)",,"Agvance Trading Warehouse",,,,14.000,0.00,0.00
HO-1000202,"Magic Topline Spray",,"Agvance Trading Warehouse",,,,15.000,0.00,0.00
HOBBLESNYLON&CHAIN,"Nylon and Chain Hobble",,"Agvance Trading Warehouse",,,,0.000,0.00,0.00
HOBBLESPADDEDNYLON,"Nylon Hobble",,"Agvance Trading Warehouse",,,,0.000,0.00,0.00
HOGGSKINGJACKETLARGE,"Hoggs of Fife Green King Jacket - Large",,"Agvance Trading Warehouse",,,,0.000,0.00,0.00
HOGGSKINGJACKETXLARGE,"Hoggs of Fife Green King Jacket - X Large",,"Agvance Trading Warehouse",,,,0.000,0.00,0.00
HOOFNIPPERNORDIC,"Hoof Nipper",,"Agvance Trading Warehouse",,,,3.000,0.00,0.00
HOOFOILBLACK,"Gold label Hoof Oil - Black",,"Agvance Trading Warehouse",,,,0.000,0.00,0.00
HOOFOILCLEAR,"Gold label Hoof Oil - clear",,"Agvance Trading Warehouse",,,,0.000,0.00,0.00
HORNERRAZORCLIPPER,"Horner Razor Clipper",,"Agvance Trading Warehouse",,,,1.000,166.15,166.15
HORNERRAZORCLIPPER,"Horner Razor Clipper",,"Agvance Trading Warehouse",,,,4.000,166.15,664.60
HORNERZIPPERDIRTY,"Horner Zipper Clipper II Dirty Head",,"Agvance Trading Warehouse",,,,0.000,0.00,0.00
HOSEERGOPROSINGLE,"15FT SPARE HOSE FOR ERGO PRO SINGLE MOTOR DRYER",,"Agvance Trading Warehouse",,,,0.000,0.00,0.00
HOWARDCARDINGCOMB,"Howard No. 3 Sheep Card",,"Agvance Trading Warehouse",,,,2.000,0.00,0.00
HUSTLERSHOWSTICK,"54″ 2 Piece Black Show Stick",,"Agvance Trading Warehouse",,,,0.000,0.00,0.00
HYDOR26LIVESTOCKFAN,"Hydor 26"" Livestock Fan",,"Agvance Trading Warehouse",,,,0.000,0.00,0.00
HYGEIAWINTER1GAL,"Sheep Dip - Hygeia Winter Dip",,"Agvance Trading Warehouse",,,,0.000,0.00,0.00
HYPERCOATENHANCER,"Hyper-Coat Enhancer / sho-glo",,"Agvance Trading Warehouse",,,,0.000,0.00,0.00
INFRACAGELAMPHOLDER,"Infra Cage Lamp Holder",,"Agvance Trading Warehouse",,,,2.000,0.00,0.00
INTRAPASTE,"Intrahoof Paste",,"Agvance Trading Warehouse",,,,2.000,0.00,0.00
IOWATRAININGHALTER,"Sullivan's Training Halter - Kilkenny",,"Agvance Trading Warehouse",,,,0.000,0.00,0.00
ISOPARKALADIESXL,"Betacraft ISO940 Womens Overtrouser - X Large",,"Agvance Trading Warehouse",,,,0.000,0.00,0.00
ISOPRO20kg,"Isopro 20kg",,"Agvance Trading Warehouse",,,,0.000,0.00,0.00
ISOTROUSERSLADIESL,"Betacraft ISO940 Womens Overtrouser - Large",,"Agvance Trading Warehouse",,,,0.000,0.00,0.00
ISOTROUSERSLADIESM,"Betacraft ISO940 Womens Overtrouser - Medium",,"Agvance Trading Warehouse",,,,0.000,0.00,0.00
ISOTROUSERSLADIESS,"Betacraft ISO940 Womens Overtrouser - Small",,"Agvance Trading Warehouse",,,,0.000,0.00,0.00
IVOMECCLASSICINJ200ML,"Ivomec Classic Injection for Cattle and Sheep",,"Agvance Trading Warehouse",,,,0.000,0.00,0.00
IVOMECCLASSICPOURON1L,"Ivomec Classic Pour-on for Cattle and Sheep - 1L",,"Agvance Trading Warehouse",,,,0.000,0.00,0.00
IVOMECCLASSICPOURON2.5,"Ivomec Classic Pour-on for Cattle and Sheep - 2.5L",,"Agvance Trading Warehouse",,,,0.000,0.00,0.00
IVOMECSUPER200ML,"Ivomec Super Injection for Cattle - 200ml",,"Agvance Trading Warehouse",,,,0.000,0.00,0.00
IVOMECSUPER500ML,"Ivomec Super Injection for Cattle - 500ml",,"Agvance Trading Warehouse",,,,0.000,0.00,0.00
JAKOTISHEARS,"Jakoti Hand Shears",,"Agvance Trading Warehouse",,,,0.000,0.00,0.00
jaksh,"Jakoti Shears",,"Agvance Trading Warehouse",,,,0.000,0.00,0.00
JETBLACK1LTR,"Jet Black Shine - 1 Litre",,"Agvance Trading Warehouse",,,,15.000,0.00,0.00
JETBLACK5LITRE,"Jet Black Shine - 5 Litre",,"Agvance Trading Warehouse",,,,0.000,0.00,0.00
JETBLACKTOUCHUP1,"Sullivan's Jet Black Touch-Up",,"Agvance Trading Warehouse",,,,0.000,0.00,0.00
JMSEDGEFIELD11WAX,"Jack Murphy - Sedgefield II Wax Jacket",,"Agvance Trading Warehouse",,,,500.000,0.00,0.00
JOBSONSBISCUITBLOOM,"Jobson Biscuit Bloom Powder",,"Agvance Trading Warehouse",,,,4.000,0.00,0.00
JUNIORSHOWKITBLACK,"Junior Show Kit - Black",,"Agvance Trading Warehouse",,,,0.000,0.00,0.00
JUNIORSHOWKITCHAROWHITE,"Junior Show Kit - Charo White",,"Agvance Trading Warehouse",,,,0.000,0.00,0.00
JUNIORSHOWKITCREAM,"Junior Show Kit - Charo Cream",,"Agvance Trading Warehouse",,,,1.000,0.00,0.00
JUNIORSHOWKITLIMO,"Junior Show Kit - Limousin",,"Agvance Trading Warehouse",,,,0.000,0.00,0.00
JUNIORSHOWKITLIMONDHEREFORD,"Junior Show Kit - Dark Limousin & Hereford",,"Agvance Trading Warehouse",,,,1.000,0.00,0.00
JUNIORSHOWKITSOAPBAR,"Junior Show Kit - 3 Glycerine Clear Soap Bars",,"Agvance Trading Warehouse",,,,1.000,0.00,0.00
JUNIORSHOWKITYELLOW,"Junior Show Kit - Charo Yellow",,"Agvance Trading Warehouse",,,,0.000,0.00,0.00
KAOLINPOWDER1KG,"Kaolin Powder 25kg - 1kg",,"Agvance Trading Warehouse",,,,24.000,0.00,0.00
KAOLINPOWDER25KG,"Kaolin Powder 25kg - 25Kg",,"Agvance Trading Warehouse",,,,6.000,0.00,0.00
KAOLINPOWDER25KG,"Kaolin Powder 25kg - 25Kg",,"Agvance Trading Warehouse",,62219,,2.000,0.00,0.00
KETOVIT1L,"Ketovit 1 Litre",,"Agvance Trading Warehouse",,,,0.000,0.00,0.00
KLEENSHEEN1GAL,"Sullivan's Kleen Sheen - 3.8L",,"Agvance Trading Warehouse",,,,0.000,0.00,0.00
LABUVETTEDOUBLE,"La Buvette Double Drinker",,"Agvance Trading Warehouse",,,,0.000,0.00,0.00
LABUVETTEDRINKERWITHGUARD,"La Buvette Double Drinker With Guard",,"Agvance Trading Warehouse",,,,0.000,0.00,0.00
LACT,"LacTek Automatic Lamb Feeder 40/60 lambs",,"Agvance Trading Warehouse",,,,0.000,0.00,0.00
LACTEKTEATS,"Lactek Teats",,"Agvance Trading Warehouse",,,,48.000,0.00,0.00
Lamb03,"Cosy Lamb Jacket",,"Agvance Trading Warehouse",,,,2.000,0.00,0.00
LAMBBOTTLE1L,"Lamb Bottles 1 litre",,"Agvance Trading Warehouse",,,,3.000,0.00,0.00
LAMBENERGISER,"Natural Stockcare Lamb Energiser",,"Agvance Trading Warehouse",,,,0.000,0.00,0.00
LAMBESSENTIALKIT,"Lambing Essentials Kit",,"Agvance Trading Warehouse",,,,0.000,0.00,0.00
LAMBINGAID,"Lambing Aid",,"Agvance Trading Warehouse",,,,135.000,0.00,0.00
LAMBRINGS100,"Lamb Rings - 100",,"Agvance Trading Warehouse",,,,9.000,0.00,0.00
LAMBRINGS500,"Lamb Rings - 500",,"Agvance Trading Warehouse",,,,3.000,0.00,0.00
LAMBSTOMACHFEEDER,"Lamb Stomach Feeder",,"Agvance Trading Warehouse",,,,0.000,0.00,0.00
LAMBTEATRED,"Lamb Teat Red for Bucket Bar",,"Agvance Trading Warehouse",,,,13.000,0.00,0.00
LAMBWARMINGBOX,"Lamb Warming Box",,"Agvance Trading Warehouse",,,,0.000,0.00,0.00
LEAVEONHALTERLGE,"Nylon Leave-on Halter - Adult",,"Agvance Trading Warehouse",,,,5.000,0.00,0.00
LEAVEONHALTERSML,"Nylon Leave-on Halter - Calf",,"Agvance Trading Warehouse",,,,5.000,0.00,0.00
Lepto,"Leptavoid H - 50ml",,"Agvance Trading Warehouse",,,,0.000,0.00,0.00
LEPTO2,"Leptavoid H - 20ml",,"Agvance Trading Warehouse",,,,0.000,0.00,0.00
LEVACIDEINJ,"Levacide Injection 500ml",,"Agvance Trading Warehouse",,,,0.000,0.00,0.00
LIFESAVERCOLOSTRUM,"Lifesaver Colostrum 100gms",,"Agvance Trading Warehouse",,,,0.000,0.00,0.00
LIMMOSHINE1L,"Limmo Shine - 1 Litre",,"Agvance Trading Warehouse",,,,18.000,0.00,0.00
LIMMOSHINEEXTRA5L,"Limmoshine Extra 1l/5l - 5l",,"Agvance Trading Warehouse",,,,0.000,0.00,0.00
LIQITRACE,"LiquiTrace 25Litres",,"Agvance Trading Warehouse",,,,0.000,0.00,0.00
LIQUIDPARAFIN,"Liquid Parafin (4.5 Litre)",,"Agvance Trading Warehouse",,,,0.000,0.00,0.00
LIST3,"Lister A2/AC Medium",,"Agvance Trading Warehouse",,,,12.000,0.00,0.00
LIST5,"Lister Wizard 20 Tooth",,"Agvance Trading Warehouse",,,,0.000,0.00,0.00
LISTB,"Lister Carrier Bag",,"Agvance Trading Warehouse",,,,0.000,0.00,0.00
LISTERBLADESA2F/AC,"Lister Clipping Blades A2F/AC",,"Agvance Trading Warehouse",,,,0.000,0.00,0.00
Listereclipse,"Lister Eclipse Battery Clipper",,"Agvance Trading Warehouse",,,,0.000,0.00,0.00
LISTERNOVA,"Lister Nova with Flexible Driveshaft",,"Agvance Trading Warehouse",,,,0.000,0.00,0.00
LISTERPICO,"Pico Trimmer",,"Agvance Trading Warehouse",,,,2.000,0.00,0.00
LISTERSHEAR,"Lister Fusion Shears",,"Agvance Trading Warehouse",,,,0.000,0.00,0.00
lt1,"Lister Libretto Trimmer",,"Agvance Trading Warehouse",,,,500.000,0.00,0.00
LUBIGEL5L,"LUBIGEL 5 LITRE",,"Agvance Trading Warehouse",,,,0.000,0.00,0.00
LUXOR001,"Luxor Lx-1000 Single Motor Combination Dryer/Blaster With Heat",,"Agvance Trading Warehouse",,,,0.000,0.00,0.00
LX-DOUBLEDRYER,"Luxor LX-2000 Double Motor Combination Dryer",,"Agvance Trading Warehouse",,,,0.000,0.00,0.00
MAGNESIUMCHLORIDE,"Magnesium Chloride 25kg",,"Agvance Trading Warehouse",,,,49.000,0.00,0.00
MAGNESIUMCHLORIDE,"Magnesium Chloride 25kg",,"Agvance Trading Warehouse",,SW-23MCF1012,2025-10-20,50.000,0.00,0.00
MANANDBEASTTURBOCOLOSTRUM250G,"Turbo Colostrum - 250g",,"Agvance Trading Warehouse",,,,0.000,0.00,0.00
MANANDBEASTTURBOCOLOSTRUM450G,"Turbo Colostrum - 450g",,"Agvance Trading Warehouse",,,,0.000,0.00,0.00
MANANDBEASTTURBOCOLOSTRUM900G,"Turbo Colostrum - 900g",,"Agvance Trading Warehouse",,,,0.000,0.00,0.00
MARKERSPRAYPURPLE,"Coyle's Marker Spray 450ml - Purple",,"Agvance Trading Warehouse",,,,20.000,0.00,0.00
MASTERBLASTER,"Master Blaster Dryer",,"Agvance Trading Warehouse",,,,0.000,0.00,0.00
MATINGCRAYONRED,"Mating Mark Ram Crayon - Red",,"Agvance Trading Warehouse",,8230814W,2026-08-30,3.000,0.00,0.00
MATINGCRAYONRED,"Mating Mark Ram Crayon - Red",,"Agvance Trading Warehouse",,,,3.000,0.00,0.00
MAYCILLIN,"Maycillin 10's",,"Agvance Trading Warehouse",,,,13.000,0.00,0.00
"McCulloch Calf Resuscitator","Mcculloch Calf Resuscitator",,"Agvance Trading Warehouse",,,,1.000,0.00,0.00
MEDSTANLEYMOBILECHEST,"Medium Stanley Mobile Chest",,"Agvance Trading Warehouse",,,,0.000,0.00,0.00
MEGASHINE1LTR,"Megashine Coat Dressing - 1 Litre",,"Agvance Trading Warehouse",,,,19.000,0.00,0.00
MENSOVERTROUSERL,"ISO940 MENS BIB OVERTROUSER BETACRAFT - Large",,"Agvance Trading Warehouse",,,,0.000,0.00,0.00
MENSOVERTROUSERM,"ISO940 MENS BIB OVERTROUSER BETACRAFT - Medium",,"Agvance Trading Warehouse",,,,0.000,0.00,0.00
MENSOVERTROUSERSM,"ISO940 MENS BIB OVERTROUSER BETACRAFT - Small",,"Agvance Trading Warehouse",,,,0.000,0.00,0.00
MENSOVERTROUSERXL,"ISO940 MENS BIB OVERTROUSER BETACRAFT - X Large",,"Agvance Trading Warehouse",,,,0.000,0.00,0.00
MENSOVERTROUSERXXL,"ISO940 MENS BIB OVERTROUSER BETACRAFT - XXLarge",,"Agvance Trading Warehouse",,,,0.000,0.00,0.00
MENSOVERTROUSERXXXL,"ISO940 MENS BIB OVERTROUSER BETACRAFT - XXXLarge",,"Agvance Trading Warehouse",,,,0.000,0.00,0.00
MENSPARKBETAL,"ISO940 MENS PARKA BETACRAFT - Large",,"Agvance Trading Warehouse",,,,0.000,0.00,0.00
MENSPARKBETAM,"ISO940 MENS PARKA BETACRAFT - Medium",,"Agvance Trading Warehouse",,,,0.000,0.00,0.00
MENSPARKBETASM,"ISO940 MENS PARKA BETACRAFT - Small",,"Agvance Trading Warehouse",,,,0.000,0.00,0.00
MENSPARKBETAXL,"ISO940 MENS PARKA BETACRAFT - X Large",,"Agvance Trading Warehouse",,,,0.000,0.00,0.00
MENSPARKBETAXXL,"ISO940 MENS PARKA BETACRAFT - XXLarge",,"Agvance Trading Warehouse",,,,0.000,0.00,0.00
MENSPARKBETAXXXL,"ISO940 MENS PARKA BETACRAFT - XXXLarge",,"Agvance Trading Warehouse",,,,0.000,0.00,0.00
METALHOOFDISC,"Metal Hoof Grinding Disc",,"Agvance Trading Warehouse",,,,3.000,0.00,0.00
METALLATCHSTANLEY19,"Metal Latch Stanley Show Box 19inch",,"Agvance Trading Warehouse",,,,1.000,0.00,0.00
METALTRAININGHALTERLGE,"Metal Training Halter - Large",,"Agvance Trading Warehouse",,,,0.000,0.00,0.00
METALTRAININGHALTERSML,"Metal Training Halter - Small",,"Agvance Trading Warehouse",,,,0.000,0.00,0.00
METROBLASTER,"Metro Blaster Blower/Dryer",,"Agvance Trading Warehouse",,,,1.000,349.40,349.40
METROBLASTER,"Metro Blaster Blower/Dryer",,"Agvance Trading Warehouse",,,,0.000,349.40,0.00
MG5KGPLU,"5kg Milk Guard Bucket With C-Guard For Automatic Machines",,"Agvance Trading Warehouse",,,,0.000,0.00,0.00
MIGHTYMAC,"Nasco's Mighty Mac Cover Spray",,"Agvance Trading Warehouse",,,,0.000,0.00,0.00
milkbar50teat,"Milkbar 50 teat Feeder Mobile",,"Agvance Trading Warehouse",,,,1.000,0.00,0.00
MILKBAR5TEATCOMPARTMENTFEEDER,"New Milk Bar 5 Teat compartment feeder",,"Agvance Trading Warehouse",,,,0.000,0.00,0.00
MILKBARTEATGREYFEEDER,"MilkBar 10 Teat Grey Calf Feeder",,"Agvance Trading Warehouse",,,,1.000,0.00,0.00
MILKFILTERSOCKS10.5,"Milk Filter Sock - 10.5 x 2.75 300's",,"Agvance Trading Warehouse",,,,0.000,0.00,0.00
MILKFILTERSOCKS12,"Milk Filter Sock - 12 x 2.25 100's",,"Agvance Trading Warehouse",,,,0.000,0.00,0.00
MILKFILTERSOCKS17,"Milk Filter Sock - 17 x 3 100's",,"Agvance Trading Warehouse",,,,0.000,0.00,0.00
MILKFILTERSOCKS24,"Milk Filter Sock - 24 x 2.25 300's",,"Agvance Trading Warehouse",,,,0.000,0.00,0.00
MILKFILTERSOCKS26,"Milk Filter Sock - 26 x 3 100's",,"Agvance Trading Warehouse",,,,0.000,0.00,0.00
MILKINGAPRON,"Disposable Gown Pack Of 20",,"Agvance Trading Warehouse",,,,0.000,0.00,0.00
MILKSHAKE,"Milk Shake  7kg",,"Agvance Trading Warehouse",,,,0.000,0.00,0.00
MILKSHAKE500G,"Milkshake Power Colostrum - 500g",,"Agvance Trading Warehouse",,,,9.000,0.00,0.00
MINICIRCUITEER,"Mini Circuiteer Dryer/Blower",,"Agvance Trading Warehouse",,,,0.000,0.00,0.00
MiniMilker,"Cow mini milker",,"Agvance Trading Warehouse",,,,0.000,0.00,0.00
mlsb1,"Metal Latch Stanley Box 16â€",,"Agvance Trading Warehouse",,,,500.000,0.00,0.00
MOLASSES1000LITRE,"Organic Molasses - 1000 Litre",,"Agvance Trading Warehouse",,,,0.000,0.00,0.00
MOLASSESFEEDER,"Molasses Feeder",,"Agvance Trading Warehouse",,,,31.000,0.00,0.00
MOOCALL,Moocall,,"Agvance Trading Warehouse",,,,0.000,0.00,0.00
MOSSERACROBLADES,"Moser Arco Blade",,"Agvance Trading Warehouse",,,,1.000,0.00,0.00
MULLNITRILEGLOVESL,"Mullinahone Nitrile Milking Gloves - Large",,"Agvance Trading Warehouse",,,,0.000,0.00,0.00
MULLNITRILEGLOVESMED,"Mullinahone Nitrile Milking Gloves - Medium",,"Agvance Trading Warehouse",,,,0.000,0.00,0.00
MULLNITRILEGLOVESS,"Mullinahone Nitrile Milking Gloves - Small",,"Agvance Trading Warehouse",,,,0.000,0.00,0.00
MULLNITRILEGLOVESXL,"Mullinahone Nitrile Milking Gloves - X Large",,"Agvance Trading Warehouse",,,,0.000,0.00,0.00
MULTIPLEFEEDERLACTEK,"Start Kit Legrain N°2 (Lactek)",,"Agvance Trading Warehouse",,,,0.000,0.00,0.00
MUSCLEMASTER25,"Osmonds Muscle Master - 25kg",,"Agvance Trading Warehouse",,,,2.000,0.00,0.00
MUSCLEMASTER5,"Osmonds Muscle Master - 5kg",,"Agvance Trading Warehouse",,,,0.000,0.00,0.00
MUSCLEMASTER5L,"Muscle Master Liquid",,"Agvance Trading Warehouse",,,,0.000,0.00,0.00
MUSCLERIGHT1L,"Muscleright Cattle - 1 Litre",,"Agvance Trading Warehouse",,,,0.000,0.00,0.00
MUSCLERIGHT2.5L,"Muscleright Cattle - 2.5Litre",,"Agvance Trading Warehouse",,,,0.000,0.00,0.00
mwj1,"Jack Murphy - Martin Wax Jacket",,"Agvance Trading Warehouse",,,,500.000,0.00,0.00
NATURALCOTTON12C,"Natural Cotton Working Halters - 12mmw/r",,"Agvance Trading Warehouse",,,,0.000,0.00,0.00
NATURALCOTTON12W,"Natural Cotton Working Halters - 12mm",,"Agvance Trading Warehouse",,,,0.000,0.00,0.00
NATURALCOTTON16C,"Natural Cotton Working Halters - 16mmw/r",,"Agvance Trading Warehouse",,,,0.000,0.00,0.00
NATURALCOTTON8MM,"Cotton Show Halters - 8mm / Natural White",,"Agvance Trading Warehouse",,,,2.000,0.00,0.00
NATURALLEATHERHALTERFLATL,"Natural Leather Halter Flat Strap - Bull/Cow",,"Agvance Trading Warehouse",,,,0.000,0.00,0.00
NATURALLEATHERHALTERFLATM,"Natural Leather Halter Flat Strap - Young Bull/Heifer",,"Agvance Trading Warehouse",,,,0.000,0.00,0.00
NATURALLEATHERHALTERFLATS,"Natural Leather Halter Flat Strap - Calf",,"Agvance Trading Warehouse",,,,0.000,0.00,0.00
NATURALSCALLSTOCK1L,"Natural Stockcare Allstock Energy Tonic 1litre",,"Agvance Trading Warehouse",,,,0.000,0.00,0.00
NATURALSTOCKCAREAQUALAMB,"Natural Stockcare Aqua Lamb - 100ml",,"Agvance Trading Warehouse",,6824,2026-01-30,4.000,0.00,0.00
NATURALSTOCKCAREAQUALAMB,"Natural Stockcare Aqua Lamb - 100ml",,"Agvance Trading Warehouse",,,,20.000,0.00,0.00
NATURALSTOCKCAREEWEBOOST,"Natural Stockcare Ewe Booster 500ml",,"Agvance Trading Warehouse",,,,0.000,0.00,0.00
NEEDLE16X1LE,"Krusse Leur Lock Needles  16Gx1 - 16G x 1/2",,"Agvance Trading Warehouse",,,,0.000,0.00,0.00
NEOSOREXA3KG,"Neosorexa Rat Poison Gold Ratpacks 3kg",,"Agvance Trading Warehouse",,,,0.000,0.00,0.00
NEOSOREXABAITBLOCKS2.5KG,"Neosorexa Rat Poison Bait Blocks - 2.5kg",,"Agvance Trading Warehouse",,,,0.000,0.00,0.00
NEOSOREXAPACKS5KG,"Neosorexa Rat Poison Gold Ratpacks 5kg",,"Agvance Trading Warehouse",,,,0.000,0.00,0.00
NEOSOREXARATBAIT10KG,"Neosorexa  Rat Poison Gold Rat Bait 10kg",,"Agvance Trading Warehouse",,,,0.000,0.00,0.00
NEOSOREXBAITBLOCKS10KG,"Neosorexa Rat Poison Bait Blocks - 10kg",,"Agvance Trading Warehouse",,,,0.000,0.00,0.00
NETTEXIODINE8.8500ML,"Nettex Strong Iodine Extra Solution - 500ml Spray",,"Agvance Trading Warehouse",,,,0.000,0.00,0.00
NETTEXIODINE8.85L,"Nettex Strong Iodine Extra Solution - 5Ltrs",,"Agvance Trading Warehouse",,,,0.000,0.00,0.00
NITRILEGLOVELGE,"Nitrile Milking Gloves (10 Boxes of 100 Gloves) - Large",,"Agvance Trading Warehouse",,,,0.000,0.00,0.00
NITRILEGLOVEMED,"Nitrile Milking Gloves (10 Boxes of 100 Gloves) - Medium",,"Agvance Trading Warehouse",,,,0.000,0.00,0.00
NITRILEGLOVESML,"Nitrile Milking Gloves (10 Boxes of 100 Gloves) - Small",,"Agvance Trading Warehouse",,,,0.000,0.00,0.00
NITRILEGLOVESXL,"Nitrile Milking Gloves (10 Boxes of 100 Gloves) - X Large",,"Agvance Trading Warehouse",,,,0.000,0.00,0.00
nlhfs1,"Cow Halter Natural Leather Halter Flat Strap",,"Agvance Trading Warehouse",,,,0.000,0.00,0.00
NOROMECTIN1L,"Noromectin Pour On 1 Litre (Cattle)",,"Agvance Trading Warehouse",,,,0.000,0.00,0.00
NOROMECTINSHEEP5L,"Noromectin Sheep Drench 5l",,"Agvance Trading Warehouse",,,,0.000,0.00,0.00
NOZZLE,"Circuiteer 2 Blow Drier Nozzle",,"Agvance Trading Warehouse",,,,1.000,0.00,0.00
NSCBIOBALANCE10L,"Bio Balance Natural Stock Care - 10 Litres",,"Agvance Trading Warehouse",,,,0.000,0.00,0.00
NSCBIOBALANCE1L,"Bio Balance Natural Stock Care - 1 Litre",,"Agvance Trading Warehouse",,,,0.000,0.00,0.00
NUTRIBOOST,"Nutriboost 125ml",,"Agvance Trading Warehouse",,,,2.000,0.00,0.00
NXA0650FG00650,"Lamb Kick Start",,"Agvance Trading Warehouse",,,,0.000,0.00,0.00
NYLONNECKSTRAP1.5M,"Nylon Neck Strap - 1.5m",,"Agvance Trading Warehouse",,,,0.000,0.00,0.00
NYLONNECKSTRAP1.7M,"Nylon Neck Strap - 1.7m",,"Agvance Trading Warehouse",,,,1.000,0.00,0.00
ONOFTOGGLESWITCH,"Blower On/Off Switch (Circuiteer II)",,"Agvance Trading Warehouse",,,,6.000,13.00,78.00
OPTTRAININGHALTER,"Sullivan's Training Halter - Orange-Pink-Teal",,"Agvance Trading Warehouse",,,,0.000,0.00,0.00
ORANGEFLUTTER,"Orange Flutter Valve",,"Agvance Trading Warehouse",,,,0.000,0.00,0.00
ORELYTECAPSULE,"Ore Lyte Capsule",,"Agvance Trading Warehouse",,,,0.000,0.00,0.00
ORGANICMOLASSES1000LITRES,"Organic Molasses 1000 Litres (IBC and delivery included)",,"Agvance Trading Warehouse",,,,0.000,0.00,0.00
ORLDENFOX,"Orl Den Fox Repellent",,"Agvance Trading Warehouse",,,,0.000,0.00,0.00
OSMONDSCALFCOLOSTRUM1KG,"Osmonds Premium Brand Calf Colostrum Supplement 1kg",,"Agvance Trading Warehouse",,,,0.000,0.00,0.00
OSMONDSCODLIVIT25kg,"Osmonds Codlivit - 25kg",,"Agvance Trading Warehouse",,,,19.000,0.00,0.00
OSMONDSCODLIVIT5kg,"Osmonds Codlivit - 5kg",,"Agvance Trading Warehouse",,,,6.000,0.00,0.00
OSMONDSDEODOUR,"Osmonds De-Odour 500ml",,"Agvance Trading Warehouse",,,,3.000,0.00,0.00
OSMONDSVITPASTE,"Osmonds Alpaca & Llama Vitamin A, D3, E & B12 Paste",,"Agvance Trading Warehouse",,,,0.000,0.00,0.00
OSMONDTHRIVIT5L,"Osmonds Thrivit with Copper Drench for Sheep & Cattle - 5 Litres",,"Agvance Trading Warehouse",,,,0.000,0.00,0.00
OSTER10,"Oster A5 Blade Range - 10",,"Agvance Trading Warehouse",,,,0.000,0.00,0.00
OSTER15,"Oster A5 Blade Range - 15",,"Agvance Trading Warehouse",,,,0.000,0.00,0.00
OSTER30,"Oster A5 Blade Range - 30",,"Agvance Trading Warehouse",,,,0.000,0.00,0.00
OSTER40,"Oster A5 Blade Range - 40",,"Agvance Trading Warehouse",,,,0.000,0.00,0.00
OSTER50,"Oster A5 Blade Range - 50",,"Agvance Trading Warehouse",,,,0.000,22.79,0.00
OSTER50,"Oster A5 Blade Range - 50",,"Agvance Trading Warehouse",,,,2.000,22.79,45.58
OUTCAST,"Outcast Adhesive Remover",,"Agvance Trading Warehouse",,,,23.000,0.00,0.00
PEACHTEATSFORMILKBAR,"Peach Teat Threaded",,"Agvance Trading Warehouse",,,,0.000,0.00,0.00
PERTHPINCOMB5,"Perth Pin Comb",,"Agvance Trading Warehouse",,,,42.000,0.00,0.00
PHARCALD3CALCIUMBOLUS-1,"PharCal + D3 Calcium Bolus - 1",,"Agvance Trading Warehouse",,,,37.000,0.00,0.00
PHARCALD3CALCIUMBOLUS-2,"PharCal + D3 Calcium Bolus - 25 (€7 each)",,"Agvance Trading Warehouse",,,,1.000,0.00,0.00
PHARCALD3CALCIUMBOLUS-3,"PharCal + D3 Calcium Bolus - 50 (€6.50 each)",,"Agvance Trading Warehouse",,,,0.000,0.00,0.00
PHARGLUE200,"PharGlue 200ml Cartridge",,"Agvance Trading Warehouse",,,,0.000,0.00,0.00
PHARVETCALFBOLUSGUN,"Pharvet Calf Bolus Gun",,"Agvance Trading Warehouse",,,,2.000,0.00,0.00
PHARVETCOPPERFERTILITYGUN,"Pharvet Copper/High Fertility Bolus Gun",,"Agvance Trading Warehouse",,,,2.000,0.00,0.00
PHARVETSUPERGRAZINGBOLUSGUN,"Pharvet Supergrazing/Dry Cow Bolus Gun",,"Agvance Trading Warehouse",,,,4.000,0.00,0.00
PHILIPS20MLAUTODRENCHER,"Philips 20ml Auto Drencher",,"Agvance Trading Warehouse",,,,0.000,0.00,0.00
PHILIPSMETALDRENCHBLACK,"Philips 20ml Metal Drencher Black",,"Agvance Trading Warehouse",,,,1.000,0.00,0.00
PINKCOTTONHALTER16MM,"Pink Cotton Show Halter",,"Agvance Trading Warehouse",,,,14.000,0.00,0.00
PINKLEADROPE,"Pink Cotton Deluxe Lead Rope",,"Agvance Trading Warehouse",,,,19.000,0.00,0.00
PINKOIL,"Sullivan's Pink Oil",,"Agvance Trading Warehouse",,,,0.000,0.00,0.00
PISTOLMAN250ML,"Pistolman Drencher 250ml",,"Agvance Trading Warehouse",,,,14.000,0.00,0.00
PLASTICCURRYPINK,"Plastic Curry Comb - Pink",,"Agvance Trading Warehouse",,,,0.000,0.00,0.00
PLASTICCURRYPURPLE,"Plastic Curry Comb - Purple",,"Agvance Trading Warehouse",,,,0.000,0.00,0.00
POLARBLACK2XL,"Premium Polar Fleece - 2XL / Black",,"Agvance Trading Warehouse",,,,0.000,0.00,0.00
POLARBLACKL,"Premium Polar Fleece - L / Black",,"Agvance Trading Warehouse",,,,0.000,0.00,0.00
POLARBLACKM,"Premium Polar Fleece - M / Black",,"Agvance Trading Warehouse",,,,0.000,0.00,0.00
POLARBLACKS,"Premium Polar Fleece - S / Black",,"Agvance Trading Warehouse",,,,0.000,0.00,0.00
POLARBLACKXL,"Premium Polar Fleece - XL / Black",,"Agvance Trading Warehouse",,,,0.000,0.00,0.00
POLARGREYL,"Premium Polar Fleece - L / Seal Grey",,"Agvance Trading Warehouse",,,,0.000,0.00,0.00
POLARGREYM,"Premium Polar Fleece - M / Seal Grey",,"Agvance Trading Warehouse",,,,0.000,0.00,0.00
POLARGREYS,"Premium Polar Fleece - S / Seal Grey",,"Agvance Trading Warehouse",,,,0.000,0.00,0.00
POLARGREYXL,"Premium Polar Fleece - XL / Seal Grey",,"Agvance Trading Warehouse",,,,0.000,0.00,0.00
POLYWIRE500M6STRAND,"Gallagher Polywire 500m 6 Strand",,"Agvance Trading Warehouse",,,,0.000,0.00,0.00
Postplatinum,"Post Calver Platinum 25kg",,"Agvance Trading Warehouse",,,,27.000,0.00,0.00
Postplatinum,"Post Calver Platinum 25kg",,"Agvance Trading Warehouse",,1121,2026-12-01,27.000,0.00,0.00
POULTRYCIDER,"Poultry Cider Vinegar with Garlic",,"Agvance Trading Warehouse",,,,0.000,0.00,0.00
POULTRYFEEDER,"Poultry Feeder",,"Agvance Trading Warehouse",,,,0.000,0.00,0.00
POULTRYPOWDER,"Poultry Louse Powder 750g",,"Agvance Trading Warehouse",,,,0.000,0.00,0.00
POWERLYTETUBES,Powerlyte,,"Agvance Trading Warehouse",,,,0.000,0.00,0.00
precal,"Provimi  Precalver Minerals 20kg",,"Agvance Trading Warehouse",,,,0.000,0.00,0.00
Precalvplus,"Pre Calver Special 25kg",,"Agvance Trading Warehouse",,,,15.000,0.00,0.00
Precalvplus,"Pre Calver Special 25kg",,"Agvance Trading Warehouse",,7015,2027-01-07,15.000,0.00,0.00
PRIMATECH.5-2ML,"Primatech 0.5-2ml Vacinator Premium Pack",,"Agvance Trading Warehouse",,,,0.000,0.00,0.00
PRIMATECH12.5MLDRENCHER,"Primatech 12.5ml Drencher c/w 3Caps",,"Agvance Trading Warehouse",,,,0.000,0.00,0.00
PRIMETIMEADHESIVE,"Sullivan's Prime Time Adhesive (Black or Clear) - Black",,"Agvance Trading Warehouse",,,,0.000,0.00,0.00
PROVITACALFCOLOSTRUM300,"Provita Calf Colstrum 300g",,"Agvance Trading Warehouse",,,,0.000,0.00,0.00
PROVITACOLOSTRUM1.25KG,"Provita Lamb Colostrum Concentrate - 1.25kg",,"Agvance Trading Warehouse",,,,1.000,0.00,0.00
PROVITAHOOFSURE10L,"Provita Hoofsure Footbath Endurance Solution - 10 Litres",,"Agvance Trading Warehouse",,,,0.000,0.00,0.00
PROVITAHOOFSURE20L,"Provita Hoofsure Footbath Endurance Solution - 20 Litres",,"Agvance Trading Warehouse",,,,0.000,0.00,0.00
PROVITAHOOFSURE5L,"Provita Hoofsure Footbath Endurance Solution - 5 Litre",,"Agvance Trading Warehouse",,,,0.000,0.00,0.00
PROVITALAMBCOLOSTRUM250,"Provita Lamb Colostrum Concentrate - 250g",,"Agvance Trading Warehouse",,,,0.000,0.00,0.00
PUROFORTPLUSFULLSAFETY,"Dunlop Purofort Full Safety Green Wellington ­ - UK7",,"Agvance Trading Warehouse",,,,0.000,0.00,0.00
PUROFORTWELLINGTONS,"Dunlop Purofort Plus Green Wellington Dunlop - 9",,"Agvance Trading Warehouse",,,,0.000,0.00,0.00
PURPLEGREENTRAININGHALTER,"Sullivan's Training Halter - Purple-Lime Green",,"Agvance Trading Warehouse",,,,1.000,0.00,0.00
PURPLESHOWSTICK60IN,"Sullivan's ""Superstick"" ShowStick - Purple / 60in",,"Agvance Trading Warehouse",,,,24.000,0.00,0.00
RACHET,"Vink Beef Calving Aid 1800mm Alternate Traction Ratchet",,"Agvance Trading Warehouse",,,,0.000,0.00,0.00
RAMBOLEFTHAND,"Rambo QuickDraw Hand Fork - Left",,"Agvance Trading Warehouse",,,,3.000,0.00,0.00
RAMBORIGHTHAND,"Rambo QuickDraw Hand Fork - Right",,"Agvance Trading Warehouse",,,,2.000,0.00,0.00
RAMCRAYONSALLTEMP,"Ram Crayons All Temperatures",,"Agvance Trading Warehouse",,,,0.000,0.00,0.00
RAMHARNESSMATINGMARK,"Ram Harness",,"Agvance Trading Warehouse",,,,2.000,0.00,0.00
REDADJSTICK,"Adjustable Show Stick - Red",,"Agvance Trading Warehouse",,,,7.000,31.96,223.72
REDANDWHITETRAININGHALTER,"Sullivan's Training Halter - Red and white",,"Agvance Trading Warehouse",,,,0.000,0.00,0.00
REDCOTTONLEAD,"Deluxe Cotton Lead Ropes 14mm - Red / 1",,"Agvance Trading Warehouse",,,,0.000,0.00,0.00
REDCOTTONLEAD10,"Deluxe Cotton Lead Ropes 14mm - Red / 10",,"Agvance Trading Warehouse",,,,0.000,0.00,0.00
REDPOLYHALTER12MM,"Red 12mm Poly Halter",,"Agvance Trading Warehouse",,,,0.000,0.00,0.00
REDSHOWSTICK60IN,"Sullivan's ""Superstick"" ShowStick - Red / 60in",,"Agvance Trading Warehouse",,,,0.000,0.00,0.00
REPLACEMENTFILTER,"Filter for Megablaster/Circuiteer Blower Dryer",,"Agvance Trading Warehouse",,,,12.000,0.00,0.00
RESPIRONPASTE,"Respiron paste 60ml",,"Agvance Trading Warehouse",,,,0.000,0.00,0.00
RESPIRONPOWDER5KG,"Respiron 5kg",,"Agvance Trading Warehouse",,B262,2028-03-18,7.000,0.00,0.00
RESPIRONPOWDER5KG,"Respiron 5kg",,"Agvance Trading Warehouse",,,,7.000,0.00,0.00
REVIVELITE,"Sullivans Revive LITE",,"Agvance Trading Warehouse",,,,0.000,0.00,0.00
REZULTCALFSTARTER,"Rezult Calf Starter",,"Agvance Trading Warehouse",,,,0.000,0.00,0.00
ROCKIESREDSALTLICK,"Rockies Red Mineralised Salt Licks (2 blocks)",,"Agvance Trading Warehouse",,,,1.000,0.00,0.00
RODEXWHOLEWHEAT,"Rodex Whole Wheat 3 Kg Rat poison",,"Agvance Trading Warehouse",,,,0.000,0.00,0.00
ROUNDLEATHERSHEEPHALTER,"Round Leather Sheep Halter",,"Agvance Trading Warehouse",,,,0.000,0.00,0.00
ROUNDNOSENATURALC,"Cattle Halter - Natural Leather Halter Round Strap",,"Agvance Trading Warehouse",,,,498.000,0.00,0.00
RUT2,"Rutland Blue Poly Post 84cm (50 Posts)",,"Agvance Trading Warehouse",,,,0.000,0.00,0.00
SALTLAMPBIRDS,"Round Salt Lamp with Birds",,"Agvance Trading Warehouse",,,,0.000,0.00,0.00
SALTLAMPGREYCUBIOD,"Grey Cuboid Salt Lamp",,"Agvance Trading Warehouse",,,,0.000,0.00,0.00
SALTLAMPMOON,"Round Moon Salt Lamp!",,"Agvance Trading Warehouse",,,,10.000,0.00,0.00
SALTLAMPTREE,"Round Rock Salt Lamp With Tree",,"Agvance Trading Warehouse",,,,0.000,0.00,0.00
SEABOOST4IN1,"Seaboost Hi Mag Fertility Mineral Bucket",,"Agvance Trading Warehouse",,,,0.000,0.00,0.00
SEABOOST4IN1,"Seaboost Hi Mag Fertility Mineral Bucket",,"Agvance Trading Warehouse",,220126,2027-07-22,267.000,0.00,0.00
SEALSTHERMAXWELLIES,"Seals Thermax Wellington Boots - UK12",,"Agvance Trading Warehouse",,,,0.000,0.00,0.00
SEAWEED,"Seaweed Flake Animal Feed Supplement – Natural Multivitamin for Cattle, Sheep & Calves",,"Agvance Trading Warehouse",,,,0.000,0.00,0.00
SEAWEEDMEAL,"Osmonds Canine Seaweed Meal",,"Agvance Trading Warehouse",,,,2.000,0.00,0.00
SELEKTSTOMACHPUMPSET,"Selekt Stomach Pump Set",,"Agvance Trading Warehouse",,,,0.000,281.67,0.00
SFBLUCC,"Surrey Fields Calving Collar (Blue) 11-20 - Blue",,"Agvance Trading Warehouse",,,,5.000,0.00,0.00
SFPINKCC,"Surrey Fields Calving Collar (Blue) 11-20 - Pink",,"Agvance Trading Warehouse",,,,5.000,0.00,0.00
"Sheep Shearing Blade Heiniger compatible","Sheep Shearing Blade Heiniger compatible",,"Agvance Trading Warehouse",,,,0.000,0.00,0.00
SHEEPCOTTONHALTE8MM,"Sheep Halter  White Cotton 8mm",,"Agvance Trading Warehouse",,,,21.000,0.00,0.00
SHEEPHEADSTOCK,"Sheep Headstock",,"Agvance Trading Warehouse",,,,2.000,0.00,0.00
sheepmag,"Agrimin Sheep/ Calves Bolus 24.7 Magnesium",,"Agvance Trading Warehouse",,,,0.000,0.00,0.00
SHEEPMINBLOCK10KG,"Sheep Cobalt Zinc Blocks 20KG",,"Agvance Trading Warehouse",,,,119.000,0.00,0.00
SHEEPRESTRAINER,"Sheep Restrainer - small",,"Agvance Trading Warehouse",,,,1.000,7.80,7.80
SHEEPSUDS,"Sheep Suds",,"Agvance Trading Warehouse",,,,6.000,0.00,0.00
SHEPARDCROOK,"Shepard's Crook Head",,"Agvance Trading Warehouse",,,,0.000,0.00,0.00
SHEPERDESSLAMBFEEDER,"Shepherdess Lamb Feeder",,"Agvance Trading Warehouse",,,,5.000,0.00,0.00
SHEPHERDESSEPLACEMENT,"Shepherdess Lamb Feeder Replacement Heating Element",,"Agvance Trading Warehouse",,,,1.000,0.00,0.00
SHEPHERDESSFEEDLINEKIT,"Shepherdess feed line kit",,"Agvance Trading Warehouse",,,,6.000,0.00,0.00
SHINEMILK20kg,"Shine Ewe-reka",,"Agvance Trading Warehouse",,,,0.000,0.00,0.00
SHOWMIST,"ShowTime Show Mist",,"Agvance Trading Warehouse",,,,13.000,0.00,0.00
SHOWTIMECOXPUNCH,"Cutter to fit ShowTime/Cox Punch",,"Agvance Trading Warehouse",,,,2.000,0.00,0.00
SHOWTIMEHERBAL,"Showtime Herbal Shampoos",,"Agvance Trading Warehouse",,,,0.000,0.00,0.00
SHOWWHITEHAIRCOLOUR,"Show White Hair Colour Spray",,"Agvance Trading Warehouse",,,,4.000,0.00,0.00
SILAGEBAG-1,"Heavy-Duty Silage Bags – Filled or Empty - Filled single",,"Agvance Trading Warehouse",,,,232.000,0.00,0.00
SILAGEBAG-120,"Heavy-Duty Silage Bags – Filled or Empty - Filled x 110 + 10 Free Bags",,"Agvance Trading Warehouse",,,,1299.000,0.00,0.00
SILAGEBAG-2,"Heavy-Duty Silage Bags – Filled or Empty - Filled x60",,"Agvance Trading Warehouse",,,,748.000,0.00,0.00
SILAGEBAG-4,"Heavy-Duty Silage Bags – Filled or Empty - Unfilled x50",,"Agvance Trading Warehouse",,,,750.000,0.00,0.00
SILAGEBAGUNFILLED,"Heavy-Duty Silage Bags – Filled or Empty - Unfilled Single",,"Agvance Trading Warehouse",,,,192.000,0.00,0.00
SILAGECOVER10.4M12M,"Woven Silage Covers – Long-Lasting Protection for Your Pit - 10.4M12M",,"Agvance Trading Warehouse",,,,66.000,0.00,0.00
SILAGECOVER10.4M14M,"Woven Silage Covers – Long-Lasting Protection for Your Pit - 10.4M14M",,"Agvance Trading Warehouse",,,,47.000,0.00,0.00
SILAGECOVER10.4M16M,"Woven Silage Covers – Long-Lasting Protection for Your Pit - 10.4M16M",,"Agvance Trading Warehouse",,,,80.000,0.00,0.00
SILAGECOVER10.4M18M,"Woven Silage Covers – Long-Lasting Protection for Your Pit - 10.4M18M",,"Agvance Trading Warehouse",,,,56.000,0.00,0.00
SILAGECOVER12M15M,"Woven Silage Covers – Long-Lasting Protection for Your Pit - 12M15M",,"Agvance Trading Warehouse",,,,18.000,0.00,0.00
SILVERADJSTICK,"Adjustable Show Stick - Silver",,"Agvance Trading Warehouse",,,,1.000,31.96,31.96
SILVERGLITTER250ML,"Silver Glitter 250ml",,"Agvance Trading Warehouse",,,,0.000,0.00,0.00
SILVERSUPERSTICK54IN,"Sullivan's ""Superstick"" ShowStick - Silver / 54in",,"Agvance Trading Warehouse",,,,3.000,0.00,0.00
SINGLEMOTORDRYER,"ErgoPro Single Motor Dryer",,"Agvance Trading Warehouse",,,,0.000,0.00,0.00
SIOENJACKET,"Sioen Essential Jacket",,"Agvance Trading Warehouse",,,,0.000,0.00,0.00
SIOENTROUSER,"Sioen Essential Trouser",,"Agvance Trading Warehouse",,,,0.000,0.00,0.00
SL2,"Salt Lamp 3kg",,"Agvance Trading Warehouse",,,,0.000,0.00,0.00
SLURRINPRO1KGSACHET,"Slurri N Pro Slurry Additive 1kg Sachet",,"Agvance Trading Warehouse",,,,0.000,0.00,0.00
SMALLTRACECALF,"Small Trace Calf Boluses",,"Agvance Trading Warehouse",,,,0.000,0.00,0.00
SMAR2,"Agrimin 24.7 Smartrace Cattle",,"Agvance Trading Warehouse",,,,0.000,0.00,0.00
SMARTCOMBFLUFFERREPLACEMENT6,"Sullivans Smart Fluffer Comb Replacement head - 6""",,"Agvance Trading Warehouse",,,,0.000,0.00,0.00
SMARTCOMBFLUFFERREPLACEMENT9,"Sullivans Smart Fluffer Comb Replacement head - 9""",,"Agvance Trading Warehouse",,,,0.000,0.00,0.00
SMARTCOMBSTIMULATORREPLACEMENT6,"Sullivans Smart Comb Stimulator Replacement Head - 6""",,"Agvance Trading Warehouse",,,,0.000,0.00,0.00
SMARTCOMBSTIMULATORREPLACEMENT9,"Sullivans Smart Comb Stimulator Replacement Head - 9""",,"Agvance Trading Warehouse",,,,0.000,0.00,0.00
SMARTRACELAMBS,"Agrimin Smartrace 24.7 For Lambs 200's",,"Agvance Trading Warehouse",,,,0.000,0.00,0.00
SMARTRACESHEEP,"Agrimin 24.7 Smartrace Sheep bolus",,"Agvance Trading Warehouse",,,,0.000,0.00,0.00
SOFTSTROKESHOWSTICKS,"Sullivan's Soft Stroke for Show Sticks",,"Agvance Trading Warehouse",,,,14.000,0.00,0.00
SOLANTEL2.5L,"Solantel Sheep Oral Drench - 2.5L",,"Agvance Trading Warehouse",,,,0.000,0.00,0.00
SOLANTELDRENCH5L,"Solantel Sheep Oral Drench - 5L",,"Agvance Trading Warehouse",,,,0.000,0.00,0.00
SOLU-E,"Natural Stockcare SOLU-E - 2.5Ltrs",,"Agvance Trading Warehouse",,,,2.000,0.00,0.00
SOLUE1L,"Natural Stockcare SOLU-E - 1Ltr",,"Agvance Trading Warehouse",,,,0.000,0.00,0.00
SOLUE5L,"Natural Stockcare SOLU-E - 5Ltrs",,"Agvance Trading Warehouse",,,,2.000,0.00,0.00
SP112.050,"Passion Oxygen Barrier Film - 12x50m",,"Agvance Trading Warehouse",,,,0.000,0.00,0.00
SPAREBATTERYFORRAZOR,"Spare Battery For Razor",,"Agvance Trading Warehouse",,,,6.000,37.85,227.10
SPAREBATTERYFORRAZOR,"Spare Battery For Razor",,"Agvance Trading Warehouse",,,,2.000,37.85,75.70
SPAREPART,"SPARE PART",,"Agvance Trading Warehouse",,,,0.000,0.00,0.00
SPEEDYFEEDER4L,"Speedy Calf Feeder - 4Ltrs",,"Agvance Trading Warehouse",,,,0.000,0.00,0.00
SPEEDYFEEDERDRENCHLIDS,"Drench Lid for Shoof Speedy Feeder",,"Agvance Trading Warehouse",,,,2.000,0.00,0.00
SPEEEDYDRENCHER,"Calf Speedy Drencher Complete - 2.5Litre",,"Agvance Trading Warehouse",,,,0.000,0.00,0.00
SPLINTS,"Flexi-Stop Calf Splint",,"Agvance Trading Warehouse",,,,9.000,0.00,0.00
SPRINGSCALES,"Spring Scales",,"Agvance Trading Warehouse",,,,0.000,0.00,0.00
SSGLOVEDISPENSER,"Stainless steel Glove Dispenser",,"Agvance Trading Warehouse",,,,0.000,0.00,0.00
STAINBUSTER,"Sullivan's Stain Buster",,"Agvance Trading Warehouse",,,,483.000,0.00,0.00
STAINBUSTER-1,"Sullivan's Stain Buster (Copy)",,"Agvance Trading Warehouse",,,,488.000,0.00,0.00
STALDREN25KG,Staldren,,"Agvance Trading Warehouse",,,,9.000,0.00,0.00
STALDREN25KG,Staldren,,"Agvance Trading Warehouse",,1620,2027-08-28,9.000,0.00,0.00
STANLEYFATMAXBOX,"Stanley Fatmax Box",,"Agvance Trading Warehouse",,,,0.000,0.00,0.00
STANLEYFAXMAX,"Stanley FatMax Mobile Show Box/Chest",,"Agvance Trading Warehouse",,,,0.000,0.00,0.00
STANLEYMEDIUMSHOWBOX,"Medium Stanley Show Box",,"Agvance Trading Warehouse",,,,0.000,0.00,0.00
STANLEYMOBILEWORKCENTRE,"Stanley Mobile Work Centre",,"Agvance Trading Warehouse",,,,0.000,0.00,0.00
STARTAID2KG,"Start Aid 2kg",,"Agvance Trading Warehouse",,,,0.000,0.00,0.00
STARTAIDPASTE,"Start Aid Paste - Individual tube",,"Agvance Trading Warehouse",,,,45.000,0.00,0.00
STARTAIDPASTE15,"Start Aid Paste - 12 + 3 free",,"Agvance Trading Warehouse",,,,0.000,0.00,0.00
STEELBLOCKHOLDER,"Steel Block Holders",,"Agvance Trading Warehouse",,,,96.000,0.00,0.00
STOCKBOOST1L,"Natural Stockcare Stock Boost - 1Ltr",,"Agvance Trading Warehouse",,,,0.000,0.00,0.00
STOCKBOOST2.5L,"Natural Stockcare Stock Boost - 2.5Ltrs",,"Agvance Trading Warehouse",,,,0.000,0.00,0.00
STOCKBOOST5L,"Natural Stockcare Stock Boost - 5Ltrs",,"Agvance Trading Warehouse",,,,0.000,0.00,0.00
STOCKHOLMTAR3KG,"Stockholm Tar - 2.5kg",,"Agvance Trading Warehouse",,,,2.000,0.00,0.00
STOCKHOLMTAR5KG,"Stockholm Tar - 5kg",,"Agvance Trading Warehouse",,,,1.000,0.00,0.00
STORMBLOCK10KG,"Storm Block Rat Poison Rat Bait - 10KG",,"Agvance Trading Warehouse",,,,0.000,0.00,0.00
STORMBLOCK3KG,"Storm Block Rat Poison Rat Bait - 3kg",,"Agvance Trading Warehouse",,,,0.000,0.00,0.00
STSHEARBENT5.2,"Showtime Sheep Shears - bent / 5.2""",,"Agvance Trading Warehouse",,,,0.000,0.00,0.00
STSHEARSTRAIGHT5.2,"Showtime Sheep Shears - straight / 5.2""",,"Agvance Trading Warehouse",,,,1.000,0.00,0.00
"Sturdy Lamb feeder Replacement Tubes Set of 4","Sturdy Lamb feeder Replacement Tubes Set of 4",,"Agvance Trading Warehouse",,,,0.000,0.00,0.00
STURDYLAMBFEEDER,"Sturdy Lamb Feeder",,"Agvance Trading Warehouse",,,,0.000,0.00,0.00
SUEVIA25R,"Suevia Green Enamel Nose Fill Drinking Bowl",,"Agvance Trading Warehouse",,,,0.000,0.00,0.00
SUEVIA25RDRINKER,"SUEVIA Drinking Bowls 25R",,"Agvance Trading Warehouse",,,,10.000,0.00,0.00
SUEVIABLACKBOWL,"Suevia Black Enamel Nose Fill Drinking Bowl",,"Agvance Trading Warehouse",,,,0.000,0.00,0.00
SULLAUBURNTOUCHUP,"Sullivan's Auburn Touch Up",,"Agvance Trading Warehouse",,,,0.000,0.00,0.00
SULLIVANSMARTCOMBBLUE,"Sullivan Smart Comb Yellow 6in",,"Agvance Trading Warehouse",,,,0.000,0.00,0.00
SULLIVANSMARTCOMBFLUFFER6,"Sullivan's Smart Fluffer Comb - 6in",,"Agvance Trading Warehouse",,,,3.000,0.00,0.00
SULLIVANSMARTCOMBFLUFFER9,"Sullivan's Smart Fluffer Comb - 9in",,"Agvance Trading Warehouse",,,,3.000,0.00,0.00
SULLIVANSMARTCOMBSTIMULATOR6,"Sullivan Smart Stimulator Comb - 6in",,"Agvance Trading Warehouse",,,,0.000,0.00,0.00
SULLIVANSMARTCOMBSTIMULATOR9,"Sullivan Smart Stimulator Comb - 9in",,"Agvance Trading Warehouse",,,,15.000,0.00,0.00
SULLIVANSPOWDERFUL,"Sullivan's Powder'ful White",,"Agvance Trading Warehouse",,,,5.000,0.00,0.00
SUMMERDIP,"Sheep Dip - Hygeia Summer Dip",,"Agvance Trading Warehouse",,,,0.000,0.00,0.00
SUPERCALM,"Super Calm For Horses",,"Agvance Trading Warehouse",,,,0.000,0.00,0.00
SUPERHAWK,"Hotline Super Hawk Fencer",,"Agvance Trading Warehouse",,,,0.000,0.00,0.00
SUPERLUBE1,"Ritchey Superlube - 1l",,"Agvance Trading Warehouse",,,,0.000,0.00,0.00
SUPERLUBE2.5,"Ritchie Superlube 5l",,"Agvance Trading Warehouse",,,,0.000,0.00,0.00
SUPERLUBE5,"Ritchey Superlube - 5l",,"Agvance Trading Warehouse",,,,0.000,0.00,0.00
SUPERPHOS10KG,"Super Phos High Fertility 20kg Pack - 1 Pack",,"Agvance Trading Warehouse",,912,2028-12-09,0.000,0.00,0.00
SUPERPHOS10KG,"Super Phos High Fertility 20kg Pack - 1 Pack",,"Agvance Trading Warehouse",,,,981.000,0.00,0.00
SUPERPHOS10KG-2,"Super Phos High Fertility 20kg Pack - 15 Packs + Metal Holder",,"Agvance Trading Warehouse",,,,105.000,0.00,0.00
SUPERPHOS10KG-3,"Super Phos High Fertility 20kg Pack - 20 Packs + Metal Holder",,"Agvance Trading Warehouse",,,,53.000,0.00,0.00
SUPERPHOS10KG-4,"Super Phos High Fertility 20kg Pack - 30 Packs, 2 x Metal Holders, Jacket",,"Agvance Trading Warehouse",,,,26.000,0.00,0.00
SUPERPHOS5%10KG,"SuperCalver Pre-Calver Mineral Pack - 1 Pack",,"Agvance Trading Warehouse",,1009,2027-09-10,209.000,0.00,0.00
SUPERPHOS5%10KG,"SuperCalver Pre-Calver Mineral Pack - 1 Pack",,"Agvance Trading Warehouse",,,,436.000,0.00,0.00
SUPERPHOS5%10KG-2,"SuperCalver Pre-Calver Mineral Pack - 10 Packs",,"Agvance Trading Warehouse",,,,43.000,0.00,0.00
SUPERPHOS5%10KG-3,"SuperCalver Pre-Calver Mineral Pack - 20 Packs + Holder + Jacket",,"Agvance Trading Warehouse",,,,21.000,0.00,0.00
SUPERPHOS5%10KG-4,"SuperCalver Pre-Calver Mineral Pack - 40 Packs",,"Agvance Trading Warehouse",,,,10.000,0.00,0.00
SUPERSUDS,"Supersuds Shampoo",,"Agvance Trading Warehouse",,,,2.000,0.00,0.00
SUSPENDEDDIALBALANCE,"Suspended Dial Balance 100kg",,"Agvance Trading Warehouse",,,,1.000,0.00,0.00
TAILBAG,"Sullivans Tail bag",,"Agvance Trading Warehouse",,,,6.000,0.00,0.00
TALLYCOUNTER,"Tally Counter",,"Agvance Trading Warehouse",,,,0.000,0.00,0.00
TEATREESHAMPOO500ML,"Wahl Tea Tree Oil Shampoo - 500ml",,"Agvance Trading Warehouse",,,,0.000,0.00,0.00
TECHDAIRYBIB2XL,"TECHNIDAIRY BIB OVERTROUSER Betacraft - XXLarge",,"Agvance Trading Warehouse",,,,0.000,0.00,0.00
TECHDAIRYBIB3XL,"TECHNIDAIRY BIB OVERTROUSER Betacraft - XXXLarge",,"Agvance Trading Warehouse",,,,0.000,0.00,0.00
TECHDAIRYBIBL,"TECHNIDAIRY BIB OVERTROUSER Betacraft - Large",,"Agvance Trading Warehouse",,,,0.000,0.00,0.00
TECHDAIRYBIBM,"TECHNIDAIRY BIB OVERTROUSER Betacraft - Medium",,"Agvance Trading Warehouse",,,,0.000,0.00,0.00
TECHDAIRYBIBS,"TECHNIDAIRY BIB OVERTROUSER Betacraft - Small",,"Agvance Trading Warehouse",,,,0.000,0.00,0.00
TECHDAIRYBIBXL,"TECHNIDAIRY BIB OVERTROUSER Betacraft - X Large",,"Agvance Trading Warehouse",,,,0.000,0.00,0.00
TECHDAIRYOVER2XL,"TECHNIDAIRY PARKA BETACRAFT - XXLarge",,"Agvance Trading Warehouse",,,,0.000,0.00,0.00
TECHDAIRYOVER3XL,"TECHNIDAIRY PARKA BETACRAFT - XXXLarge",,"Agvance Trading Warehouse",,,,0.000,0.00,0.00
TECHDAIRYOVERL,"TECHNIDAIRY PARKA BETACRAFT - Large",,"Agvance Trading Warehouse",,,,0.000,0.00,0.00
TECHDAIRYOVERM,"TECHNIDAIRY PARKA BETACRAFT - Medium",,"Agvance Trading Warehouse",,,,0.000,0.00,0.00
TECHDAIRYOVERS,"TECHNIDAIRY OVERTROUSER BETACRAFT - Small",,"Agvance Trading Warehouse",,,,0.000,0.00,0.00
TECHDAIRYOVERXL,"TECHNIDAIRY PARKA BETACRAFT - X Large",,"Agvance Trading Warehouse",,,,0.000,0.00,0.00
TECHDAIRYPARKAS,"TECHNIDAIRY PARKA BETACRAFT - Small",,"Agvance Trading Warehouse",,,,0.000,0.00,0.00
TECHNIBIBOVERL,"TECHNIFLEX BIB OVERTROUSER Betacraft - Large",,"Agvance Trading Warehouse",,,,0.000,0.00,0.00
TECHNIBIBOVERM,"TECHNIFLEX BIB OVERTROUSER Betacraft - Medium",,"Agvance Trading Warehouse",,,,0.000,0.00,0.00
TECHNIBIBOVERSM,"TECHNIFLEX BIB OVERTROUSER Betacraft - Small",,"Agvance Trading Warehouse",,,,0.000,0.00,0.00
TECHNIBIBOVERXL,"TECHNIFLEX BIB OVERTROUSER Betacraft - X Large",,"Agvance Trading Warehouse",,,,0.000,0.00,0.00
TECHNIBIBOVERXXL,"TECHNIFLEX BIB OVERTROUSER Betacraft - XXLarge",,"Agvance Trading Warehouse",,,,0.000,0.00,0.00
TECHNIBIBOVERXXXL,"TECHNIFLEX BIB OVERTROUSER Betacraft - XXXLarge",,"Agvance Trading Warehouse",,,,0.000,0.00,0.00
TECHNIOVERTROUSERSlar,"TECHNIFLEX OVERTROUSER Betacraft - Large",,"Agvance Trading Warehouse",,,,0.000,0.00,0.00
TECHNIOVERTROUSERSmed,"TECHNIFLEX OVERTROUSER Betacraft - Medium",,"Agvance Trading Warehouse",,,,0.000,0.00,0.00
TECHNIOVERTROUSERSsmall,"TECHNIFLEX OVERTROUSER Betacraft - Small",,"Agvance Trading Warehouse",,,,0.000,0.00,0.00
TECHNIOVERTROUSERSxlar,"TECHNIFLEX OVERTROUSER Betacraft - X Large",,"Agvance Trading Warehouse",,,,0.000,0.00,0.00
TECHNIOVERTROUSERSxxlar,"TECHNIFLEX OVERTROUSER Betacraft - XXLarge",,"Agvance Trading Warehouse",,,,0.000,0.00,0.00
TECHNIOVERTROUSERSxxxlar,"TECHNIFLEX OVERTROUSER Betacraft - XXXLarge",,"Agvance Trading Warehouse",,,,0.000,0.00,0.00
TECHNIPARKA4XL,"TECHNIFLEX PARKA Betacraft - 4xl",,"Agvance Trading Warehouse",,,,0.000,0.00,0.00
TECHNIPARKAL,"TECHNIFLEX PARKA Betacraft - Large",,"Agvance Trading Warehouse",,,,0.000,0.00,0.00
TECHNIPARKAM,"TECHNIFLEX PARKA Betacraft - Medium",,"Agvance Trading Warehouse",,,,0.000,0.00,0.00
TECHNIPARKAS,"TECHNIFLEX PARKA Betacraft - Small",,"Agvance Trading Warehouse",,,,0.000,0.00,0.00
TECHNIPARKAXL,"TECHNIFLEX PARKA Betacraft - X Large",,"Agvance Trading Warehouse",,,,0.000,0.00,0.00
TECHNIPARKAXXL,"TECHNIFLEX PARKA Betacraft - XXLarge",,"Agvance Trading Warehouse",,,,0.000,0.00,0.00
TECHNIPARKAXXXL,"TECHNIFLEX PARKA Betacraft - XXXLarge",,"Agvance Trading Warehouse",,,,0.000,0.00,0.00
TECNALLCALVINGAIDJACKMOOREHEAD,"Tecnall Calving Aid/Jack with Moore Park Head",,"Agvance Trading Warehouse",,,,0.000,0.00,0.00
THINNINGSCISSORS,"Thinning Scissors",,"Agvance Trading Warehouse",,,,4.000,0.00,0.00
THISTLEX1LSPRAY,"Thistlex 1litre Spray",,"Agvance Trading Warehouse",,,,0.000,0.00,0.00
TRADHALTERDOUBLELEATHERCOW/BULL,"Traditional Halter Strong Double Leather",,"Agvance Trading Warehouse",,,,3.000,0.00,0.00
TRAININGHALTERGANDP,"Sullivan's Training Halter - Green & Pink",,"Agvance Trading Warehouse",,,,1.000,0.00,0.00
TRAININGHALTERPPURPLEANDBLACK,"Sullivan's Training Halter - purple and black",,"Agvance Trading Warehouse",,,,12.000,0.00,0.00
TRAININGLEAD,"Training Lead",,"Agvance Trading Warehouse",,,,0.000,0.00,0.00
TRAMAZOLE1LITRE,"Tramazole 10% - 1 Litre",,"Agvance Trading Warehouse",,,,0.000,0.00,0.00
TRAMAZOLE5LITRE,"Tramazole 10% - 5 Litre",,"Agvance Trading Warehouse",,,,0.000,0.00,0.00
TRANQUIL1L,"Cattle Calmer Tranquil Natural Calmer 1 Litre - No Stress",,"Agvance Trading Warehouse",,,,0.000,0.00,0.00
TRIBEX10%5LTRS,"Tribex 5% - 5litre",,"Agvance Trading Warehouse",,,,0.000,0.00,0.00
TRIBOVACT100ML,"Tribovax T - 100ml",,"Agvance Trading Warehouse",,,,0.000,0.00,0.00
TRIBOVACT50ML,"Tribovax T - 50ml",,"Agvance Trading Warehouse",,,,0.000,0.00,0.00
TRICL0,"Triclaben 10% - 5Ltrs",,"Agvance Trading Warehouse",,,,0.000,0.00,0.00
TRICLABEN10%2.2L,"Triclaben 10% - 2.5Ltrs",,"Agvance Trading Warehouse",,,,0.000,0.00,0.00
TRICLABEN10%5L,"Tribex 10%  5Litre",,"Agvance Trading Warehouse",,,,0.000,0.00,0.00
TUBBYBEEFFINISHER22KG,"Tubby Beef Finisher 22kg",,"Agvance Trading Warehouse",,,,0.000,0.00,0.00
TUBBYCATTLECONDITIONER14KG,"Tubby Cattle Conditioner 14kg",,"Agvance Trading Warehouse",,,,0.000,0.00,0.00
TUBBYFROBUT14KG,"Tubby FroBut ORF 14kg",,"Agvance Trading Warehouse",,3835,2027-04-30,35.000,0.00,0.00
TUBBYFROBUTPLUS14KG,"Tubby Frobut & Imuherb 14kg",,"Agvance Trading Warehouse",,,,0.000,0.00,0.00
TUBBYLAMBFINISHER,"Tubby Lamb Finisher 14kg",,"Agvance Trading Warehouse",,,,0.000,0.00,0.00
TUBBYPREANDPOSTLAMBING14KG,"Tubby Pre And Post Lambing 14kg",,"Agvance Trading Warehouse",,,,0.000,0.00,0.00
TUBBYQUICKSERVE22KG,"Tubby Quick Serve 25KG",,"Agvance Trading Warehouse",,,,0.000,0.00,0.00
TUBBYSHEEPFEET14KG,"Tubby Sheep Feet 14kg",,"Agvance Trading Warehouse",,,,0.000,0.00,0.00
TUBBYSUPERTUP14KG,"Tubby Super Tup 14Kg",,"Agvance Trading Warehouse",,,,0.000,0.00,0.00
TURBOHYDRATEPOWDER,"Turbo Hydrate Powder",,"Agvance Trading Warehouse",,,,0.000,0.00,0.00
TURBOIMMUNEMANANDBEAST,"Turbo Immune 30ml",,"Agvance Trading Warehouse",,,,0.000,0.00,0.00
TURBOLIVESTOCK,"Turbo Livestock Fan 18""",,"Agvance Trading Warehouse",,,,496.000,0.00,0.00
TURBOVITALITYMANANDBEAST2.5L,"Turbo Vitality",,"Agvance Trading Warehouse",,,,0.000,0.00,0.00
TWINPLUS1LITRE,"Natural Stockcare Twin Plus - 1Ltr",,"Agvance Trading Warehouse",,,,0.000,0.00,0.00
TWINPLUS2.5,"Natural Stockcare Twin Plus - 2.5Ltrs",,"Agvance Trading Warehouse",,,,0.000,0.00,0.00
TWINPLUS5L,"Natural Stockcare Twin Plus - 5Ltrs",,"Agvance Trading Warehouse",,,,0.000,0.00,0.00
UNI2000,"UNI 2000",,"Agvance Trading Warehouse",,,,500.000,0.00,0.00
VACCADYNE450g,"Vaccadyne - Vaccadyne 450g",,"Agvance Trading Warehouse",,,,10.000,0.00,0.00
VACCADYNE900g,"Vaccadyne - Vaccadyne 900g",,"Agvance Trading Warehouse",,,,1.000,0.00,0.00
VECOXAN2.5,"Vecoxan - 2.5Litre",,"Agvance Trading Warehouse",,,,0.000,0.00,0.00
VECOXAN2.5l,"Vecoxan Oral Suspsension - 2.5Ltrs",,"Agvance Trading Warehouse",,,,0.000,0.00,0.00
VECTOR5LITRE,"Vector Pour On 5Litre",,"Agvance Trading Warehouse",,,,0.000,0.00,0.00
VETERICYN7NAVELDIP1GAL,"Vetericyn Super 7+ Navel Dip - 4.54ltrs",,"Agvance Trading Warehouse",,,,0.000,0.00,0.00
VETERICYNVF,"Vetericyn VF 500ml",,"Agvance Trading Warehouse",,,,0.000,0.00,0.00
VEXOCAN1L,"Vecoxan Oral Suspsension - 1Ltr",,"Agvance Trading Warehouse",,,,0.000,0.00,0.00
VINK1800CALVINGAIDJACKALTERNATING,"Vink 1800 Calving Aid/Jack - Alternating Action",,"Agvance Trading Warehouse",,,,600.000,0.00,0.00
VINK1800JACK,"Vink 1800 Beef Alternate Traction Calving Jack",,"Agvance Trading Warehouse",,,,1.000,0.00,0.00
VINK1800TRACTIONJACK,"1800 Alternate Traction Calving Jack",,"Agvance Trading Warehouse",,,,0.000,0.00,0.00
VINKLIMESPREADER,"Vink Lime Spreader",,"Agvance Trading Warehouse",,,,0.000,0.00,0.00
WAHLALOESOOTH500ML,"Wahl Aloe Soothe Shampoo - 500ml",,"Agvance Trading Warehouse",,,,0.000,0.00,0.00
WATERSOFTENERS,"Water Softener",,"Agvance Trading Warehouse",,,,2000.000,0.00,0.00
WATERSOFTENINGSALT,"Water Softening Salt",,"Agvance Trading Warehouse",,,,230.000,0.00,0.00
WHISK,"Steel Whisk",,"Agvance Trading Warehouse",,,,3.000,7.68,23.04
WHITECOTTON20,"Cotton Show Halters - 20mm / White",,"Agvance Trading Warehouse",,,,0.000,0.00,0.00
WHITECOTTON8MM,"Cotton Show Halters - 8mm / White",,"Agvance Trading Warehouse",,,,1.000,0.00,0.00
WHITECOTTONLEAD,"Deluxe Cotton Lead Ropes 14mm - White / 1",,"Agvance Trading Warehouse",,,,0.000,0.00,0.00
WHITECOTTONLEAD10,"Deluxe Cotton Lead Ropes 14mm - White / 10",,"Agvance Trading Warehouse",,,,0.000,0.00,0.00
WHITELEADROPE12MM,"White Cotton Lead Rope 12mm",,"Agvance Trading Warehouse",,,,24.000,0.00,0.00
WHITEPOLY16MM,"Poly Halters - 16mm White",,"Agvance Trading Warehouse",,,,39.000,0.00,0.00
WHITERTHANWHTIE,"Whiter Than White Paste",,"Agvance Trading Warehouse",,,,0.000,0.00,0.00
WIRESLICKERBRUSH,"Wire Slicker Brush",,"Agvance Trading Warehouse",,,,37.000,0.00,0.00
WOOLMIX1L,"Traditional Wool Mix - 1 Lts",,"Agvance Trading Warehouse",,,,10.000,0.00,0.00
WOOLMIX5L,"Traditional Wool Mix - 5Ltrs",,"Agvance Trading Warehouse",,,,1.000,0.00,0.00
WParkaLARGE,"ISO940 WOMENS PARKA BETACRAFT - Large",,"Agvance Trading Warehouse",,,,0.000,0.00,0.00
WParkaMEDIUM,"ISO940 WOMENS PARKA BETACRAFT - Medium",,"Agvance Trading Warehouse",,,,0.000,0.00,0.00
WParkaSMALL,"ISO940 WOMENS PARKA BETACRAFT - Small",,"Agvance Trading Warehouse",,,,0.000,0.00,0.00
WParkaXLARGE,"ISO940 WOMENS PARKA BETACRAFT - X Large",,"Agvance Trading Warehouse",,,,0.000,0.00,0.00
WParkaXXLARGE,"ISO940 WOMENS PARKA BETACRAFT - XX Large",,"Agvance Trading Warehouse",,,,0.000,0.00,0.00
YEND2HOSECONNECTOR,"Y End two Hose Connector",,"Agvance Trading Warehouse",,,,0.000,0.00,0.00
Z1022,"Ectospec Pour On - 500ml",,"Agvance Trading Warehouse",,,,0.000,0.00,0.00
Z1033,"COPPER and SELENIUM SR BOLUS HIGH SELENIUM",,"Agvance Trading Warehouse",,,,488.000,0.00,0.00
ZANIL5L,"Zanil 5Litre",,"Agvance Trading Warehouse",,,,0.000,0.00,0.00
