sku,name,barcode,category,uom,weight_kg,cost_price,sell_price,hs_code,country_of_origin,image_url,supplier_code,supplier_sku
1,IAE SARACEN DUAL WIDTH,1,,EACH,,,3400,,,https://cdn.shopify.com/s/files/1/0823/0961/1864/files/saracen-dual-width_lrg.jpg?v=1712341585,,
4,FULL ACCESS CRUSHES,4,,EACH,,,2200,,,,,
7,HEAD SCOOP,7,,EACH,,,550,,,https://cdn.shopify.com/s/files/1/0823/0961/1864/files/head_scoop2.jpg?v=1712575151,,
151,Calf Halter Black Cotton,151,,EACH,,,15,,,https://cdn.shopify.com/s/files/1/0823/0961/1864/files/cotton-black.jpg?v=1712575543,,
283,Heiniger Xperience Clipper,283,,EACH,,310,440,,,https://cdn.shopify.com/s/files/1/0823/0961/1864/files/Xperience.jpg?v=1751461506,MULLINAHONE,
285,Cattle Clipper Lister Laser 2 Sheep/Dirty Cattle Clipper,285,,EACH,,,395,,,https://cdn.shopify.com/s/files/1/0823/0961/1864/files/tn_laser2_shear.jpg?v=1712575472,CHRISTIES,
364,Natural Cotton Working Halters - 10mm,364,,EACH,,,7,,,https://cdn.shopify.com/s/files/1/0823/0961/1864/files/nat_8mm-nat-cut-out.jpg?v=1712575540,,
380,Heiniger Xtra Sheep Shears And Dirty Cattle Clipper,380,,EACH,,360,575,,,https://cdn.shopify.com/s/files/1/0823/0961/1864/files/heniger_Xtra_72dpi_25.jpg?v=1751461350,MULLINAHONE,
847,Sullivan's Revive Skin and Hair Conditioner,847,,EACH,,,15,,,https://cdn.shopify.com/s/files/1/0823/0961/1864/files/20140321120413_revive.jpg?v=1712575423,SHOWTIME,
903,Sheep Halters Natural Cotton 8mm,903,,EACH,,,6,,,https://cdn.shopify.com/s/files/1/0823/0961/1864/files/20110929185813_7mm-nat-cut-out.jpg?v=1712575791,,
1133,Cow Halter - Red Cotton Show Halter,1133,,EACH,,,22,,,https://cdn.shopify.com/s/files/1/0823/0961/1864/files/cotton-red.jpg?v=1712575546,,
2012,Ritchey Medicated Shampoos,2012,,EACH,,,30,,,,,
3760,Winner's Brand Black Magic Halters Out of Stock,3760,,EACH,,,52,,,https://cdn.shopify.com/s/files/1/0823/0961/1864/files/black_magic2.jpg?v=1712575807,,
4370,Ivomec Super Injection for Cattle 200ml,4370,,EACH,,,89.99,,,https://cdn.shopify.com/s/files/1/0823/0961/1864/files/ivomect_inj.jpg?v=1712341570,,
6012,Wolsely Harrier Cattle Clipper,6012,,EACH,,,450,,,https://cdn.shopify.com/s/files/1/0823/0961/1864/files/R.jpg?v=1712575430,,
6036,"Sullivan's Superstick Show Sticks 54""",6036,,EACH,,,61,,,https://cdn.shopify.com/s/files/1/0823/0961/1864/files/54b2.jpg?v=1712575660,SHOWTIME,
8051,Medium Steel Show Box,8051,,EACH,,,380,,,https://cdn.shopify.com/s/files/1/0823/0961/1864/files/stem.jpg?v=1712575652,,
8057,Sullivan's 5' Upright Dolly Box,8057,,EACH,,,1100,,,https://cdn.shopify.com/s/files/1/0823/0961/1864/files/sullivan-s_dollybox.jpg?v=1712575652,,
10308,Blo i200 Single Motor Blower,,,EACH,6,114.13,255.5,,,https://cdn.shopify.com/s/files/1/0823/0961/1864/files/BloI200.png?v=1751461170,CHRISTIES,
10310,Blo i400 Dual Motor Blower,,,EACH,,194.63,435.5,,,https://cdn.shopify.com/s/files/1/0823/0961/1864/files/Blo_I400_2.png?v=1751461169,CHRISTIES,
13066,M-R Muscle  Embrocation 500ml,5027286052368,,EACH,,,21.1,,,https://cdn.shopify.com/s/files/1/0823/0961/1864/files/13066_e514792d-cc98-4589-89e6-cffc8e4932f1.webp?v=1756477649,TRIEQUESTRIAN,
13082,Supreme Highlighter Gloss 100ml,5060170120347,,EACH,,,20.2,,,https://cdn.shopify.com/s/files/1/0823/0961/1864/files/13082.webp?v=1756477381,TRIEQUESTRIAN,
13927,A & R 1ltr X,5397055464822,,EACH,,,57.4,,,https://cdn.shopify.com/s/files/1/0823/0961/1864/files/143.webp?v=1756723186,TRIEQUESTRIAN,
13928,Alpine Arnica 250ml,5397055464839,,EACH,,,29.2,,,https://cdn.shopify.com/s/files/1/0823/0961/1864/files/144_33053b58-3fd1-499e-a444-657178d3b32e.webp?v=1756723443,TRIEQUESTRIAN,
13971,Blue Chip Lami Light 15Kg,5060094090078,,EACH,,,68.4,,,,TRIEQUESTRIAN,
13975,Blue Chip Original 15kg,5060094090429,,EACH,,,68.4,,,https://cdn.shopify.com/s/files/1/0823/0961/1864/files/13975_8b60fb30-0296-43b6-a678-7139d5c028b6.webp?v=1756479409,TRIEQUESTRIAN,
13976,Blue Chip Pro 15kg,5060094090412,,EACH,,,71.2,,,https://cdn.shopify.com/s/files/1/0823/0961/1864/files/13976_e3b126eb-f6d6-467b-b815-af357698a7b8.webp?v=1756479555,TRIEQUESTRIAN,
13983,Botanica 6-in-1 Spray,5060119320081,,EACH,,,22.5,,,https://cdn.shopify.com/s/files/1/0823/0961/1864/files/13983.webp?v=1756480476,TRIEQUESTRIAN,
13985,Botanica Anti Itch cream 550ml,5060119322009,,EACH,,,51.8,,,https://cdn.shopify.com/s/files/1/0823/0961/1864/files/13985.webp?v=1756480364,TRIEQUESTRIAN,
13986,Botanica Small Animal Care 125ml,5060119322092,,EACH,,,28.3,,,https://cdn.shopify.com/s/files/1/0823/0961/1864/files/13986.webp?v=1756479861,TRIEQUESTRIAN,
13987,Botanica Fly Spray 750ML,5060119320098,,EACH,,,25.9,,,https://cdn.shopify.com/s/files/1/0823/0961/1864/files/13987.webp?v=1756479663,TRIEQUESTRIAN,
13994,Breeze Up 1ltr,5060201880639,,EACH,,,27.3,,,https://cdn.shopify.com/s/files/1/0823/0961/1864/files/shopping_15.webp?v=1756481317,TRIEQUESTRIAN,
14051,Clean as Whistle 1Ltr,5397055464846,,EACH,,,54.6,,,https://cdn.shopify.com/s/files/1/0823/0961/1864/files/145_e387b2bd-0809-4bba-8fb7-82caa331c4b4.webp?v=1756723625,TRIEQUESTRIAN,
14069,Coltish 1Ltr,5397055464853,,EACH,,,57.4,,,https://cdn.shopify.com/s/files/1/0823/0961/1864/files/146.webp?v=1756723730,TRIEQUESTRIAN,
14088,Cool It Powder 900G,5060201881353,,EACH,,,42.5,,,https://cdn.shopify.com/s/files/1/0823/0961/1864/files/19.webp?v=1756481413,TRIEQUESTRIAN,
14093,Copper-Trition 4kg,5060201880110,,EACH,,,78.6,,,https://cdn.shopify.com/s/files/1/0823/0961/1864/files/110.webp?v=1756469985,TRIEQUESTRIAN,
14105,Cribox Paint 400ml,5027286031356,,EACH,,14.89,27.5,,,https://cdn.shopify.com/s/files/1/0823/0961/1864/files/14105.webp?v=1756478381,TRIEQUESTRIAN,
14120,Diarsanyl 60ml Syringe(1's),3411112246182,,EACH,,,27.4,,,https://cdn.shopify.com/s/files/1/0823/0961/1864/files/157.jpg?v=1756726532,TRIEQUESTRIAN,
14149,Echinacea Plus 1Ltr,5032410120714,,EACH,,,35.6,,,https://cdn.shopify.com/s/files/1/0823/0961/1864/files/180.webp?v=1756807756,TRIEQUESTRIAN,
14284,Equivite Original 3kg,5037117400022,,EACH,,,44.7,,,https://cdn.shopify.com/s/files/1/0823/0961/1864/files/14284.webp?v=1756476475,TRIEQUESTRIAN,
14285,Equizar Disinfectant 5L,5055454707956,,EACH,,,96.5,,,https://cdn.shopify.com/s/files/1/0823/0961/1864/files/14285.webp?v=1756481235,TRIEQUESTRIAN,
14297,Farriers Formula Refill 5kg,745680014113,,EACH,,12.47,68.1,,,https://cdn.shopify.com/s/files/1/0823/0961/1864/files/162.webp?v=1756728866,TRIEQUESTRIAN,
14364,Freeflow 3x30g,5060201881094,,EACH,,,69,,,https://cdn.shopify.com/s/files/1/0823/0961/1864/files/113.webp?v=1756470987,TRIEQUESTRIAN,
14452,Iceberg Spray 500ml,5397055464884,,EACH,,,36.3,,,https://cdn.shopify.com/s/files/1/0823/0961/1864/files/150.webp?v=1756724222,TRIEQUESTRIAN,
14475,Keratex Hoof Hardener 250ml,5036486000017,,EACH,,,37.65,,,https://cdn.shopify.com/s/files/1/0823/0961/1864/files/158.jpg?v=1756728499,TRIEQUESTRIAN,
14481,Keratex Mud shield powder 450g,5036486000147,,EACH,,,19.12,,,https://cdn.shopify.com/s/files/1/0823/0961/1864/files/159.webp?v=1756728697,TRIEQUESTRIAN,
14528,Lincoln Intensive Hoof Moisturiser 600g,5027286141093,,EACH,,,19.8,,,https://cdn.shopify.com/s/files/1/0823/0961/1864/files/14528.webp?v=1756479197,TRIEQUESTRIAN,
14530,Lincoln Muddy Buddy Magic Mud Cream,5027286038867,,EACH,,,35.9,,,https://cdn.shopify.com/s/files/1/0823/0961/1864/files/14530.webp?v=1756477501,TRIEQUESTRIAN,
14539,Loose & Free,5397055464891,,EACH,,,57.4,,,https://cdn.shopify.com/s/files/1/0823/0961/1864/files/151.webp?v=1756725923,TRIEQUESTRIAN,
14593,Millennium Gold 1Ltr,5397055464907,,EACH,,,46.1,,,https://cdn.shopify.com/s/files/1/0823/0961/1864/files/152.webp?v=1756726156,TRIEQUESTRIAN,
14605,Muddy Marvel Barrier Cream 600ml,5035104022974,,EACH,,18.19,32,,,https://cdn.shopify.com/s/files/1/0823/0961/1864/files/14605_fdf89789-5f23-41ec-aab2-00f6fc9a0afd.webp?v=1756481142,TRIEQUESTRIAN,
14614,MUSCLE MAKER 1KG,5060201880707,,EACH,,,74.6,,,https://cdn.shopify.com/s/files/1/0823/0961/1864/files/121.webp?v=1756473291,TRIEQUESTRIAN,
14630,No More Bute  1.2LT,5060201881377,,EACH,,,59,,,https://cdn.shopify.com/s/files/1/0823/0961/1864/files/122.webp?v=1756473515,TRIEQUESTRIAN,
14757,Lincoln Sheath Cleanser 500ml,5027286050432,,EACH,,,26.6,,,https://cdn.shopify.com/s/files/1/0823/0961/1864/files/14757.webp?v=1756477288,TRIEQUESTRIAN,
14764,Fickle Mare 1Ltr,5397055464938,,EACH,,,53.2,,,https://cdn.shopify.com/s/files/1/0823/0961/1864/files/148.webp?v=1756723932,TRIEQUESTRIAN,
14776,Grass & Stable Stain Remover 400ml,5038103123031,,EACH,,,21.1,,,https://cdn.shopify.com/s/files/1/0823/0961/1864/files/14776.webp?v=1756476001,TRIEQUESTRIAN,
14781,Herbal Wise Steady Neddy,5397055464945,,EACH,,,60.2,,,https://cdn.shopify.com/s/files/1/0823/0961/1864/files/149.webp?v=1756724087,TRIEQUESTRIAN,
14832,Seven Day Mud Away 500ml,5035104027771,,EACH,,,23.1,,,https://cdn.shopify.com/s/files/1/0823/0961/1864/files/14832_8d6e3bd3-88c0-4f48-82b3-2434e9115e36.webp?v=1756481088,TRIEQUESTRIAN,
14876,TransVite Paste (3x30g),5060201880387,,EACH,,,46.4,,,https://cdn.shopify.com/s/files/1/0823/0961/1864/files/137.webp?v=1756721226,TRIEQUESTRIAN,
14878,Transvite Excel 1.5KG,5060201881438,,EACH,,,88.5,,,https://cdn.shopify.com/s/files/1/0823/0961/1864/files/135.webp?v=1756720809,TRIEQUESTRIAN,
14879,Transvite Gut Balancer 1KG,5060201882275,,EACH,,,48.5,,,https://cdn.shopify.com/s/files/1/0823/0961/1864/files/136_b2cc44ef-69af-4834-a9bb-a5c6a9a527ab.webp?v=1756721032,TRIEQUESTRIAN,
16777,Naff Naturalintx MSM Ointment 250G,5032410013825,,EACH,,,17.9,,,https://cdn.shopify.com/s/files/1/0823/0961/1864/files/184.webp?v=1756808444,TRIEQUESTRIAN,
17165,Fybagee Bandage Pads (4's) - 18x18 in,5397055506850,,EACH,,14.8,25.38,,,https://cdn.shopify.com/s/files/1/0823/0961/1864/files/141.webp?v=1756721510,TRIEQUESTRIAN,
17166,Fybagee Bandage Pads (4's) - 12x18 in,5397055506843,,EACH,,9.96,17.49,,,https://cdn.shopify.com/s/files/1/0823/0961/1864/files/141.webp?v=1756721510,TRIEQUESTRIAN,
77570,Pharvet Elite Dry Cow Bolus (12's),77570,,EACH,,,150,,,https://cdn.shopify.com/s/files/1/0823/0961/1864/files/elite-dry-cow-no-veta-1.png?v=1751461333,PHARVET,
90439,Pharvet Sheep Bolus Gun,90439,,EACH,,,30,,,https://cdn.shopify.com/s/files/1/0823/0961/1864/files/pharvet-sheep-bolus-gun.jpg?v=1751461329,PHARVET,
175934,Primatech 5ml Adjustable Dose Vaccinator,175934,,EACH,,38.53,42,,,https://cdn.shopify.com/s/files/1/0823/0961/1864/files/51xn1wKlu7L._AC_SX679.jpg?v=1751461287,AGRIHEALTH,
807022,HyBag Foam Gun for MS Top Foam,,,EACH,,,0,,,https://cdn.shopify.com/s/files/1/0823/0961/1864/files/b0073803.png?v=1778754469,,
807023,HyBag Foam Gun for MS Mega Des Novo,,,EACH,,,139,,,https://cdn.shopify.com/s/files/1/0823/0961/1864/files/b0073804.png?v=1778754807,,
865801,Nitrile Gloves,865801,,EACH,,,14,,,https://cdn.shopify.com/s/files/1/0823/0961/1864/files/865800.png?v=1712575178,,
2505200,"MS MegaDes Para, 10 kg",,,EACH,,,0,,,https://cdn.shopify.com/s/files/1/0823/0961/1864/files/b0076822.png?v=1778755135,,
2505283,HyBag MS Top Foam Power 300M2,,,EACH,,,159,,,https://cdn.shopify.com/s/files/1/0823/0961/1864/files/Mainproductshot_N0010BBMM02_X_X_2505281_2505283_750x750_1695806245760.webp?v=1779203845,,
2505284,HyBag MS Mega Des Nova,,,EACH,,,199,,,https://cdn.shopify.com/s/files/1/0823/0961/1864/files/Mainproductshot_N0010BBMM02_X_X_2505284_2505285_750x750_1721915386270.webp?v=1779204103,,
2505286,MS HyBag and T&T Cleaner,,,EACH,,,159,,,https://cdn.shopify.com/s/files/1/0823/0961/1864/files/b0077747.png?v=1778753031,,
40035618,Dectomax Injection - 250ml,40035618,,EACH,,44.72,99.99,,,https://cdn.shopify.com/s/files/1/0823/0961/1864/files/Dectomax.webp?v=1751461207,HIGHFIELDVW,
40035621,Dectomax Injection - 500ml,40035621,,EACH,,112.13,185,,,https://cdn.shopify.com/s/files/1/0823/0961/1864/files/Dectomax.webp?v=1751461207,HIGHFIELDVW,
399545120,Weaver's Livestock Protouch Spray - Rust,399545120,,EACH,,5,15,,,https://cdn.shopify.com/s/files/1/0823/0961/1864/files/20111001102619_692103.jpg?v=1751461214,SHOWTIME,
399545144,Weaver's Livestock Protouch Spray - Fawn,399545144,,EACH,,5,15,,,https://cdn.shopify.com/s/files/1/0823/0961/1864/files/20111001102619_692103.jpg?v=1751461214,SHOWTIME,
1317100786,Sullivan's The Hair Wizard Comb - 9 inch,1317100786,,EACH,,27.49,64,,,https://cdn.shopify.com/s/files/1/0823/0961/1864/files/WC6W.jpg?v=1751461501,SHOWTIME,
11444034049,Supershine Black,11444034049,,EACH,,15.04,25,,,https://cdn.shopify.com/s/files/1/0823/0961/1864/files/13886-BLACK_800x1000_eaa44b74-463a-4145-9069-6c37eb6bcd7b.webp?v=1751461432,ACRAVETLTD,
34264416529,Andis Clipper Blades Ultra Edge No.50,34264416529,,EACH,,24,50,,,https://cdn.shopify.com/s/files/1/0823/0961/1864/files/Ultra-Edge-50.jpg?v=1751461388,CHRISTIES,
40102640728,Andis Ultra Edge Blades No.15,40102640728,,EACH,,24,50,,,https://cdn.shopify.com/s/files/1/0823/0961/1864/files/Andis-Ultra-Edge-Blades-No.15.jpg?v=1751461389,CHRISTIES,
40102640759,Andis Ultra Edge Blades No.30,40102640759,,EACH,,24,50,,,https://cdn.shopify.com/s/files/1/0823/0961/1864/files/Andis-Ultra-Edge-Blades-No.30.jpg?v=1751461389,CHRISTIES,
40102642654,Andis Ultra Edge Blades No.40,40102642654,,EACH,,24,50,,,https://cdn.shopify.com/s/files/1/0823/0961/1864/files/Andis-Ultra-Edge-Blades-No.40.jpg?v=1751461388,CHRISTIES,
82391156436,Bess Small Animal Feeding Bottle 1l,82391156436,,EACH,,,12,,,https://cdn.shopify.com/s/files/1/0823/0961/1864/files/71IByz81uKL.jpg?v=1721732798,,
84369000031,Rubber Feed Skip 11lr,84369000031,,EACH,,,25,,,https://cdn.shopify.com/s/files/1/0823/0961/1864/files/tyre-rubber-feed-skip-11l-s1_1_jpg.webp?v=1751461457,SULLIVANS,
85845412058,Kow Chin Ball Fluid 1 Gal - Blue,85845412058,,EACH,,,112,,,https://cdn.shopify.com/s/files/1/0823/0961/1864/files/Fluid.jpg?v=1751461368,AGRIHEALTH,
85845412072,Kow Chin Ball Fluid 1 Gal - Magenta,85845412072,,EACH,,,112,,,https://cdn.shopify.com/s/files/1/0823/0961/1864/files/Fluid.jpg?v=1751461368,AGRIHEALTH,
506103180133,Cotton Show Halters - 8mm / Pink,506103180133,,EACH,,6.52,12,,,https://cdn.shopify.com/s/files/1/0823/0961/1864/files/cotton-halters-range.png?v=1751461468,SHOWTIME,4482
641122000105,Lister Cavalier Comb,641122000105,,EACH,,,30,,,https://cdn.shopify.com/s/files/1/0823/0961/1864/files/cavalier-comb_980x1000px_02_f00f5cd6-ca8d-4bd9-a9c0-e93fedbd6a98.jpg?v=1751461204,Lister,
641122000488,Lister Wizard 13 Tooth,641122000488,,EACH,,,60,,,https://cdn.shopify.com/s/files/1/0823/0961/1864/files/Lister-Wizard-Sheep-Blade-Zoom.jpg?v=1751461390,Lister,
641122000549,Lister CA2/A2 Coarse,641122000549,,EACH,,,65,,,https://cdn.shopify.com/s/files/1/0823/0961/1864/files/Lister-CA2A2-Coarse.jpg?v=1751461392,Lister,
641122000747,Lister A2F/AC Fine,641122000747,,EACH,,,65,,,https://cdn.shopify.com/s/files/1/0823/0961/1864/files/Lister-A2FAC-Fine.jpg?v=1751461393,Lister,
641122001287,Lister Countryman 5 Comb,641122001287,,EACH,,,20,,,https://cdn.shopify.com/s/files/1/0823/0961/1864/files/countryman-comb_980x1000px_02.jpg?v=1751461289,Lister,
641122001355,Lister Countryrange Shearing pack,641122001355,,EACH,,,36.33,,,https://cdn.shopify.com/s/files/1/0823/0961/1864/files/countryrange-countryman-pack_980x1000px.jpg?v=1751461263,Lister,
641122001362,Lister Countryrange Cavalier Shearing Pack,641122001362,,EACH,,,40,,,https://cdn.shopify.com/s/files/1/0823/0961/1864/files/81yLWsxwfFL._AC_UF1000_1000_QL80.jpg?v=1751461205,Lister,
641122004271,Lister Rampage Cutter Blades,641122004271,,EACH,,,5.5,,,https://cdn.shopify.com/s/files/1/0823/0961/1864/files/HS_Lister_Rampage.png?v=1751461290,Lister,
641122006244,Lister Fusion Clippers,641122006244,,EACH,,,440,,,https://cdn.shopify.com/s/files/1/0823/0961/1864/files/Fusion-Clipper-Blue-Angled-Front-scaled.jpg?v=1751461343,Lister,
641122006473,Lister Eclipse Spare Battery,641122006473,,EACH,,,70,,,https://cdn.shopify.com/s/files/1/0823/0961/1864/files/1025.jpg?v=1751461265,Lister,
641122006589,Lister Star Clipper,641122006589,,EACH,,,360,,,https://cdn.shopify.com/s/files/1/0823/0961/1864/files/star-1.jpg?v=1751461263,Lister,
658261214102,Primatech 12.5ml Injector c/w 3 caps,658261214102,,EACH,,,45,,,https://cdn.shopify.com/s/files/1/0823/0961/1864/files/Primatech-12.5ml-Injector-cw-3-caps.jpg?v=1751461406,AGRIHEALTH,
658261345110,Prima Tech Floating hook and Adaptor,658261345110,,EACH,,,90,,,https://cdn.shopify.com/s/files/1/0823/0961/1864/files/OIP.jpg?v=1751461258,AGRIHEALTH,
658261346568,Primatech Drencher and Floating hook 70ml,658261346568,,EACH,,,89.5,,,https://cdn.shopify.com/s/files/1/0823/0961/1864/files/Primatech-Floating-Hook-Adaptor-70ml.jpg?v=1751461406,AGRIHEALTH,
658261364081,Philips 60ml Auto Drencher,658261364081,,EACH,,,119.99,,,https://cdn.shopify.com/s/files/1/0823/0961/1864/files/440036.jpg?v=1751461402,ACRAVETLTD,
688499142168,Wash Mitt Brush,688499142168,,EACH,,,12.5,,,https://cdn.shopify.com/s/files/1/0823/0961/1864/files/wash_brush_mitt.jpg?v=1751461412,SHOWTIME,
727775120091,"Heavy Duty American Comb - 9""",727775120091,,EACH,,,37,,,https://cdn.shopify.com/s/files/1/0823/0961/1864/files/0621.jpg?v=1751461505,SHOWTIME,
727775120145,"Heavy Duty American Comb - 6""",727775120145,,EACH,,,34,,,https://cdn.shopify.com/s/files/1/0823/0961/1864/files/0621.jpg?v=1751461505,SHOWTIME,
727775182006,American Alloy/Brass Nose Lead - Alloy,727775182006,,EACH,,,16,,,https://cdn.shopify.com/s/files/1/0823/0961/1864/files/20110821202305_brass_nose_lead.jpg?v=1751461463,SHOWTIME,
727775182051,American Alloy/Brass Nose Lead - Brass,727775182051,,EACH,,,31.99,,,https://cdn.shopify.com/s/files/1/0823/0961/1864/files/20110821202305_brass_nose_lead.jpg?v=1751461463,SHOWTIME,
727775581021,Doc Brannens Grooming Adhesive - Clear / Black - Clear,727775581021,,EACH,,,21,,,https://cdn.shopify.com/s/files/1/0823/0961/1864/files/Untitled_design_44.png?v=1764866566,SHOWTIME,
727775581069,Doc Brennans Final Mist,727775581069,,EACH,,,19,,,https://cdn.shopify.com/s/files/1/0823/0961/1864/files/20200228094434_final-mist.jpg?v=1751461433,SHOWTIME,
727775581182,Doc Brannens Clear Magic/Black Magic - Black,727775581182,,EACH,,,19.5,,,https://cdn.shopify.com/s/files/1/0823/0961/1864/files/BM-BLACK-MAGIC-2023.jpg?v=1751461433,SHOWTIME,
727908836295,Warts OFF,727908836295,,EACH,,,39.5,,,https://cdn.shopify.com/s/files/1/0823/0961/1864/files/warts_off.jpg?v=1751461511,SULLIVANS,
731141000405,Adjustable Show Stick - Black,731141000405,,EACH,,31.96,61.55,,,https://cdn.shopify.com/s/files/1/0823/0961/1864/files/20110819084817_red-adjustable.jpg?v=1751461445,SHOWTIME,
738623000410,Denman Topline Brush,738623000410,,EACH,,,26,,,https://cdn.shopify.com/s/files/1/0823/0961/1864/files/denman.jpg?v=1751461435,SHOWTIME,
739090000125,Chanverm Plus Oral Drench,739090000125,,EACH,,,79,,,https://cdn.shopify.com/s/files/1/0823/0961/1864/files/Chanaverm-plus.png?v=1751461200,HIGHFIELDVW,
739090000286,Albex 10% - 1Ltr,739090000286,,EACH,,,30,,,https://cdn.shopify.com/s/files/1/0823/0961/1864/files/9001815-frontface-1200Wx1200H.jpg?v=1751461537,HIGHFIELDVW,
739090000316,Albex 2.5% - 1L,739090000316,,EACH,,,35,,,https://cdn.shopify.com/s/files/1/0823/0961/1864/files/Albex-e1535704372410.png?v=1751461360,,
739090000323,Albex 2.5% - 2.5L,739090000323,,EACH,,,45,,,https://cdn.shopify.com/s/files/1/0823/0961/1864/files/Albex-e1535704372410.png?v=1751461360,HIGHFIELDVW,
739090001085,Animec Injection - 250ml,739090001085,,EACH,,,20,,,https://cdn.shopify.com/s/files/1/0823/0961/1864/files/animec-injection.png?v=1751461536,,
739090001122,Animec Injection - 500ml,739090001122,,EACH,,,35,,,https://cdn.shopify.com/s/files/1/0823/0961/1864/files/animec-injection.png?v=1751461536,,
739090003188,Animec Pour-on,739090003188,,EACH,,,150,,,https://cdn.shopify.com/s/files/1/0823/0961/1864/files/31ANIMP_ANIMECPOURON_01_600x600_df0f7698-e28d-4b62-89a1-15e9bc29828d.jpg?v=1751461217,,
739090005069,Animec Super Injection - 500ml,739090005069,,EACH,,,125,,,https://cdn.shopify.com/s/files/1/0823/0961/1864/files/31ANIS250_ANIMECSUPER250ML_01_600x600_58fe17e7-82f0-427e-a007-e6cff9c09b38.jpg?v=1721216811,,
739090005076,Animec Super Injection - 250ml,739090005076,,EACH,,,72,,,https://cdn.shopify.com/s/files/1/0823/0961/1864/files/31ANIS250_ANIMECSUPER250ML_01_600x600_58fe17e7-82f0-427e-a007-e6cff9c09b38.jpg?v=1721216811,,
739090019127,Dycoxan Oral Suspension - 2.5L,739090019127,,EACH,,,259,,,https://cdn.shopify.com/s/files/1/0823/0961/1864/files/dYCOXAN_600x600_6b4f359f-76c2-4264-bef8-a97c80bcfa9e.jpg?v=1751461196,,
739090024657,Albex Gold 5ltrs,739090024657,,EACH,,,150,,,https://cdn.shopify.com/s/files/1/0823/0961/1864/files/albex-gold-001.webp?v=1721820123,,
739090027122,Tribex 5% - 2.2Litre,739090027122,,EACH,,,90,,,https://cdn.shopify.com/s/files/1/0823/0961/1864/files/Tribex-10-5L-e1535706130803.png?v=1751461340,,
739090027184,Rumenil Fluke Drench 5l,739090027184,,EACH,,,69.99,,,https://cdn.shopify.com/s/files/1/0823/0961/1864/files/Rumenil.png?v=1751461197,,
739090027580,Chanatol Oral Drench - 5L,739090027580,,EACH,,,54.99,,,https://cdn.shopify.com/s/files/1/0823/0961/1864/files/30chant1l_CHANATOL_01_600x600_f812d1da-4ea4-44be-b4ed-fd033c804b54.jpg?v=1721824310,,
751374175756,Sullivan's Tail Clamp,751374175756,,EACH,,,35,,,https://cdn.shopify.com/s/files/1/0823/0961/1864/files/20160229123146_clamo_ab80149c-35d7-4b49-834e-926b4f7f51d8.jpg?v=1751461459,SHOWTIME,
799439633537,IMEC Pour-on 5l,799439633537,,EACH,,,90,,,https://cdn.shopify.com/s/files/1/0823/0961/1864/files/imec-400.webp?v=1721218118,,
799439633551,IMEC Injection,799439633551,,EACH,,,28,,,https://cdn.shopify.com/s/files/1/0823/0961/1864/files/imec-injec-001-opt.webp?v=1721217272,,
810034064967,Sullivans BlackOut Spray,,,EACH,0.2,,19,,,https://cdn.shopify.com/s/files/1/0823/0961/1864/files/blackoutspray.jpg?v=1751461172,SHOWTIME,
813170020002,Sullivan's Powder'ful Black,813170020002,,EACH,,,19,,,https://cdn.shopify.com/s/files/1/0823/0961/1864/files/Sullivan-Powderful-B.jpg?v=1751461377,SHOWTIME,
813170020149,Sullivan's Soap Foamer,813170020149,,EACH,,,59.5,,,https://cdn.shopify.com/s/files/1/0823/0961/1864/files/20160210124731_foa-foamer.jpg?v=1751461203,SHOWTIME,
813170020224,Sullivans Touch Up Spray All Shades - silver fox,813170020224,,EACH,,,19,,,https://cdn.shopify.com/s/files/1/0823/0961/1864/files/images_2323c977-1197-41e0-a05f-93458f9b181b.jpg?v=1751461431,SHOWTIME,
813170020231,Sullivans Touch Up Spray All Shades - blondie,813170020231,,EACH,,,19,,,https://cdn.shopify.com/s/files/1/0823/0961/1864/files/images_2323c977-1197-41e0-a05f-93458f9b181b.jpg?v=1751461431,SHOWTIME,
813170020699,Sullivan Sensation Curve Brush,813170020699,,EACH,,,43,,,https://cdn.shopify.com/s/files/1/0823/0961/1864/files/SULSSENC-01.jpg?v=1751461479,SHOWTIME,
813170020712,Smart Sensation Brush,813170020712,,EACH,,,49.99,,,https://cdn.shopify.com/s/files/1/0823/0961/1864/files/smart_sensation_xl.jpg?v=1751461480,SHOWTIME,
813170021696,Sullivan's Roto Fluffer brush,813170021696,,EACH,,,43,,,https://cdn.shopify.com/s/files/1/0823/0961/1864/files/images_2.jpg?v=1751461489,SHOWTIME,
813170021917,Sullivan's Training Halter - Green & White,813170021917,,EACH,,7.5,19,,,https://cdn.shopify.com/s/files/1/0823/0961/1864/files/Screenshot-2023-09-25-103235.png?v=1751461311,SHOWTIME,
813170021931,Sullivan's Training Halter - Maroon & White,813170021931,,EACH,,7.5,19,,,https://cdn.shopify.com/s/files/1/0823/0961/1864/files/Screenshot-2023-09-25-103235.png?v=1751461311,SHOWTIME,
813170021979,Sullivan's Training Halter - Pink & White,813170021979,,EACH,,7.5,19,,,https://cdn.shopify.com/s/files/1/0823/0961/1864/files/Screenshot-2023-09-25-103235.png?v=1751461311,SHOWTIME,
813170021993,Sullivan's Training Halter - Purple & White,813170021993,,EACH,,7.5,19,,,https://cdn.shopify.com/s/files/1/0823/0961/1864/files/Screenshot-2023-09-25-103235.png?v=1751461311,SHOWTIME,
813170022099,"Sullivan's ""Superstick"" ShowStick - Black / 60in",813170022099,,EACH,,,61,,,https://cdn.shopify.com/s/files/1/0823/0961/1864/files/60R_5858cff9-b0d3-4204-8d21-d9ea31781f62.jpg?v=1751461229,SHOWTIME,
813170022242,"Sullivan's ""Superstick"" ShowStick - Silver / 60in",813170022242,,EACH,,,61,,,https://cdn.shopify.com/s/files/1/0823/0961/1864/files/60R_5858cff9-b0d3-4204-8d21-d9ea31781f62.jpg?v=1751461229,SHOWTIME,
813170022280,"Sullivan's ""Superstick"" ShowStick - Blue / 60in",,,EACH,,,61,,,https://cdn.shopify.com/s/files/1/0823/0961/1864/files/60R_5858cff9-b0d3-4204-8d21-d9ea31781f62.jpg?v=1751461229,SHOWTIME,
813170022303,Sullivan Carbon Fibre Show Stick,813170022303,,EACH,,,80,,,https://cdn.shopify.com/s/files/1/0823/0961/1864/files/Carbon.png?v=1751461362,SHOWTIME,
813170023430,Express Fogger,813170023430,,EACH,,,38,,,https://cdn.shopify.com/s/files/1/0823/0961/1864/files/EF-InUse.jpg?v=1751461476,SULLIVANS,
813170023614,Sullivans Wonder Wool,813170023614,,EACH,,,37,,,https://cdn.shopify.com/s/files/1/0823/0961/1864/files/wwl.jpg?v=1751461413,SHOWTIME,
813170027148,Sullivans Touch Up Spray All Shades - fawn,813170027148,,EACH,,,16,,,https://cdn.shopify.com/s/files/1/0823/0961/1864/files/images_2323c977-1197-41e0-a05f-93458f9b181b.jpg?v=1751461431,SHOWTIME,
813170027179,Sullivans Touch Up Spray All Shades - dark crimson,813170027179,,EACH,,,19,,,https://cdn.shopify.com/s/files/1/0823/0961/1864/files/images_2323c977-1197-41e0-a05f-93458f9b181b.jpg?v=1751461431,SHOWTIME,
813170027186,Sullivans Touch Up Spray All Shades - brick,813170027186,,EACH,,,19,,,https://cdn.shopify.com/s/files/1/0823/0961/1864/files/images_2323c977-1197-41e0-a05f-93458f9b181b.jpg?v=1751461431,SHOWTIME,
813170027209,Sullivans Touch Up Spray All Shades - copper,813170027209,,EACH,,,19,,,https://cdn.shopify.com/s/files/1/0823/0961/1864/files/images_2323c977-1197-41e0-a05f-93458f9b181b.jpg?v=1751461431,SHOWTIME,
813170027278,Sullivan's Relax Hair Straightener,813170027278,,EACH,,,18.4,,,https://cdn.shopify.com/s/files/1/0823/0961/1864/files/Screenshot2022-04-06143150_580x_f689ad4a-34ab-4c03-9d0c-18113ee14b40.webp?v=1751461376,SHOWTIME,
813170027308,Sullivans 360 Brush,813170027308,,EACH,,,52.23,,,https://cdn.shopify.com/s/files/1/0823/0961/1864/files/360-top.jpg?v=1751461273,SHOWTIME,
813170028039,Sullivan's Training Halter - Blue & Grey,813170028039,,EACH,,7.5,19,,,https://cdn.shopify.com/s/files/1/0823/0961/1864/files/Screenshot-2023-09-25-103235.png?v=1751461311,SHOWTIME,
813170028145,Sullivan Teflon Fluffer Comb,813170028145,,EACH,,,75,,,https://cdn.shopify.com/s/files/1/0823/0961/1864/files/20170208135958_tsfw_teflon-fluffer-002.jpg?v=1751461385,SHOWTIME,
813171000787,Sullivan's The Hair Wizard Comb - 6 inch,,,EACH,,,64,,,https://cdn.shopify.com/s/files/1/0823/0961/1864/files/WC6W.jpg?v=1751461501,SHOWTIME,
813171000850,Sullivan Teflon Comb,813171000850,,EACH,,,75,,,https://cdn.shopify.com/s/files/1/0823/0961/1864/files/TeflonSullivanComb.gif?v=1751461386,SHOWTIME,
818582010368,Vetericyn Super 7+ Navel Dip - 500ml Spray,818582010368,,EACH,,,16,,,https://cdn.shopify.com/s/files/1/0823/0961/1864/files/vetericyn-super-7-navel-spray-16oz-e1551268590997.jpg?v=1751461352,AGRIHEALTH,
852082000023,Sullivan's Prime Time Adhesive (Black or Clear) - Clear,852082000023,,EACH,,,21,,,https://cdn.shopify.com/s/files/1/0823/0961/1864/files/PT-PRIME-TIME-NEW-2023.jpg?v=1751461500,SHOWTIME,
852082000030,Sullivan's Tail Adhesive,852082000030,,EACH,,,19,,,https://cdn.shopify.com/s/files/1/0823/0961/1864/files/TA-TAIL-ADHESIVE-NEW-2023.jpg?v=1751461501,SHOWTIME,
852082000078,Sullivan's Ultra White Touch Up,852082000078,,EACH,,,19,,,https://cdn.shopify.com/s/files/1/0823/0961/1864/files/F810D988-0F97-4000-8200-255D5FCF3A00.webp?v=1751461495,SHOWTIME,
852082000085,Sullivan's Styling Mousse Clear to White,852082000085,,EACH,,,18.5,,,https://cdn.shopify.com/s/files/1/0823/0961/1864/files/CSM-Clear-Styling-Mousse.jpg?v=1751461498,SHOWTIME,
852082000108,Sullivan's Hocus Pocus,852082000108,,EACH,,,20.5,,,https://cdn.shopify.com/s/files/1/0823/0961/1864/files/hocus-pocus_500x_05541f97-a846-439e-a551-036b3ff40566.webp?v=1751461499,SHOWTIME,
852082000115,Sullivan's Revive Skin & Hair Conditioner,852082000115,,EACH,,,20,,,https://cdn.shopify.com/s/files/1/0823/0961/1864/files/61mqFtWVy7L._AC_UF1000_1000_QL80.jpg?v=1751461375,SHOWTIME,
852082000177,Sullivan's Zoom Bloom,852082000177,,EACH,,,59.5,,,https://cdn.shopify.com/s/files/1/0823/0961/1864/files/0840.jpg?v=1751461497,SHOWTIME,
852082000207,Sullivan's Kleen Sheen - 945ml,852082000207,,EACH,,,30,,,https://cdn.shopify.com/s/files/1/0823/0961/1864/files/20170303120658_ksq-1.jpg?v=1751461375,SHOWTIME,
852082000238,Sullivan's Bright Lights Whitening Shampoo 946ml,852082000238,,EACH,,16.76,32.8,,,https://cdn.shopify.com/s/files/1/0823/0961/1864/files/BLQ.jpg?v=1751461373,SHOWTIME,6016
852082000269,Sullivan's Double Dip,852082000269,,EACH,,,66.95,,,https://cdn.shopify.com/s/files/1/0823/0961/1864/files/1324450__59999.webp?v=1751461452,SHOWTIME,
852082000290,Coyle's Marker Spray 450ml - Black,852082000290,,EACH,,,5.7,,,https://cdn.shopify.com/s/files/1/0823/0961/1864/files/coyles.webp?v=1751461214,COYLEVETDIS,
852082000566,Black Velvet Hair Dye,852082000566,,EACH,,,19.5,,,https://cdn.shopify.com/s/files/1/0823/0961/1864/files/BV-1.jpg?v=1751461226,SULLIVANS,
852082000795,Flex Mitt,852082000795,,EACH,,,28,,,https://cdn.shopify.com/s/files/1/0823/0961/1864/files/flex_mitt.jpg?v=1751461478,SHOWTIME,
852082000863,Sullivan's Top Gun Pump Sprayer,852082000863,,EACH,,,17,,,https://cdn.shopify.com/s/files/1/0823/0961/1864/files/TG-1.jpg?v=1751461497,SHOWTIME,
852082000924,Sullivan's Hair Savior 3.78litre,852082000924,,EACH,,,95,,,https://cdn.shopify.com/s/files/1/0823/0961/1864/files/Untitled_design_49.png?v=1779287343,SHOWTIME,
852082000986,Sullivan's Shock 945ml,852082000986,,EACH,,,59,,,https://cdn.shopify.com/s/files/1/0823/0961/1864/files/SHOQ__69999.jpg?v=1751461432,SHOWTIME,
856102008105,Attitude Adjustment Livestock Calming Tube,856102008105,,EACH,,,18,,,https://cdn.shopify.com/s/files/1/0823/0961/1864/files/Untitled_design_48.png?v=1765133338,SULLIVANS,
862364000405,Orvus Paste Soap 3.4kg,862364000405,,EACH,,,60,,,https://cdn.shopify.com/s/files/1/0823/0961/1864/files/orvus-paste.jpg?v=1751461452,SHOWTIME,
3189640004467,Gas - Express Canister 110ml,3189640004467,,EACH,,5.21,9.5,,,https://cdn.shopify.com/s/files/1/0823/0961/1864/files/agni-nas01MarketingAgrineedsResized159490-1-475x475-16.jpg?v=1751461283,AGRIHEALTH,
3338020001163,UKAL 90cm Calving Gloves 50pk,3338020001163,,EACH,,11,22,,,https://cdn.shopify.com/s/files/1/0823/0961/1864/files/principale______374_583_101117100.jpg?v=1721727666,ACRAVETLTD,
3661103023425,Ivomec Super Injection for Cattle - 50ml,3661103023425,,EACH,,16,29.99,,,https://cdn.shopify.com/s/files/1/0823/0961/1864/files/1413365748_600x600_546e37d0-bf3d-40ed-9fcd-975152931431.jpg?v=1751461338,HIGHFIELDVW,
3700393912177,Speedy Feeder Blue Lids (teats),3700393912177,,EACH,,12.5,20,,,https://cdn.shopify.com/s/files/1/0823/0961/1864/files/161650.jpg?v=1751461280,AGRIHEALTH,
3838989628499,Bovicox 50mg/ml Oral Drench 1l,3838989628499,,EACH,,74.75,99,,,https://cdn.shopify.com/s/files/1/0823/0961/1864/files/245-1000x1000.webp?v=1751461199,HIGHFIELDVW,
4015110037040,Wahl Admire Clipper,4015110037040,,EACH,,47.88,125,,,https://cdn.shopify.com/s/files/1/0823/0961/1864/files/admire_2x-min.webp?v=1751461394,Lister,
4018619002373,Block Holder,,,EACH,,3.38,10,,,https://cdn.shopify.com/s/files/1/0823/0961/1864/files/blockholder.jpg?v=1751461171,MULLINAHONE,
4018653020258,Plastic Curry Comb - Blue,4018653020258,,EACH,,1.15,3,,,https://cdn.shopify.com/s/files/1/0823/0961/1864/files/855554032_BLUE_CURRUY_COMB.jpg?v=1751461494,MULLINAHONE,
4018653146408,"Kerbl ""ColostroSart"" Colostrum Bag",4018653146408,,EACH,,,2.5,,,https://cdn.shopify.com/s/files/1/0823/0961/1864/files/214386.jpg?v=1721813272,,
4018653180150,Circular Curry Comb,4018653180150,,EACH,,3.28,13.5,,,https://cdn.shopify.com/s/files/1/0823/0961/1864/files/41b9fxfDPFL._AC.jpg?v=1751461495,MULLINAHONE,
4018653180198,Dandy Brush,4018653180198,,EACH,,4.04,11.95,,,https://cdn.shopify.com/s/files/1/0823/0961/1864/files/IMG_1513.jpg?v=1752580765,MULLINAHONE,
4018653210093,Calf Weight Band,4018653210093,,EACH,,6.5,10.4,,,https://cdn.shopify.com/s/files/1/0823/0961/1864/files/0017644_weight-tape.jpg?v=1751461528,AGRIHEALTH,
4018653270080,Anti Vac Lamb Feeding Bottle,4018653270080,,EACH,,5.23,9,,,https://cdn.shopify.com/s/files/1/0823/0961/1864/files/Bottle.jpg?v=1751461353,AGRIHEALTH,
4018653271124,Agrihealth Lamb Reviver Kit 60ml,4018653271124,,EACH,,3.14,5,,,https://cdn.shopify.com/s/files/1/0823/0961/1864/files/Untitled_design_28.png?v=1751461210,AGRIHEALTH,
4018653320754,Water Scraper,4018653320754,,EACH,,2.76,7,,,https://cdn.shopify.com/s/files/1/0823/0961/1864/files/803442820_max.jpg?v=1751461492,MULLINAHONE,
4050358000128,Top Marker Spray - Green,4050358000128,,EACH,,,6.5,,,https://cdn.shopify.com/s/files/1/0823/0961/1864/files/top-marker-0001.webp?v=1721725260,ACRAVETLTD,
4050358096091,Top Marker Spray - Yellow,4050358096091,,EACH,,,6.5,,,https://cdn.shopify.com/s/files/1/0823/0961/1864/files/top-marker-0001.webp?v=1721725260,ACRAVETLTD,
5011405110640,Digital Thermometer,5011405110640,,EACH,,4.21,15,,,https://cdn.shopify.com/s/files/1/0823/0961/1864/files/4422.jpg?v=1751461538,AGRIHEALTH,
5013862060070,Rainbo Tail Paint Refill 2.5l - Blue,5013862060070,,EACH,,20,33,,,https://cdn.shopify.com/s/files/1/0823/0961/1864/files/PhotoRoom-20220420_123334_25711097-c0c4-49f6-a680-f149565c740c.jpg?v=1751461237,PHARVET,
5013862062951,Rainbo Tail Paint - Blue,5013862062951,,EACH,,12.54,19.5,,,https://cdn.shopify.com/s/files/1/0823/0961/1864/files/PhotoRoom-20220420_123334.jpg?v=1751461293,PHARVET,
5013862062975,Rainbo Tail Paint - Green,5013862062975,,EACH,,12.54,19.5,,,https://cdn.shopify.com/s/files/1/0823/0961/1864/files/PhotoRoom-20220420_123334.jpg?v=1751461293,PHARVET,
5013862063231,Rainbo Tail Paint Refill 2.5l - Red,5013862063231,,EACH,,20,33,,,https://cdn.shopify.com/s/files/1/0823/0961/1864/files/PhotoRoom-20220420_123334_25711097-c0c4-49f6-a680-f149565c740c.jpg?v=1751461237,PHARVET,
5022771000008,Uddermint  - Teisen - 500ml,5022771000008,,EACH,,14.85,27,,,https://cdn.shopify.com/s/files/1/0823/0961/1864/files/Uddermint-e1564149137615.jpg?v=1751461346,CLEANLINE,
5022771222349,Uddermint  - Teisen - 2.5Litre,5022771222349,,EACH,,60,98,,,https://cdn.shopify.com/s/files/1/0823/0961/1864/files/Uddermint-e1564149137615.jpg?v=1751461346,CLEANLINE,
5022771222356,Teisen Uddermint Dispenser,5022771222356,,EACH,,13,35,,,https://cdn.shopify.com/s/files/1/0823/0961/1864/files/61b9b65bb63_3110207_1_normalx2.jpg?v=1751461294,CLEANLINE,
5023534001416,Levacide Low-Volume Worm Drench 7.5% w/v - 1Ltr,5023534001416,,EACH,,,32,,,https://cdn.shopify.com/s/files/1/0823/0961/1864/files/levacide-low-volume.webp?v=1712576920,,
5023534001713,Levafas Diamond 4ltrs,5023534001713,,EACH,,113.75,124.99,,,https://cdn.shopify.com/s/files/1/0823/0961/1864/files/9039000-frontface-1200Wx1200H.jpg?v=1721819926,HIGHFIELDVW,
5023534001836,Magniject For Cattle And Sheep 400ml,5023534001836,,EACH,,8.65,11.99,,,https://cdn.shopify.com/s/files/1/0823/0961/1864/files/9001464-frontface-1200Wx1200H.jpg?v=1751461198,HIGHFIELDVW,
5023534002970,Calciject 400ml 40 + 3 Injection,5023534002970,,EACH,,8.26,9.99,,,https://cdn.shopify.com/s/files/1/0823/0961/1864/files/calcijet-100.webp?v=1751461197,HIGHFIELDVW,
5023534004998,Opti Mag 3 Magnesium Bolus,5023534004998,,EACH,,,80,,,https://cdn.shopify.com/s/files/1/0823/0961/1864/files/opti-mag-100.jpg?v=1712575940,ACRAVETLTD,
5023534022961,Spotinor - 2.5L,5023534022961,,EACH,,85.37,139.99,,,https://cdn.shopify.com/s/files/1/0823/0961/1864/files/307103362-Spotinor-spot-on-rund-en-schaap-2500-ml_0115.jpg?v=1751461216,HIGHFIELDVW,
5023534028482,Solantel Sheep Oral Drench - 1L,5023534028482,,EACH,,,37.99,,,https://cdn.shopify.com/s/files/1/0823/0961/1864/files/solantel-5lt-box1.png?v=1721819063,,
5023534030539,Life Aid Xtra Powder for Oral Solution Pack of 48,5023534030539,,EACH,,,92.99,,,https://cdn.shopify.com/s/files/1/0823/0961/1864/files/life_aid_extra-500x500.png?v=1751461201,,
5023534032373,Spotinor - 1L (2 x500ml),5023534032373,,EACH,,46.34,89,,,https://cdn.shopify.com/s/files/1/0823/0961/1864/files/307103362-Spotinor-spot-on-rund-en-schaap-2500-ml_0115.jpg?v=1751461216,HIGHFIELDVW,
5023534033295,Taurador and Half Price Solantel - 2.5Litre,5023534033295,,EACH,,,289.49,,,https://cdn.shopify.com/s/files/1/0823/0961/1864/files/resized-taurador-and-solantel.jpg?v=1712576768,,
5024506728454,Tail Tape - Red,5024506728454,,EACH,,3.06,7.5,,,https://cdn.shopify.com/s/files/1/0823/0961/1864/files/agrihealth-tail-tape.jpg?v=1751461308,AGRIHEALTH,
5027286017015,Battles Purl Dip Sheep Dip,5027286017015,,EACH,,47.6,73,,,https://cdn.shopify.com/s/files/1/0823/0961/1864/files/Purl-Dip.jpg?v=1751461346,ACRAVETLTD,
5027286021104,Stockholm Tar - 1kg,5027286021104,,EACH,,16.5,25,,,https://cdn.shopify.com/s/files/1/0823/0961/1864/files/Stock.jpg?v=1751461518,PHARVET,
5027286024877,Battles Glucose Powder 3kg,5027286024877,,EACH,,13.76,21.99,,,https://cdn.shopify.com/s/files/1/0823/0961/1864/files/1717505979-2482-Battles-Glucose-Powder-600g-Studio-01.webp?v=1751461275,ACRAVETLTD,
5027286040600,Glycerine Saddle Soap Bar,5027286040600,,EACH,,4.59,8.99,,,https://cdn.shopify.com/s/files/1/0823/0961/1864/files/GLYCERINE-BAR-SOAP.webp?v=1751461437,ACRAVETLTD,
5027286156899,Flockmarker Fluid Red/Blue 5ltrs - Red,5027286156899,,EACH,,,45,,,https://cdn.shopify.com/s/files/1/0823/0961/1864/files/FLOCKMBLUE5L-1000x1000.jpg?v=1751461208,ACRAVETLTD,
5027286156905,Flockmarker Fluid Red/Blue 5ltrs - Blue,5027286156905,,EACH,,,45,,,https://cdn.shopify.com/s/files/1/0823/0961/1864/files/FLOCKMBLUE5L-1000x1000.jpg?v=1751461208,ACRAVETLTD,
5027286160476,Show Calm Tubes,5027286160476,,EACH,,,18,,,https://cdn.shopify.com/s/files/1/0823/0961/1864/files/IMG_1506.png?v=1752580853,SHOWTIME,
5027286162876,Acralube - 5 Litre,,,EACH,,,18,,,https://cdn.shopify.com/s/files/1/0823/0961/1864/files/Acralube2.5-500x500.png?v=1751461209,ACRAVETLTD,
5032756069029,Bayticol 1% Pour-on Insecticide,5032756069029,,EACH,,,160,,,https://cdn.shopify.com/s/files/1/0823/0961/1864/files/Bayticol-Insecticide_600x600_c1e40caa-47c8-430b-a4a9-ea99b3022853.jpg?v=1751461200,HIGHFIELDVW,
5033568150608,Osmonds Bactakil 55 Spray,5033568150608,,EACH,,,29.99,,,https://cdn.shopify.com/s/files/1/0823/0961/1864/files/bactokil-55.jpg?v=1751461426,OSMONDS,
5033568952745,Osmonds Supablend Championship Feed Supplements - 10KG,5033568952745,,EACH,,,105,,,https://cdn.shopify.com/s/files/1/0823/0961/1864/files/Untitleddesign_45.png?v=1764866818,OSMONDS,
5033568952752,Osmonds Supablend Championship Feed Supplements - 5kg,5033568952752,,EACH,,,60,,,https://cdn.shopify.com/s/files/1/0823/0961/1864/files/Untitleddesign_45.png?v=1764866818,OSMONDS,
5035002038831,Mullinahone Plastic Wean with Spikes,5035002038831,,EACH,,,8,,,https://cdn.shopify.com/s/files/1/0823/0961/1864/files/20Pcs-Cattle-Nose-Thorn-Durable-Plastic-Calf-Weaner-Clamp-Cow-Weaning-Thorns-Nose-Device-Calf-Nose.webp?v=1751461211,,
5035104001221,Nettex Strong Iodine Extra Solution - 2.5Ltrs,5035104001221,,EACH,2.5,,89.99,,,https://cdn.shopify.com/s/files/1/0823/0961/1864/files/thumbnail_Strong_iodine_group_21_Irish_Black.png?v=1751461337,HIGHFIELDVW,
5035104003539,Mastervet Footmaster 500ml,5035104003539,,EACH,,,12,,,https://cdn.shopify.com/s/files/1/0823/0961/1864/files/9000922-frontface-1200Wx1200H.jpg?v=1751461290,HIGHFIELDVW,
5035104006325,Calf Kick Start,5035104006325,,EACH,,,32,,,https://cdn.shopify.com/s/files/1/0823/0961/1864/files/Calf-Kick.jpg?v=1751461379,,
5035300366407,Prolapse Harness - Red,5035300366407,,EACH,,,10,,,https://cdn.shopify.com/s/files/1/0823/0961/1864/files/82751.jpg?v=1721732987,,
5035300513108,Calf Drencher with Flexi Probe,5035300513108,,EACH,,12.5,21.5,,,https://cdn.shopify.com/s/files/1/0823/0961/1864/files/713-600x315-1.jpg?v=1751461530,ACRAVETLTD,
5035300529406,Lamb Ring Applicator,5035300529406,,EACH,,2.95,12.5,,,https://cdn.shopify.com/s/files/1/0823/0961/1864/files/pliers.jpg?v=1751461383,ACRAVETLTD,
5035300554200,Dehorning wire 12m,5035300554200,,EACH,,,11,,,https://cdn.shopify.com/s/files/1/0823/0961/1864/files/dehorning-wire.jpg?v=1721725468,AGRIHEALTH,
5035300555146,Tail Tape - Green,5035300555146,,EACH,,,7.5,,,https://cdn.shopify.com/s/files/1/0823/0961/1864/files/agrihealth-tail-tape.jpg?v=1751461308,AGRIHEALTH,
5035300561208,Vink Calving Ropes Pair,5035300561208,,EACH,,,10.5,,,https://cdn.shopify.com/s/files/1/0823/0961/1864/files/vink_ropes.jpg?v=1751461539,AGRIHEALTH,
5035300566401,Curved Scissors,5035300566401,,EACH,,,13.5,,,https://cdn.shopify.com/s/files/1/0823/0961/1864/files/20160211101823_0900.jpg?v=1751461491,ACRAVETLTD,
5035300676803,Tail Tape - Blue,5035300676803,,EACH,,,7.5,,,https://cdn.shopify.com/s/files/1/0823/0961/1864/files/agrihealth-tail-tape.jpg?v=1751461308,AGRIHEALTH,
5035300790905,Measuring Jug 3Litre,5035300790905,,EACH,,,12,,,https://cdn.shopify.com/s/files/1/0823/0961/1864/files/Jug.jpg?v=1712576168,,
5035300797300,Heavy Duty Bull Nose Leader/Snaffle,5035300797300,,EACH,,,18,,,https://cdn.shopify.com/s/files/1/0823/0961/1864/files/unnamed_b82d4b5d-1d11-4993-991d-e9f5f1754153.jpg?v=1751461458,AGRIHEALTH,
5036108036615,Adult Show Coat - Small,5036108036615,,EACH,,,25,,,https://cdn.shopify.com/s/files/1/0823/0961/1864/files/2852_warehouse_coat_white_1080.jpg?v=1751461361,CHARLESHUGHESLTD,
5036108036622,Adult Show Coat - Medium,5036108036622,,EACH,,,25,,,https://cdn.shopify.com/s/files/1/0823/0961/1864/files/2852_warehouse_coat_white_1080.jpg?v=1751461361,CHARLESHUGHESLTD,
5036108036639,Adult Show Coat - Large,5036108036639,,EACH,,,25,,,https://cdn.shopify.com/s/files/1/0823/0961/1864/files/2852_warehouse_coat_white_1080.jpg?v=1751461361,CHARLESHUGHESLTD,
5036108036646,Adult Show Coat - XLarge,5036108036646,,EACH,,,25,,,https://cdn.shopify.com/s/files/1/0823/0961/1864/files/2852_warehouse_coat_white_1080.jpg?v=1751461361,CHARLESHUGHESLTD,
5036108036653,Adult Show Coat - XXLarge,5036108036653,,EACH,,,25,,,https://cdn.shopify.com/s/files/1/0823/0961/1864/files/2852_warehouse_coat_white_1080.jpg?v=1751461361,CHARLESHUGHESLTD,
5036108144112,Adult Show Coat - XSmall,5036108144112,,EACH,,,25,,,https://cdn.shopify.com/s/files/1/0823/0961/1864/files/2852_warehouse_coat_white_1080.jpg?v=1751461361,CHARLESHUGHESLTD,
5036108144129,Adult Show Coat - XXXLarge,5036108144129,,EACH,,,25,,,https://cdn.shopify.com/s/files/1/0823/0961/1864/files/2852_warehouse_coat_white_1080.jpg?v=1751461361,CHARLESHUGHESLTD,
5036108207145,Adult Show Coat - XXSmall,5036108207145,,EACH,,,25,,,https://cdn.shopify.com/s/files/1/0823/0961/1864/files/2852_warehouse_coat_white_1080.jpg?v=1751461361,CHARLESHUGHESLTD,
5037098175025,Trusti Tuber Lamb Feeder,5037098175025,,EACH,,,25,,,https://cdn.shopify.com/s/files/1/0823/0961/1864/files/trusti-tuber-lamb-2-768x576_640x_crop_center_7cd3980a-c013-477b-b3d9-016cfcfe300a.webp?v=1751461355,AGRIHEALTH,
5037127004845,Wahl Copper Tones Shampoo - 500ml,5037127004845,,EACH,,,12,,,https://cdn.shopify.com/s/files/1/0823/0961/1864/files/ZX479-Shampoo-Copper-Tones-5L-Low-Image.jpg?v=1751461450,Lister,
5037127004852,Wahl Deep Black Shampoo - 500ml,5037127004852,,EACH,,,12,,,https://cdn.shopify.com/s/files/1/0823/0961/1864/files/ZX488-Deep-Black-Shampoo-5L-High-Fragrance-Image.jpg?v=1751461454,Lister,
5037127004920,Wahl Copper Tones Shampoo - 5Litre,5037127004920,,EACH,,,32,,,https://cdn.shopify.com/s/files/1/0823/0961/1864/files/ZX479-Shampoo-Copper-Tones-5L-Low-Image.jpg?v=1751461450,Lister,
5037127004937,Wahl Deep Black Shampoo - 5Litre,5037127004937,,EACH,,,32,,,https://cdn.shopify.com/s/files/1/0823/0961/1864/files/ZX488-Deep-Black-Shampoo-5L-High-Fragrance-Image.jpg?v=1751461454,Lister,
5037127004944,Wahl Diamond White Shampoos - 5Litre,5037127004944,,EACH,,,32,,,https://cdn.shopify.com/s/files/1/0823/0961/1864/files/ZX489-Diamond-White-Shampoo-5L-High-Fragrance-Image.jpg?v=1751461449,Lister,
5037127004951,Wahl Dirty Beastie Cattle Shampoo - 5Litre,5037127004951,,EACH,,,32,,,https://cdn.shopify.com/s/files/1/0823/0961/1864/files/ZX490-Dirty-Beastie-Shampoo-5L-High-Fragance-Image.jpg?v=1751461448,Lister,
5037127004975,Wahl Tea Tree Oil Shampoo - 5Litre,5037127004975,,EACH,,,32,,,https://cdn.shopify.com/s/files/1/0823/0961/1864/files/ZX492-Tea-Tree-Shampoo-5L-High-Fragrance-Image.jpg?v=1751461372,Lister,
5037127004982,WAHL Easy Groom Shampoo 5l,5037127004982,,EACH,,,32,,,https://cdn.shopify.com/s/files/1/0823/0961/1864/files/ZX493-Easy-Groom-Conditioner-5-Litres-High-JPG-scaled.jpg?v=1751461262,Lister,
5037127012529,Wahl Aloe Soothe Shampoo - 5Litre,5037127012529,,EACH,,,32,,,https://cdn.shopify.com/s/files/1/0823/0961/1864/files/ZX479-Aloe-Soothe-Shampoo-5L-High-JPG.jpg?v=1751461371,Lister,
5037127023815,Cattle Clipper  - Moser Arco Rechargeable Clipper,5037127023815,,EACH,,101.39,160,,,https://cdn.shopify.com/s/files/1/0823/0961/1864/files/804040_01.jpg?v=1772012597,CHRISTIES,
5038190000246,Cydectin 10% long lasting wormer Injection,5038190000246,,EACH,,,199.99,,,https://cdn.shopify.com/s/files/1/0823/0961/1864/files/asset_upload_file746_868218.jpg?v=1721825090,,
5052372007298,Pro Slicker Brush,5052372007298,,EACH,,3.99,12.25,,,https://cdn.shopify.com/s/files/1/0823/0961/1864/files/CurvedSoftSlicker-5109-01-jpg.webp?v=1751461480,CHRISTIES,
5052372013794,Tail Comb,5052372013794,,EACH,,,11,,,https://cdn.shopify.com/s/files/1/0823/0961/1864/files/greidur-med-handfangi_08-03-2018-10-42-36.png?v=1751461503,CHRISTIES,
5052372053592,Self Cleaning Slicker Brush,5052372053592,,EACH,,,21,,,https://cdn.shopify.com/s/files/1/0823/0961/1864/files/20191003164352_self-cleaning-brush.jpg?v=1751461320,SHOWTIME,
5055331600394,Provita Lamb Colostrum Concentrate - 500g,5055331600394,,EACH,,,25,,,https://cdn.shopify.com/s/files/1/0823/0961/1864/files/lcl-12x50g-bx-prlamb-300x212.jpg?v=1712575315,AGRIHEALTH,
5055331602053,Provita Jump Start,5055331602053,,EACH,,,32,,,https://cdn.shopify.com/s/files/1/0823/0961/1864/files/616fd73c61d_30070010_1_large_47f3998a-b68a-4aa5-ae33-cd6fd0a5215e.jpg?v=1712576588,AGRIHEALTH,
5060043860028,Natural Stockcare Sheep Boost,5060043860028,,EACH,,,220,,,https://cdn.shopify.com/s/files/1/0823/0961/1864/files/sheep_boost_345x_2x-e1591962801845.png?v=1751461341,AGRIHEALTH,
5060043860370,Natural Stockcare Stockline With Copper,5060043860370,,EACH,,,199,,,https://cdn.shopify.com/s/files/1/0823/0961/1864/files/stockline.jpg?v=1751461309,AGRIHEALTH,
5060043860387,Natural Stockcare Cobalt B12 Selenium - 5Ltrs,5060043860387,,EACH,,,79.5,,,https://cdn.shopify.com/s/files/1/0823/0961/1864/files/cobalt-b12-with-selenium-5-litre.webp?v=1712576658,AGRIHEALTH,
5060043860400,Natural Stockcare Musclevite - 1Ltr,5060043860400,,EACH,,,60,,,https://cdn.shopify.com/s/files/1/0823/0961/1864/files/muscle-vite.jpg?v=1712576422,AGRIHEALTH,
5060043860424,Natural Stockcare Musclevite - 5Ltrs,5060043860424,,EACH,,,243,,,https://cdn.shopify.com/s/files/1/0823/0961/1864/files/muscle-vite.jpg?v=1712576422,AGRIHEALTH,
5060043860608,At Birth Tubes - Individual tube,5060043860608,,EACH,,,9,,,https://cdn.shopify.com/s/files/1/0823/0961/1864/files/at-birth-tubes-0001_1.webp?v=1768565107,AGRIHEALTH,
5060043860806,Calcium Action Natural Stockcare,5060043860806,,EACH,,,13,,,https://cdn.shopify.com/s/files/1/0823/0961/1864/files/Calcium-Action-1-new.png?v=1751461239,AGRIHEALTH,
5060043860950,Natural Stockcare keto-Energy,5060043860950,,EACH,,,16.99,,,https://cdn.shopify.com/s/files/1/0823/0961/1864/files/Untitled_design_26.png?v=1751461272,AGRIHEALTH,
5060043860981,Natural Stockcare Aqua Lamb - 250ml,5060043860981,,EACH,,,28,,,https://cdn.shopify.com/s/files/1/0823/0961/1864/files/Untitled-design-21.png?v=1751461352,AGRIHEALTH,
5060126850731,Tracesure Cattle Bolus with Copper 20pk,5060126850731,,EACH,,,159.99,,,https://cdn.shopify.com/s/files/1/0823/0961/1864/files/tracesure-advanced-cattle-boluses-1.webp?v=1778145011,ACRAVETLTD,
5060164020097,Agrimin 24.7 Magnesium Bullets Cattle 10'S,5060164020097,,EACH,,,45,,,https://cdn.shopify.com/s/files/1/0823/0961/1864/files/download-1_a6dedd6c-a97e-4b85-90e4-37cc8106c982.jpg?v=1751461241,ACRAVETLTD,
5060164020196,All Trace Cattle Boluses,5060164020196,Health and Veterinary - Cattle,EACH,,,98,,,https://cdn.shopify.com/s/files/1/0823/0961/1864/files/ALL-TRACE-CATTLE-pack-mockup-web_1-1.jpg?v=1751461532,ACRAVETLTD,
5060164020356,All Trace High Iodine  Boluses,5060164020356,,EACH,,,84.99,,,https://cdn.shopify.com/s/files/1/0823/0961/1864/files/ALL-TRACE-HIGH-IODINE-CATTLE-RF-mock-pack-web-FINAL-Mar-19.jpg?v=1751461515,ACRAVETLTD,
5060318411016,Arm length Examination Gloves (Packs of 100),5060318411016,,EACH,,6.59,22,,,https://cdn.shopify.com/s/files/1/0823/0961/1864/files/Untitleddesign_27.png?v=1751461533,ACRAVETLTD,
5060387260607,Horner Zipper II Clipper Clean Head,5060387260607,,EACH,,,280,,,https://cdn.shopify.com/s/files/1/0823/0961/1864/files/zipper-clipper-clean-mains.jpg?v=1751461317,HORNERSHEARING,
5060387268719,Clipper Battery - Horner Quick Draw Shears Battery,5060387268719,,EACH,,,160,,,https://cdn.shopify.com/s/files/1/0823/0961/1864/files/rambo_horner_quickdraw_battery.png?v=1751461420,HORNERSHEARING,
5060387268764,Horner QuickDraw Shears,5060387268764,,EACH,,477.88,795,,,https://cdn.shopify.com/s/files/1/0823/0961/1864/files/rambo-handheld-machine.jpg?v=1751461421,HORNERSHEARING,
5060464130007,Premium Jakoti Self-Sharpening Hand Shears – Carbon Steel (For Livestock & Garden Use),5060464130007,,EACH,,23.95,55,,,https://cdn.shopify.com/s/files/1/0823/0961/1864/files/jakoti-self-sharpening-shears.jpg?v=1751461520,JAKOTI,
5060486410026,Selekt Stomach Replacement Drencher,5060486410026,,EACH,,167.34,310,,,https://cdn.shopify.com/s/files/1/0823/0961/1864/files/selekt-drencher.png?v=1759753268,,
5060486410033,Selekt Replacement Stomach Pump,5060486410033,,EACH,,114.33,250,,,https://cdn.shopify.com/s/files/1/0823/0961/1864/files/selekt-pump.png?v=1751461310,,
5061031800002,Limmoshine Extra 1l/5l - 1l,5061031800002,,EACH,,,17.5,,,https://cdn.shopify.com/s/files/1/0823/0961/1864/files/20191212135931_limoshine-extra-1-ltr.jpg?v=1721724968,,
5061031800019,Limmo Shine - 5 Litre,5061031800019,,EACH,,,68,,,https://cdn.shopify.com/s/files/1/0823/0961/1864/files/Limmo_1.webp?v=1755607855,SHOWTIME,
5061031800064,Brown Bloom Sheep Colouring 250ml,5061031801641,,EACH,,10.7,25,,,https://cdn.shopify.com/s/files/1/0823/0961/1864/files/BrownBloom250ml.jpg?v=1751461412,SHOWTIME,922
5061031800392,ShowTime Pure Talc Powder,5061031800392,,EACH,,,8.8,,,https://cdn.shopify.com/s/files/1/0823/0961/1864/files/Untitled_design_46.png?v=1777289549,SHOWTIME,
5061031800514,Poly Halters - 12mm White,5061031800514,,EACH,,5.21,9.5,,,https://cdn.shopify.com/s/files/1/0823/0961/1864/files/poly-halters-range.png?v=1751461470,SHOWTIME,
5061031800590,Deluxe Cotton Lead Ropes 12mm - White,5061031800590,,EACH,,,13.5,,,https://cdn.shopify.com/s/files/1/0823/0961/1864/files/black-cotton-l.r-cut-out.jpg?v=1751461465,SHOWTIME,
5061031800958,Showsuds Coconut Oil Shampoo 4l,5061031800958,,EACH,5,9.9,26,,,https://cdn.shopify.com/s/files/1/0823/0961/1864/files/showsuds-4-litre.jpg?v=1751461451,SHOWTIME,242
5061031800972,Megashine Coat Dressing - 5 Litre,5061031800972,,EACH,,,58,,,https://cdn.shopify.com/s/files/1/0823/0961/1864/files/20220106141001.megashine_1ltr.hi-res_76b6335e-4dc9-40f0-9f78-b122f37a3ccd.jpg?v=1751461430,SHOWTIME,
5061031800989,Hairset 1Litre,5061031800989,,EACH,,,15,,,https://cdn.shopify.com/s/files/1/0823/0961/1864/files/20160209110308_20160209110232_hair-set-1-litre.jpg?v=1751461428,SHOWTIME,
5061031801030,ShowTime Clear Soap 2.5kg,5061031801030,,EACH,,,45,,,https://cdn.shopify.com/s/files/1/0823/0961/1864/files/20170517143327_20140304081433_clear-soap-3kgs.jpg?v=1751461440,SHOWTIME,
5061031801276,Bob Temple Charo Soap - 2.5kg / White,5061031801276,,EACH,,21.75,40,,,https://cdn.shopify.com/s/files/1/0823/0961/1864/files/20240801-175939_0000.png?v=1751461439,SHOWTIME,800
5061031801283,Bob Temple Charo White 10kg,5061031801283,,EACH,,75.4,135,,,https://cdn.shopify.com/s/files/1/0823/0961/1864/files/20160209102457_20140320100728_charo-soap-10kg.jpg?v=1751461422,SHOWTIME,801
5061031801290,Bob Temple Charo Soap - 1kg / White,5061031801290,,EACH,,12,23,,,https://cdn.shopify.com/s/files/1/0823/0961/1864/files/20240801-175939_0000.png?v=1751461439,SHOWTIME,803
5061031801313,Bob Temple Charo Soap - 1kg / Yellow,5061031801313,,EACH,,12,24.5,,,https://cdn.shopify.com/s/files/1/0823/0961/1864/files/20240801-175939_0000.png?v=1751461439,SHOWTIME,808
5061031801375,Bob Temple Limousin Soap - 2.5kg,5061031801375,,EACH,,26.35,48,,,https://cdn.shopify.com/s/files/1/0823/0961/1864/files/WEBSITE_PICTURES_1.png?v=1765134427,SHOWTIME,820
5061031801658,Standard Curved Carding Comb,5061031801658,,EACH,,,40,,,https://cdn.shopify.com/s/files/1/0823/0961/1864/files/Curved-Sheep-Comb_97d029c4-00f8-4c95-a4fc-73dfb058b560.jpg?v=1751461418,SHOWTIME,
5061031801702,Flat Carding/Finishing Comb,5061031801702,,EACH,,,35,,,https://cdn.shopify.com/s/files/1/0823/0961/1864/files/20110929192956_3008-and-3006.jpg?v=1751461419,SHOWTIME,
5061031801764,Fleece Fix - 5 Litre,5061031801764,,EACH,,,49.5,,,https://cdn.shopify.com/s/files/1/0823/0961/1864/files/20160211162518_20140327152340_fleece-fix-1ltr-copy-copy.jpg?v=1751461414,SHOWTIME,
5061031801856,Anyday Coconut Shampoo,5061031801856,,EACH,,11.15,26,,,https://cdn.shopify.com/s/files/1/0823/0961/1864/files/Untitleddesign_47.png?v=1765132850,SHOWTIME,
5061031801863,ShowTime Tea Tree Oil Shampoo 4 Litre,5061031801863,,EACH,4,11.95,26,,,https://cdn.shopify.com/s/files/1/0823/0961/1864/files/showtime-tea-tree-oil-shampoo.png?v=1751461336,SHOWTIME,10436
5061031801887,Showtime Medicated Shampoo 4l,5061031801887,,EACH,,11.95,26.7,,,https://cdn.shopify.com/s/files/1/0823/0961/1864/files/20240502102650.showtime_medicated-shampoo.jpg?v=1751461446,SHOWTIME,10460
5061031801894,Showtime Muck Off Shampoo,5061031801894,,EACH,,11.85,26,,,https://cdn.shopify.com/s/files/1/0823/0961/1864/files/20160209112048_20150210160339_showtime-muck-off.jpg?v=1751461447,SHOWTIME,10475
5061031802013,Show Silk,5061031802013,,EACH,,,16,,,https://cdn.shopify.com/s/files/1/0823/0961/1864/files/20200207110059_showsilkft1.jpg?v=1751461269,SHOWTIME,
5061031802310,ShowTime SuperComb - 6in,5061031802310,,EACH,,,19.99,,,https://cdn.shopify.com/s/files/1/0823/0961/1864/files/1_73da690a-4180-4ad6-9245-f59d3f497c90.png?v=1778142227,SHOWTIME,
5061031802334,ShowTime SuperComb - 9in,5061031802334,,EACH,,,20.99,,,https://cdn.shopify.com/s/files/1/0823/0961/1864/files/1_73da690a-4180-4ad6-9245-f59d3f497c90.png?v=1778142227,SHOWTIME,
5061031802471,Stainless Steel Bull Nose Punch,5061031802471,,EACH,,73.5,125,,,https://cdn.shopify.com/s/files/1/0823/0961/1864/files/punch.jpg?v=1751461462,SHOWTIME,
5061031802501,Cotton Show Halters - 12mm / White,5061031802501,,EACH,,9.3,17,,,https://cdn.shopify.com/s/files/1/0823/0961/1864/files/cotton-halters-range.png?v=1751461468,SHOWTIME,
5061031802556,Cotton Show Halters - 16mm / White,5061031802556,,EACH,,12.9,23.99,,,https://cdn.shopify.com/s/files/1/0823/0961/1864/files/cotton-halters-range.png?v=1751461468,SHOWTIME,
5061031802600,Cotton Show Halters - 12mm / Red,5061031802600,,EACH,,9.3,17,,,https://cdn.shopify.com/s/files/1/0823/0961/1864/files/cotton-halters-range.png?v=1751461468,SHOWTIME,
5061031802617,Cotton Show Halters - 16mm / Red,5061031802617,,EACH,,12.56,23.99,,,https://cdn.shopify.com/s/files/1/0823/0961/1864/files/cotton-halters-range.png?v=1751461468,SHOWTIME,
5061031802624,Cotton Show Halters - 20mm / Red,5061031802624,,EACH,,13.31,25.99,,,https://cdn.shopify.com/s/files/1/0823/0961/1864/files/cotton-halters-range.png?v=1751461468,SHOWTIME,
5061031802655,Cotton Show Halters - 16mm / Black,5061031802655,,EACH,,12.56,23.99,,,https://cdn.shopify.com/s/files/1/0823/0961/1864/files/cotton-halters-range.png?v=1751461468,SHOWTIME,
5061031802662,Cotton Show Halters - 20mm / Black,5061031802662,,EACH,,13.31,25.99,,,https://cdn.shopify.com/s/files/1/0823/0961/1864/files/cotton-halters-range.png?v=1751461468,SHOWTIME,
5061031802754,Cattle Halter Multi Filament Polypropylene (MFP) Halters - 12mm BLACK,5061031802754,,EACH,,5.21,20,,,https://cdn.shopify.com/s/files/1/0823/0961/1864/files/20140327080654_mfp-16mm-web_1.jpg?v=1751461464,SHOWTIME,
5061031802761,Cattle Halter Multi Filament Polypropylene (MFP) Halters - 16mm BLACK,5061031802761,,EACH,,7.12,20,,,https://cdn.shopify.com/s/files/1/0823/0961/1864/files/20140327080654_mfp-16mm-web_1.jpg?v=1751461464,SHOWTIME,
5061031802778,Cattle Halter Multi Filament Polypropylene (MFP) Halters - 12mm RED,5061031802778,,EACH,,5.21,20,,,https://cdn.shopify.com/s/files/1/0823/0961/1864/files/20140327080654_mfp-16mm-web_1.jpg?v=1751461464,SHOWTIME,
5061031802792,Cattle Halter Multi Filament Polypropylene (MFP) Halters - 16mm RED,5061031802792,,EACH,,7.12,20,,,https://cdn.shopify.com/s/files/1/0823/0961/1864/files/20140327080654_mfp-16mm-web_1.jpg?v=1751461464,SHOWTIME,
5061031802822,Cattle Halter Multi Filament Polypropylene (MFP) Halters - 12mm WHITE,5061031802822,,EACH,,5.21,20,,,https://cdn.shopify.com/s/files/1/0823/0961/1864/files/20140327080654_mfp-16mm-web_1.jpg?v=1751461464,SHOWTIME,
5061031802846,Cattle Halter Multi Filament Polypropylene (MFP) Halters - 16mm WHITE,5061031802846,,EACH,,7.12,20,,,https://cdn.shopify.com/s/files/1/0823/0961/1864/files/20140327080654_mfp-16mm-web_1.jpg?v=1751461464,SHOWTIME,
5061031803065,Fleece Fix - 1 Litre,5061031803065,,EACH,,,19,,,https://cdn.shopify.com/s/files/1/0823/0961/1864/files/20160211162518_20140327152340_fleece-fix-1ltr-copy-copy.jpg?v=1751461414,SHOWTIME,
5099098105501,Pharvet Electromin Sheep Bolus (100's),5099098105501,,EACH,,,70,,,https://cdn.shopify.com/s/files/1/0823/0961/1864/files/pharvet-sheep-bolus.png?v=1751461332,PHARVET,
5099098105518,Pharvet Tracel Calfmin Calf Boluses (40s),5099098105518,,EACH,,,90,,,https://cdn.shopify.com/s/files/1/0823/0961/1864/files/pharvet-calf-bolus.png?v=1751461335,PHARVET,
5099098105563,Pharvet Electromin High Fertility Bolus (20's),5099098105563,,EACH,,,99.99,,,https://cdn.shopify.com/s/files/1/0823/0961/1864/files/pharvet-high-fertility-bolus.png?v=1751461333,PHARVET,
5099098105600,Osmonds Precalving Supergrazing 250 Day Bolus (Individually Sold),5099098105600,,EACH,,,12,,,https://cdn.shopify.com/s/files/1/0823/0961/1864/files/pharvet-supergraze-bolus.png?v=1751461331,OSMONDS,
5099098105723,Pharvet Electromin Copper Plus Bolus (20's),5099098105723,,EACH,,,80,,,https://cdn.shopify.com/s/files/1/0823/0961/1864/files/pharvet-copper-bolus.png?v=1751461334,PHARVET,
5099299004559,Albex 10% - 5Ltrs,5099299004559,,EACH,,,75,,,https://cdn.shopify.com/s/files/1/0823/0961/1864/files/9001815-frontface-1200Wx1200H.jpg?v=1751461537,HIGHFIELDVW,
5099299004566,Albex 10% - 2.5Ltrs,5099299004566,,EACH,,,50,,,https://cdn.shopify.com/s/files/1/0823/0961/1864/files/9001815-frontface-1200Wx1200H.jpg?v=1751461537,,
5099299043312,Tribamec Duo - 2.5Litre,5099299043312,,EACH,,,150,,,https://cdn.shopify.com/s/files/1/0823/0961/1864/files/LEV-1.png?v=1751461228,ACRAVETLTD,
5099299043329,Tribamec Duo - 1 Litre,5099299043329,,EACH,,,70,,,https://cdn.shopify.com/s/files/1/0823/0961/1864/files/LEV-1.png?v=1751461228,ACRAVETLTD,
5390851001208,Double Sided Curry Comb,5390851001208,,EACH,,,12,,,https://cdn.shopify.com/s/files/1/0823/0961/1864/files/Curry-Comb-Double-Sided_jpg.jpg?v=1751461504,MULLINAHONE,
5390998001123,Lugols Iodine B.P. 500ml,5390998001123,,EACH,,12,20,,,https://cdn.shopify.com/s/files/1/0823/0961/1864/files/139710-1-scaled.jpg?v=1751461405,ACRAVETLTD,
5391474000067,Survivor,5391474000067,,EACH,,,15,,,https://cdn.shopify.com/s/files/1/0823/0961/1864/files/Survivor-Tub.jpg?v=1751461244,AGRIHEALTH,
5391474000227,Coyle's Marker Spray 450ml - Red,5391474000227,,EACH,,,5.7,,,https://cdn.shopify.com/s/files/1/0823/0961/1864/files/coyles.webp?v=1751461214,COYLEVETDIS,
5391474000234,Coyle's Marker Spray 450ml - Blue,5391474000234,,EACH,,,5.7,,,https://cdn.shopify.com/s/files/1/0823/0961/1864/files/coyles.webp?v=1751461214,COYLEVETDIS,
5391474000241,Coyle's Marker Spray 450ml - Green,5391474000241,,EACH,,,5.7,,,https://cdn.shopify.com/s/files/1/0823/0961/1864/files/coyles.webp?v=1751461214,COYLEVETDIS,
5391474000258,Coyle's Marker Spray 450ml - Orange,5391474000258,,EACH,,,5.7,,,https://cdn.shopify.com/s/files/1/0823/0961/1864/files/coyles.webp?v=1751461214,COYLEVETDIS,
5391474000265,Coyle's Marker Spray 450ml - Yellow,5391474000265,,EACH,,,5.7,,,https://cdn.shopify.com/s/files/1/0823/0961/1864/files/coyles.webp?v=1751461214,COYLEVETDIS,
5391504730483,Curazole 10% Drench 2.5l,5391504730483,,EACH,,,65,,,https://cdn.shopify.com/s/files/1/0823/0961/1864/files/Curazole-10-Drench-1-400x267.png?v=1721819382,,
5391507522009,Turbo Thrive for High performance and fertility in Sheep - 1Litre,5391507522009,,EACH,,,35,,,https://cdn.shopify.com/s/files/1/0823/0961/1864/files/turbo_drench-sheep_s.webp?v=1712576701,,
5391507522061,Turbo Bio 30 ml,5391507522061,,EACH,,,12,,,https://cdn.shopify.com/s/files/1/0823/0961/1864/files/turbo-bio.png?v=1712576775,,
5391507522078,Turbo Thrive For High Performance and fertility in Cattle - 5Litre,5391507522078,,EACH,,,175,,,https://cdn.shopify.com/s/files/1/0823/0961/1864/files/turbo_drench-cattle_s.webp?v=1712576702,,
5391510233138,Ectoflits / Gold Fleee Diazinon Sheep Dip 60% 3l,5391510233138,,EACH,,,320,,,https://cdn.shopify.com/s/files/1/0823/0961/1864/files/ectoflits-101.webp?v=1751461363,ACRAVETLTD,
5391523180078,Calf Saver 4 x 25ml,5391523180078,,EACH,,,34.99,,,https://cdn.shopify.com/s/files/1/0823/0961/1864/files/Untitleddesign_31.png?v=1751461529,ARKANIMALCARE,
5391523180207,Pro Cud 450g,5391523180207,,EACH,,,9.99,,,https://cdn.shopify.com/s/files/1/0823/0961/1864/files/ProCudSachetPackshot-NEW-2020-scaled-1.jpg?v=1751461344,ARKANIMALCARE,
5391523180559,Charcovet Gel,5391523180559,,EACH,,,135,,,https://cdn.shopify.com/s/files/1/0823/0961/1864/files/CharcovetCDU-Open-min-450x450-1.jpg?v=1751461238,ARKANIMALCARE,
5391523470117,First Energy 700g,5391523470117,,EACH,,,10,,,https://cdn.shopify.com/s/files/1/0823/0961/1864/files/FirstEnergy-240x300.png?v=1751461350,INFORMLTD,
5391523470315,Super Phos,5391523470315,,EACH,,,9.75,,,https://cdn.shopify.com/s/files/1/0823/0961/1864/files/10-0.png?v=1712575835,INFORMLTD,
5391523470643,Rumen Booster Sachets,5391523470643,,EACH,,,3.5,,,https://cdn.shopify.com/s/files/1/0823/0961/1864/files/Rumen-Booster.jpg?v=1751461384,INFORMLTD,
5391523470698,Calf Booster 500ml,5391523470698,,EACH,,,45,,,https://cdn.shopify.com/s/files/1/0823/0961/1864/files/CalfBooster.png?v=1751461379,,
5391523471282,Lamb Aid,5391523471282,,EACH,,,27,,,https://cdn.shopify.com/s/files/1/0823/0961/1864/files/f64f2c_c5ee5dc0d03e446fa0ca8bf2f9407e89.jpg?v=1712575826,INFORMLTD,
5391523471374,Milkshake Power Colostrum - 250g,5391523471374,,EACH,,,14,,,https://cdn.shopify.com/s/files/1/0823/0961/1864/files/Power--e1547809974598.png?v=1751461356,INFORMLTD,
5391525738062,Rezult Lamb Starter,5391525738062,,EACH,,15,30,,,https://cdn.shopify.com/s/files/1/0823/0961/1864/files/PhotoRoom-20220225_161711.png?v=1751461299,ACRAVETLTD,
5397055312260,Deluxe Cotton Lead Ropes 12mm - Black,5397055312260,,EACH,,4.1,10,,,https://cdn.shopify.com/s/files/1/0823/0961/1864/files/black-cotton-l.r-cut-out.jpg?v=1751461465,,
5397055312291,Deluxe Cotton Lead Ropes 12mm - Red,5397055312291,,EACH,,4.1,10,,,https://cdn.shopify.com/s/files/1/0823/0961/1864/files/black-cotton-l.r-cut-out.jpg?v=1751461465,,
5400141902389,Miracle Cream NOVAVET,5400141902389,,EACH,,,28,,,https://cdn.shopify.com/s/files/1/0823/0961/1864/files/IMG_2880-scaled.jpg?v=1751461242,,
5414736055077,Flectron Fly Tag,5414736055077,,EACH,,,49.99,,,https://cdn.shopify.com/s/files/1/0823/0961/1864/files/fly-tags.webp?v=1751461215,HIGHFIELDVW,
5420036915423,Clikzin Pour-on 5l,5420036915423,,EACH,,,209,,,https://cdn.shopify.com/s/files/1/0823/0961/1864/files/Clik-Zin.jpg?v=1721826328,,
5703188020604,Bovivet Gel - 5l,5703188020604,,EACH,,,40,,,https://cdn.shopify.com/s/files/1/0823/0961/1864/files/180534.jpg?v=1751461203,ACRAVETLTD,
5703188030887,Krutex disposable apron 25pk,5703188030887,,EACH,,,60,,,https://cdn.shopify.com/s/files/1/0823/0961/1864/files/images_6.jpg?v=1721822581,,
5703188341075,Bovivet Gel - 1l,5703188341075,,EACH,,,8.99,,,https://cdn.shopify.com/s/files/1/0823/0961/1864/files/180534.jpg?v=1751461203,ACRAVETLTD,
5905413683169,Mintgel 500ml,,,EACH,,,20,,,https://cdn.shopify.com/s/files/1/0823/0961/1864/files/Untitled_Instagram_Post_34_2.png?v=1770914189,,
5907182171403,MilkSave 32 x 10ml Tubes,,,EACH,,,192,,,https://cdn.shopify.com/s/files/1/0823/0961/1864/files/Untitled_design_7_5f7cd154-37da-4135-8792-db2aa8d90625.png?v=1770823231,,
5907182171441,Gut Magic – Calf Digestive Support Paste,,,EACH,0.1,,18,,,https://cdn.shopify.com/s/files/1/0823/0961/1864/files/gut_magic_lengthways_full.png?v=1770824135,,
7613073000179,Heiniger Ovina,7613073000179,,EACH,,,35,,,https://cdn.shopify.com/s/files/1/0823/0961/1864/files/Heiniger_Ovina_Comb-1.png?v=1751461295,MULLINAHONE,
7613073000254,Heiniger Diamond Cutter,7613073000254,,EACH,,,10,,,https://cdn.shopify.com/s/files/1/0823/0961/1864/files/Heiniger_Diamond_Cutter.png?v=1751461296,MULLINAHONE,
7613073029477,Cattle Clipper - Heiniger Saphir Cordless Clipper,7613073029477,,EACH,,,430,,,https://cdn.shopify.com/s/files/1/0823/0961/1864/files/saphir.jpg?v=1751461482,MULLINAHONE,
7613073031289,Heiniger Blades - Coarse 21/23,7613073031289,,EACH,,,55,,,https://cdn.shopify.com/s/files/1/0823/0961/1864/files/Heiniger-Coarse-Blades.jpg?v=1751461486,MULLINAHONE,
7613073031364,Heiniger Blades - Fine 31/15,7613073031364,,EACH,,,55,,,https://cdn.shopify.com/s/files/1/0823/0961/1864/files/hh-fine-m.png?v=1751461481,MULLINAHONE,
7613073035157,Heiniger Blades 31/23,7613073035157,,EACH,,,52,,,https://cdn.shopify.com/s/files/1/0823/0961/1864/files/77c5beee72fc694fffba5ea5ffc5cc3b_3.jpg?v=1751461267,MULLINAHONE,
7613073041240,Heiniger Blades 18/15,7613073041240,,EACH,,,52,,,https://cdn.shopify.com/s/files/1/0823/0961/1864/files/d1858d877402c1af61671863b9a99ee7_3-1.jpg?v=1751461268,MULLINAHONE,
7613073042216,Heiniger Cordless Xplorer Spare Battery New Model,7613073042216,,EACH,,,128,,,https://cdn.shopify.com/s/files/1/0823/0961/1864/files/heiniger-xplorer-cordless-spare-battery-new-model.jpg?v=1751461318,MULLINAHONE,
7613073042636,Cattle Clipper - Heiniger Xplorer Clipper 2 Batteries Included,7613073042636,,EACH,,,695,,,https://cdn.shopify.com/s/files/1/0823/0961/1864/files/500-500-3516177.jpg?v=1751461485,MULLINAHONE,
7899677532586,Leg Quick Straps - Green,7899677532586,,EACH,,,3.25,,,https://cdn.shopify.com/s/files/1/0823/0961/1864/files/64070_leg-mark-it-fluoro-2.gif?v=1712575263,,
7899677541137,Leg Quick Straps - Pink,7899677541137,,EACH,,,3.25,,,https://cdn.shopify.com/s/files/1/0823/0961/1864/files/64070_leg-mark-it-fluoro-2.gif?v=1712575263,,
7899677541144,Leg Quick Straps - Yellow,7899677541144,,EACH,,,3.25,,,https://cdn.shopify.com/s/files/1/0823/0961/1864/files/64070_leg-mark-it-fluoro-2.gif?v=1712575263,,
7899677541151,Leg Quick Straps - Red,7899677541151,,EACH,,,3.25,,,https://cdn.shopify.com/s/files/1/0823/0961/1864/files/64070_leg-mark-it-fluoro-2.gif?v=1712575263,,
8424775201028,Rubber Feed Skip 20lr,8424775201028,,EACH,,,34.5,,,https://cdn.shopify.com/s/files/1/0823/0961/1864/files/20LRubberTrough.webp?v=1751461457,SULLIVANS,
8711500575210,Ifra Bulb 250watt,8711500575210,,EACH,,,9.5,,,https://cdn.shopify.com/s/files/1/0823/0961/1864/files/Bulb.jpg?v=1751461380,AGRIHEALTH,
8713184091345,Eprinex Multi Pour-on - 2.5l,8713184091345,,EACH,,,234.99,,,https://cdn.shopify.com/s/files/1/0823/0961/1864/files/eprinesmulti.webp?v=1721825897,,
8713184212641,Vecoxan - 1 Litre,8713184212641,,EACH,,,120,,,https://cdn.shopify.com/s/files/1/0823/0961/1864/files/Vecoxan-Oral-Suspension.jpg?v=1712575957,,
8713296012498,Intra Repiderma Spray (250 ml),8713296012498,,EACH,,,17.99,,,https://cdn.shopify.com/s/files/1/0823/0961/1864/files/intra-spray.webp?v=1751461221,AGRIHEALTH,
8716759547704,Novavet Mastomint Cool-Gel,8716759547704,,EACH,,,35,,,https://cdn.shopify.com/s/files/1/0823/0961/1864/files/mastomint-cool-gel.png?v=1751461202,,
9417027164799,Sheep Restrainer - large,9417027164799,,EACH,,7.8,15,,,https://cdn.shopify.com/s/files/1/0823/0961/1864/files/Sheeprestrainer_800x_e2d02a4a-ced5-4883-b224-e28b7cdc7c41.webp?v=1751461279,ACRAVETLTD,
9417027168926,Calf Leg Splint - Front,9417027168926,,EACH,,,44.5,,,https://cdn.shopify.com/s/files/1/0823/0961/1864/files/C24222-main-530Wx530H.jpg?v=1751461285,AGRIHEALTH,
9417027177249,Speedy Drencher - 2.5Ltrs,9417027177249,,EACH,,,40,,,https://cdn.shopify.com/s/files/1/0823/0961/1864/files/CustomImage99-min.webp?v=1712576610,AGRIHEALTH,
9417027199401,Easy Drencher 1.2l,9417027199401,,EACH,,,27,,,https://cdn.shopify.com/s/files/1/0823/0961/1864/files/ikkim.jpg?v=1712576619,,
9417027200640,Shoof Big drencher 2.5L,9417027200640,,EACH,,,39.99,,,https://cdn.shopify.com/s/files/1/0823/0961/1864/files/213701_1_1.jpg?v=1751461279,AGRIHEALTH,
9417027200923,Speedy Drencher - 4Ltrs,9417027200923,,EACH,,,49,,,https://cdn.shopify.com/s/files/1/0823/0961/1864/files/CustomImage99-min.webp?v=1712576610,AGRIHEALTH,
9417027206703,Tailwell Hair Remover,9417027206703,,EACH,,,365,,,https://cdn.shopify.com/s/files/1/0823/0961/1864/files/tailwell2_retail_case_profile_2.jpg?v=1751461519,AGRIHEALTH,
9417027231972,Shoof Chin Ball Harness,9417027231972,,EACH,,,165,,,https://cdn.shopify.com/s/files/1/0823/0961/1864/files/4370.jpg?v=1751461539,AGRIHEALTH,
9421015580256,Mating Mark Ram Crayon - Yellow,9421015580256,,EACH,,,5.75,,,https://cdn.shopify.com/s/files/1/0823/0961/1864/files/ram-crayon.png?v=1751461329,AGRIHEALTH,
9421015580263,Mating Mark Ram Crayon - Orange,9421015580263,,EACH,,,5.75,,,https://cdn.shopify.com/s/files/1/0823/0961/1864/files/ram-crayon.png?v=1751461329,AGRIHEALTH,
9421015580287,Mating Mark Ram Crayon - Green,9421015580287,,EACH,,,5.75,,,https://cdn.shopify.com/s/files/1/0823/0961/1864/files/ram-crayon.png?v=1751461329,AGRIHEALTH,
9421015580300,Mating Mark Ram Crayon - Blue,9421015580300,,EACH,,,5.75,,,https://cdn.shopify.com/s/files/1/0823/0961/1864/files/ram-crayon.png?v=1751461329,AGRIHEALTH,
9421015582571,Mating Mark Ram Crayon - Black,9421015582571,,EACH,,,5.75,,,https://cdn.shopify.com/s/files/1/0823/0961/1864/files/ram-crayon.png?v=1751461329,AGRIHEALTH,
9421904214323,Trusti Colostrum Bag 10 Pack,9421904214323,,EACH,,,55,,,https://cdn.shopify.com/s/files/1/0823/0961/1864/files/trusti-tuber-10-bags-768x573-1.jpg?v=1751461305,AGRIHEALTH,
9421904214583,Portable Colostrum Refractometer,9421904214583,,EACH,,,60,,,https://cdn.shopify.com/s/files/1/0823/0961/1864/files/refractometer-2.jpg?v=1751461240,ACRAVETLTD,
9421904214903,Trusti Feeder,9421904214903,,EACH,,,70,,,https://cdn.shopify.com/s/files/1/0823/0961/1864/files/TRUSTITUBERSTOMACHTUBEBOTTLE_900x_da1d6dad-25ba-4e2d-a422-fe539326ed4d.webp?v=1751461245,AGRIHEALTH,
9780201379624,"Novavet Warts, Angleberry & Cow Pox Treatment 500ml (WAC Spray)",9780201379624,,EACH,,,28,,,https://cdn.shopify.com/s/files/1/0823/0961/1864/files/novavet-2-e1612013272671.jpg?v=1751461358,,
9900000419967,Cheviot Sheep Colouring Powders 45g - Swaledale Black,9900000419967,,EACH,,,39.95,,,https://cdn.shopify.com/s/files/1/0823/0961/1864/files/20160310142258_west-country-1.jpg?v=1751461291,SHOWTIME,
9900000419974,Cheviot Sheep Colouring Powders 45g - Bloom,9900000419974,,EACH,,,39.95,,,https://cdn.shopify.com/s/files/1/0823/0961/1864/files/20160310142258_west-country-1.jpg?v=1751461291,SHOWTIME,
9900000419981,Cheviot Sheep Colouring Powders 45g - West Country,9900000419981,,EACH,,,39.95,,,https://cdn.shopify.com/s/files/1/0823/0961/1864/files/20160310142258_west-country-1.jpg?v=1751461291,SHOWTIME,
9900000419998,Cheviot Sheep Colouring Powders 45g - Greyface Brown,9900000419998,,EACH,,,39.95,,,https://cdn.shopify.com/s/files/1/0823/0961/1864/files/20160310142258_west-country-1.jpg?v=1751461291,SHOWTIME,
9900000420000,Cheviot Sheep Colouring Powders 45g - Mule,9900000420000,,EACH,,,39.95,,,https://cdn.shopify.com/s/files/1/0823/0961/1864/files/20160310142258_west-country-1.jpg?v=1751461291,SHOWTIME,
9900000420017,Cheviot Sheep Colouring Powders 45g - Gold Fleece,9900000420017,,EACH,,,39.95,,,https://cdn.shopify.com/s/files/1/0823/0961/1864/files/20160310142258_west-country-1.jpg?v=1751461291,SHOWTIME,
105391510234890,Dectospot Pour-on,105391510234890,,EACH,,,175,,,https://cdn.shopify.com/s/files/1/0823/0961/1864/files/DTS1L___L.jpg?v=1721220117,,
506004386060920,At Birth Tubes - Box of 20 + 5 Free,,,EACH,,,180,,,https://cdn.shopify.com/s/files/1/0823/0961/1864/files/at-birth-tubes-0001_1.webp?v=1768565107,AGRIHEALTH,
(01)05023534031468(17)251000(10)3401-32D,Noromectin 7l,(01)05023534031468(17)251000(10)3401-32D,,EACH,,,170,,,https://cdn.shopify.com/s/files/1/0823/0961/1864/files/9001925-frontface-1200Wx1200H.jpg?v=1721217690,,
(01)05099299037878,Dycoxan Oral Suspension - 1L,(01)05099299037878,,EACH,,,114.99,,,https://cdn.shopify.com/s/files/1/0823/0961/1864/files/dYCOXAN_600x600_6b4f359f-76c2-4264-bef8-a97c80bcfa9e.jpg?v=1751461196,,
(01)0539153427,Cow Start Bolus 4 x 2 pack,(01)0539153427,,EACH,,48,32,,,https://cdn.shopify.com/s/files/1/0823/0961/1864/files/cow-start-bolus.jpg?v=1751461207,ACRAVETLTD,
(01)05414736045115,Spot On Insecticide,(01)05414736045115,,EACH,,,99.99,,,https://cdn.shopify.com/s/files/1/0823/0961/1864/files/Spot-On-Fly-New.png?v=1751461292,,
0375A,Heiniger Cordless Spare Battery Old Model,0375A,,EACH,,71.54,115,,,https://cdn.shopify.com/s/files/1/0823/0961/1864/files/20110814145844_heiniger-cordless-battery.jpg?v=1751461484,MULLINAHONE,
1000KGSALT1,Himalayan Rock Salt - 1000KG1,1000KGSALT1,,EACH,,420,495,,,https://cdn.shopify.com/s/files/1/0823/0961/1864/files/unnamed-1.jpg?v=1751461260,HSI,
1061868Mxiub,Spray Trigger Attachment for Aeroseol Cans,4396196,,EACH,,2,10,,,https://cdn.shopify.com/s/files/1/0823/0961/1864/files/SPRAY-TRIGGER-4.jpg?v=1751461213,,
11498-BLACK-1,Tesoro Leather Blinkers - Black,5397055466932,,EACH,,,24.95,,,https://cdn.shopify.com/s/files/1/0823/0961/1864/files/11498_708a3975-4a7e-4a3f-9260-d50f1d41d2ed.webp?v=1756474116,,
11498-BROWN,Tesoro Leather Blinkers - Brown,5397055466949,,EACH,,,24.95,,,https://cdn.shopify.com/s/files/1/0823/0961/1864/files/11498_708a3975-4a7e-4a3f-9260-d50f1d41d2ed.webp?v=1756474116,TRIEQUESTRIAN,
13065-250ML,B-R Bone Embrocation 500ml - 250ml,5027286052184,,EACH,,,24.4,,,https://cdn.shopify.com/s/files/1/0823/0961/1864/files/13065-250ML-1_abbe8eb9-3fb0-488b-96b5-903aed4a19e0.webp?v=1756478513,TRIEQUESTRIAN,
13065-500ML,B-R Bone Embrocation 500ml - 500ml,,,EACH,,,44,,,https://cdn.shopify.com/s/files/1/0823/0961/1864/files/13065-250ML-1_abbe8eb9-3fb0-488b-96b5-903aed4a19e0.webp?v=1756478513,TRIEQUESTRIAN,
13982-500ML,Botanica Cleansing Wash - 500ml,5060119322047,,EACH,,10.79,21.6,,,https://cdn.shopify.com/s/files/1/0823/0961/1864/files/13982-500ML_977a2c48-6d06-4f04-bd5a-24fec62dbb5b.webp?v=1756480172,TRIEQUESTRIAN,
13982-5LTR,Botanica Cleansing Wash - 5Ltr,5060119322085,,EACH,,40.71,81.5,,,https://cdn.shopify.com/s/files/1/0823/0961/1864/files/13982-500ML_977a2c48-6d06-4f04-bd5a-24fec62dbb5b.webp?v=1756480172,TRIEQUESTRIAN,
13984-300ML,Botanica Herbal Cream 500ml - 300ml,5060119322023,,EACH,,,23.4,,,https://cdn.shopify.com/s/files/1/0823/0961/1864/files/13984-125ML_03cc375c-33ac-4fbb-b321-cd5a17a55e4f.webp?v=1756480052,TRIEQUESTRIAN,
13984-500ML,Botanica Herbal Cream 500ml - 500ml,5060119322016,,EACH,,,34.6,,,https://cdn.shopify.com/s/files/1/0823/0961/1864/files/13984-125ML_03cc375c-33ac-4fbb-b321-cd5a17a55e4f.webp?v=1756480052,TRIEQUESTRIAN,
14103-2.5KG-2,Cribox - 2.5kg,,,EACH,,,68.3,,,https://cdn.shopify.com/s/files/1/0823/0961/1864/files/14103.webp?v=1756476262,TRIEQUESTRIAN,
14103-450G,Cribox - 450g,5027286054478,,EACH,,,20.9,,,https://cdn.shopify.com/s/files/1/0823/0961/1864/files/14103.webp?v=1756476262,TRIEQUESTRIAN,
14117-1L,Devils Relief Plus 1Ltr,5032410017717,,EACH,,,35.6,,,https://cdn.shopify.com/s/files/1/0823/0961/1864/files/183.webp?v=1756808298,TRIEQUESTRIAN,
14335-500ML*,Fly Repellant-Super Plus Gel 500cc,5038103110130,,EACH,,,23.4,,,https://cdn.shopify.com/s/files/1/0823/0961/1864/files/14337.webp?v=1756475496,TRIEQUESTRIAN,
14374-2.5KG,Garlic Granules 2.5kg,5391504349296,,EACH,,,29.4,,,https://cdn.shopify.com/s/files/1/0823/0961/1864/files/116.webp?v=1756472094,TRIEQUESTRIAN,
14410-1L,Haemavite B Plus 1ltr,5060201880196,,EACH,,,29,,,https://cdn.shopify.com/s/files/1/0823/0961/1864/files/118.webp?v=1756472781,TRIEQUESTRIAN,
14415-1L,Heel to Hoof 1 Ltr,5038103146528,,EACH,,,28.71,,,https://cdn.shopify.com/s/files/1/0823/0961/1864/files/14415_f5b3d2db-378b-4722-9096-ca0436987842.webp?v=1756475904,TRIEQUESTRIAN,
14454-1L,Immunall 1Ltr,8719326410708,,EACH,,,116,,,https://cdn.shopify.com/s/files/1/0823/0961/1864/files/156_10622570-ec74-440a-bcb4-65df971f3a3e.webp?v=1756726446,TRIEQUESTRIAN,
14515-1L,Lincoln Piaffe Mane&Tail 1litre,5027286051392,,EACH,,,24.1,,,,TRIEQUESTRIAN,
14519-4L,Lincoln Hoof Oil 4 litre,5027286041072,,EACH,,,58.1,,,https://cdn.shopify.com/s/files/1/0823/0961/1864/files/14519-4L.webp?v=1756477747,TRIEQUESTRIAN,
14525-4L,Lincoln Neatsfoot Oil 4ltr,5027286040570,,EACH,,,55.7,,,https://cdn.shopify.com/s/files/1/0823/0961/1864/files/14525-4L.webp?v=1756476623,TRIEQUESTRIAN,
14670-1.5KG,PREMIER E 1.5KG,5060201880219,,EACH,,,34.4,,,https://cdn.shopify.com/s/files/1/0823/0961/1864/files/123.webp?v=1756473722,TRIEQUESTRIAN,
14670-4KG,PREMIER E 4KG,5060201880226,,EACH,,,86.6,,,https://cdn.shopify.com/s/files/1/0823/0961/1864/files/124.webp?v=1756475105,TRIEQUESTRIAN,
14711-2.5KG,Respirator 2.5kg,5032410010329,,EACH,,,138.7,,,https://cdn.shopify.com/s/files/1/0823/0961/1864/files/181_5d1dfb41-b804-443a-85d4-adb00ec3d36b.webp?v=1756808025,TRIEQUESTRIAN,
14712-500ML,Respirator Boost,5032410113112,,EACH,,,26.3,,,https://cdn.shopify.com/s/files/1/0823/0961/1864/files/182.webp?v=1756808171,TRIEQUESTRIAN,
14713-1.5KG,Restore-Lyte Powder - 1.5KG,5060201880295,,EACH,,,27.2,,,https://cdn.shopify.com/s/files/1/0823/0961/1864/files/128.webp?v=1756478453,TRIEQUESTRIAN,
14713-10KG,Restore-Lyte Powder - 10KG,5060201880318,,EACH,,,137,,,https://cdn.shopify.com/s/files/1/0823/0961/1864/files/128.webp?v=1756478453,TRIEQUESTRIAN,
14734-1.5KG,Selenavite E Powder - 1.5KG,5060201880332,,EACH,,,38,,,https://cdn.shopify.com/s/files/1/0823/0961/1864/files/131.webp?v=1756478865,TRIEQUESTRIAN,
14734-4KG,Selenavite E Powder - 4KG,5060201880349,,EACH,,60.49,87.5,,,https://cdn.shopify.com/s/files/1/0823/0961/1864/files/131.webp?v=1756478865,TRIEQUESTRIAN,
15677-5L,Selenavite E Liquid 5Ltr,5060201880363,,EACH,,,70.2,,,https://cdn.shopify.com/s/files/1/0823/0961/1864/files/134.1.webp?v=1756479584,,
15FTHOSEFORBLOWER,Circuiteer Blower Hose,,,EACH,,,120,,,https://cdn.shopify.com/s/files/1/0823/0961/1864/files/0051.jpg?v=1751461476,,
17267-1LT,Gastro-Mag 1lt,5060201882251,,EACH,,,32.4,,,https://cdn.shopify.com/s/files/1/0823/0961/1864/files/117.webp?v=1756472423,TRIEQUESTRIAN,
17287-1LTR,Mood Balancer 1 LTR,5060201882244,,EACH,,,45.9,,,https://cdn.shopify.com/s/files/1/0823/0961/1864/files/120.webp?v=1756472974,TRIEQUESTRIAN,
17555-10KG,Relax Leg Clay - 10KG,5060201880615,,EACH,,,64.08,,,https://cdn.shopify.com/s/files/1/0823/0961/1864/files/127.webp?v=1756477815,TRIEQUESTRIAN,
17555-5KG,Relax Leg Clay - 5KG,5060201880608,,EACH,,,35.21,,,https://cdn.shopify.com/s/files/1/0823/0961/1864/files/127.webp?v=1756477815,TRIEQUESTRIAN,
17693-3L,Turfmasters Petroleum Jelly 3L,5397055507864,,EACH,,,37.4,,,https://cdn.shopify.com/s/files/1/0823/0961/1864/files/17693-3L.webp?v=1756475365,TRIEQUESTRIAN,
18KGEUCALYPTUSBUCKET,Eucalyptus Easy Breathe Mineral Bucket – Respiratory Support,18KGEUCALYPTUSBUCKET,,EACH,20,17.67,30,,,https://cdn.shopify.com/s/files/1/0823/0961/1864/files/Untitled_design_18.png?v=1751461325,,
1LITERMOLASSES,Organic Molasses 1Litre - 1 Litre,1LITERMOLASSES,,EACH,,,1.25,,,https://cdn.shopify.com/s/files/1/0904/2372/2370/files/IBC.jpg?v=1773320397,,
2.5inc10bx,Brass Bull Rings Box of 10 - 2.5 Inch / 10 boxes,,,EACH,,,400,,,https://cdn.shopify.com/s/files/1/0823/0961/1864/files/IMG_8861.jpg?v=1769725140,VETYCITY,
2.5LCATTLETURBOTHRIVE,Turbo Thrive For High Performance and fertility in Cattle - 2.5Litre,2.5LCATTLETURBOTHRIVE,,EACH,,,100,,,https://cdn.shopify.com/s/files/1/0823/0961/1864/files/turbo_drench-cattle_s.webp?v=1712576702,,
2.5LSHEEPTURBO,Turbo Thrive for High performance and fertility in Sheep - 2.5Litre,2.5LSHEEPTURBO,,EACH,,,100,,,https://cdn.shopify.com/s/files/1/0823/0961/1864/files/turbo_drench-sheep_s.webp?v=1712576701,,
24.7SMARTRACEPLUSSHEEP,Agrimin 24.7 Smartrace Plus Sheep Bolus,24.7SMARTRACEPLUSSHEEP,,EACH,,,100.09,,,https://cdn.shopify.com/s/files/1/0823/0961/1864/files/smartrace-plus-adult-sheep.jpg?v=1751461396,,
48INCHSHOWSTICKBLK,"Show Stick 48"" - Black",,,EACH,,15,49.5,,,https://cdn.shopify.com/s/files/1/0823/0961/1864/files/20170309143630_54bk-1.jpg?v=1751461229,VETYCITY,
48INCHSHOWSTICKBLUE,"Show Stick 48"" - Blue",,,EACH,,15,49.5,,,https://cdn.shopify.com/s/files/1/0823/0961/1864/files/20170309143630_54bk-1.jpg?v=1751461229,VETYCITY,
48INCHSHOWSTICKDOTS,"Show Stick 48"" - Dots",,,EACH,,15,49.5,,,https://cdn.shopify.com/s/files/1/0823/0961/1864/files/20170309143630_54bk-1.jpg?v=1751461229,VETYCITY,
48INCHSHOWSTICKGREEN,"Show Stick 48"" - Green",,,EACH,,15,49.5,,,https://cdn.shopify.com/s/files/1/0823/0961/1864/files/20170309143630_54bk-1.jpg?v=1751461229,VETYCITY,
48INCHSHOWSTICKPINK,"Show Stick 48"" - Pink",,,EACH,,15,49.5,,,https://cdn.shopify.com/s/files/1/0823/0961/1864/files/20170309143630_54bk-1.jpg?v=1751461229,VETYCITY,
48INCHSHOWSTICKRED,"Show Stick 48"" - Red",,,EACH,,15,49.5,,,https://cdn.shopify.com/s/files/1/0823/0961/1864/files/20170309143630_54bk-1.jpg?v=1751461229,VETYCITY,
48INCHSHOWSTICKSILVER,"Show Stick 48"" - Silver",,,EACH,,15,49.5,,,https://cdn.shopify.com/s/files/1/0823/0961/1864/files/20170309143630_54bk-1.jpg?v=1751461229,VETYCITY,
4IN1CLIPPERSPRAY,Showtime 4 in 1 Clipper Spray,,,EACH,,3.99,0,,,,SHOWTIME,
500KGSALT1,Himalayan Rock Salt - 500KG1,500KGSALT1,,EACH,,260,300,,,https://cdn.shopify.com/s/files/1/0823/0961/1864/files/unnamed-1.jpg?v=1751461260,HSI,
500kgsalt2,Himalayan Rock Salt - 1000kg,,,EACH,,,299,,,https://cdn.shopify.com/s/files/1/0823/0961/1864/files/IMG-20210324-WA0006.jpg?v=1751461260,,
500kgsalt3,Himalayan Rock Salt - 500kg,,,EACH,,,520,,,https://cdn.shopify.com/s/files/1/0823/0961/1864/files/IMG-20210324-WA0006.jpg?v=1751461260,,
5LSHEEPTURBO,Turbo Thrive for High performance and fertility in Sheep - 5Litre,5LSHEEPTURBO,,EACH,,,175,,,https://cdn.shopify.com/s/files/1/0823/0961/1864/files/turbo_drench-sheep_s.webp?v=1712576701,,
6FLUFFERCOMB,6' Smooth Operator Fluffer Comb,,,EACH,,,55,,,https://cdn.shopify.com/s/files/1/0823/0961/1864/files/6SOSF.webp?v=1751461828,SHOWTIME,
89x89x90BAGSWSKIRT,89x89x90cm bags with skirt,,,EACH,,,69.5,,,,THRACESYNTHETIC,
8mmCOTTONBLACK,Cotton Show Halters - 8mm / Black,,,EACH,,6.5,12,,,https://cdn.shopify.com/s/files/1/0823/0961/1864/files/cotton-halters-range.png?v=1751461468,SHOWTIME,
ACRALUBE1L,Acralube - 1 Litre,5027286162876,,EACH,,2.47,7.4,,,https://cdn.shopify.com/s/files/1/0823/0961/1864/files/Acralube2.5-500x500.png?v=1751461209,ACRAVETLTD,
ACRALUBE2.5L,Acralube - 2.5 Litre,,,EACH,,8.12,11.6,,,https://cdn.shopify.com/s/files/1/0823/0961/1864/files/Acralube2.5-500x500.png?v=1751461209,ACRAVETLTD,
ADUQD,Aquadyne,ADUQD,,EACH,,,60,,,https://cdn.shopify.com/s/files/1/0823/0961/1864/files/AQUADYNE.jpg?v=1751461398,,
AESCULAPBLASE510,Aesculap Blade GT510,AESCULAPBLASE510,,EACH,,,55,,,https://cdn.shopify.com/s/files/1/0823/0961/1864/files/Aesculap-GT510.jpg?v=1751461393,MULLINAHONE,
AESCULAPKNIFEEBL,Aesculap Hoof Knife - Left Hand / Ebony,AESCULAPKNIFEEBL,,EACH,,,40,,,https://cdn.shopify.com/s/files/1/0823/0961/1864/files/0605956_78535_440x440_1004_1755939567114.jpg?v=1765133009,ACRAVETLTD,
AESCULAPKNIFEEBR,Aesculap Hoof Knife - Right Hand / Ebony,AESCULAPKNIFEEBR,,EACH,,,40,,,https://cdn.shopify.com/s/files/1/0823/0961/1864/files/0605956_78535_440x440_1004_1755939567114.jpg?v=1765133009,,
AESCULAPKNIFERWL,Aesculap Hoof Knife - Left Hand / Redwood,AESCULAPKNIFERWL,,EACH,,,30,,,https://cdn.shopify.com/s/files/1/0823/0961/1864/files/0605956_78535_440x440_1004_1755939567114.jpg?v=1765133009,ACRAVETLTD,
AESCULAPKNIFERWR,Aesculap Hoof Knife - Right Hand / Redwood,AESCULAPKNIFERWR,,EACH,,,30,,,https://cdn.shopify.com/s/files/1/0823/0961/1864/files/0605956_78535_440x440_1004_1755939567114.jpg?v=1765133009,ACRAVETLTD,
AESU5,Aesculap Blade GT506,AESU5,,EACH,,,35,,,https://cdn.shopify.com/s/files/1/0823/0961/1864/files/GT-502.jpg?v=1751461384,,
AF13863,Suevia drinker black,,,EACH,,,55,,,https://cdn.shopify.com/s/files/1/0823/0961/1864/files/black-single-drinker.png?v=1751461229,CONDON,
AGORGANICCATTLE18KG,Agvance Organic Cattle Mineral Bucket,,,EACH,18,,36,,,https://cdn.shopify.com/s/files/1/0823/0961/1864/files/ORGANICCATTLEWEBPHOTO.png?v=1751461188,BRINICOMBE,
AGORGANICSHEEP18KG,Agvance Organic Sheep Mineral Bucket,,,EACH,18,,36,,,https://cdn.shopify.com/s/files/1/0823/0961/1864/files/ORGANICSHEEPWEBPHOTO.png?v=1751461189,BRINICOMBE,
AGRIGEL5L,Agri Gel / Agri Lube,AGRIGEL5L,,EACH,,,20,,,https://cdn.shopify.com/s/files/1/0823/0961/1864/files/Agri-gel-e1550682361843.jpg?v=1751461353,,
AGRIHEALTHLUBE1 LITRE,Agrihealth AgriLube - 1 litre,5035300176747,,EACH,,,6,,,https://cdn.shopify.com/s/files/1/0823/0961/1864/files/Untitleddesign_30.png?v=1751461173,ACRAVETLTD,
agrihealthlube2.5litre,Agrihealth AgriLube - 2.5 litre,5035300280208,,EACH,,,11,,,https://cdn.shopify.com/s/files/1/0823/0961/1864/files/Untitleddesign_30.png?v=1751461173,ACRAVETLTD,
AGRIMIN24.7STPLUSCALFWCOPPER,Agrimin 24.7 Smartrace Plus Calf Bolus With Copper 20's,AGRIMIN24.7STPLUSCALFWCOPPER,,EACH,,,60,,,https://cdn.shopify.com/s/files/1/0823/0961/1864/files/SMARTRACE-PLUS-CALF-mockup-web_0.jpg?v=1751461340,,
AGRIMINCAL12,Agrimin 24.7 Calcium Bolus 12's,AGRIMINCAL12,,EACH,,,86,,,https://cdn.shopify.com/s/files/1/0823/0961/1864/files/Calcium-e1570442094826.jpg?v=1751461396,,
AGRIMINCATTLEBOLUSAPPA,Agrimin Cattle Bolus Applicator A,AGRIMINCATTLEBOLUSAPPA,,EACH,,,115,,,https://cdn.shopify.com/s/files/1/0823/0961/1864/files/Agrimin-Cattle-Bolus-Applicator-A.jpg?v=1751461401,,
AGRIMINCATTLEBOLUSAPPB,Agrimin Cattle Bolus Applicator B,AGRIMINCATTLEBOLUSAPPB,,EACH,,,110,,,https://cdn.shopify.com/s/files/1/0823/0961/1864/files/Agrimin-Cattle-Bolus-Applicator-B.jpg?v=1751461401,,
AGRIMINSHEEPAPPLICATORA,Bolus Applicator A Agrimin Sheep,AGRIMINSHEEPAPPLICATORA,,EACH,,,70,,,https://cdn.shopify.com/s/files/1/0823/0961/1864/files/Agrimin-Sheep-Bolus-Applicator-A.jpg?v=1751461400,,
AGRITOX10L,Agritox MCPA (NU46) 10 Litre Spray,AGRITOX10L,,EACH,,,95,,,https://cdn.shopify.com/s/files/1/0823/0961/1864/files/MCPA.jpg?v=1712576076,,
AGVANCEFOOTSHEARS,Agvance Footrot Shears,AGVANCEFOOTSHEARS,,EACH,,,38,,,https://cdn.shopify.com/s/files/1/0823/0961/1864/files/Screenshot_20230309-093850_WhatsApp-1.jpg?v=1751461240,,
AGVANCEGARLIC18KG,Garlic Seaweed Mineral Bucket 18kg,AGVANCEGARLIC18KG,,EACH,,16.65,27,,,https://cdn.shopify.com/s/files/1/0823/0961/1864/files/GARLICBUCKETPHOTO.png?v=1751461218,,
AGVANCEGARLIC20KG,AGVANCE NUTRITION GARLIC 20KG,,,EACH,,,30,,,https://cdn.shopify.com/s/files/1/0823/0961/1864/files/AGVANCENUTRITION-GARLIC20KG.png?v=1751461144,,
AGVANCEHAT,FREE Hat — €80+ Orders Only,,,EACH,0.01,,15,,,https://cdn.shopify.com/s/files/1/0823/0961/1864/files/IMG_1261.jpg?v=1770817680,,
AGVANCEPRECALVER18KG,Pre Calver Plus Mineral bucket,AGVANCEPRECALVER18KG,,EACH,20,,27,,,https://cdn.shopify.com/s/files/1/0823/0961/1864/files/Untitled_design_19.png?v=1751461325,,
AGVANCESEAWEEDPOWDER3KG,Agvance Seaweed Powder 3kg + 500g Free,,,EACH,,,25.8,,,https://cdn.shopify.com/s/files/1/0823/0961/1864/files/Seaweedflake3kg_1_2c999dad-b0b3-468c-b8a0-3b078e616963.png?v=1768298654,OGT,
AGVBLACKFLATLEATHERM,Agvance Flat leather Show Halter - Medium - Black,,,EACH,,,74.99,,,https://cdn.shopify.com/s/files/1/0823/0961/1864/files/image_21.png?v=1754553927,VETYCITY,
AGVBROWNFLATHALTERM,Agvance Flat leather Show Halter - Medium - Brown,,,EACH,,,74.99,,,https://cdn.shopify.com/s/files/1/0823/0961/1864/files/image_21.png?v=1754553927,VETYCITY,
AGVEZBR10,"Agvance Nutrition EZ Breathe - Respiratory support for cattle, sheep and horses - 10 pack",,,EACH,,,55,,,https://cdn.shopify.com/s/files/1/0823/0961/1864/files/Untitleddesign_35.png?v=1768322863,ROYALILAC,
AGVEZBR20,"Agvance Nutrition EZ Breathe - Respiratory support for cattle, sheep and horses - 20 pack",,,EACH,,,100,,,https://cdn.shopify.com/s/files/1/0823/0961/1864/files/Untitleddesign_35.png?v=1768322863,ROYALILAC,
AGVEZBR5,"Agvance Nutrition EZ Breathe - Respiratory support for cattle, sheep and horses - 5 pack",,,EACH,,,30,,,https://cdn.shopify.com/s/files/1/0823/0961/1864/files/Untitleddesign_35.png?v=1768322863,ROYALILAC,
AGVHANDSHEARS,Traditional Double Bow Hand Shears,,,EACH,,,30,,,https://cdn.shopify.com/s/files/1/0823/0961/1864/files/unnamed-5.jpg?v=1751461243,SHOWTIME,
AGVORGFLY,Agvance Organic Fly,,,EACH,,,28,,,,BRINICOMBE,
AGVSEAWEEDPOWDER3KG,Agvance Seaweed Powder 3kg,,,EACH,,,18,,,https://cdn.shopify.com/s/files/1/0904/2372/2370/files/Seaweedflake3kg_1.png?v=1768298004,OGT,
ALLGUARD4IN1SHEEPBOLUS100,All Guard Sheep and Lamb Bolus 4 In 1 - 100,ALLGUARD4IN1SHEEPBOLUS100,,EACH,,,155,,,https://cdn.shopify.com/s/files/1/0823/0961/1864/files/9a97e1_d3d066fdd33344b19ab48e2c5069c8fc_mv2.jpg?v=1751461287,,
ALLGUARD4IN1SHEEPBOLUS250,All Guard Sheep and Lamb Bolus 4 In 1 - 250,ALLGUARD4IN1SHEEPBOLUS250,,EACH,,,310,,,https://cdn.shopify.com/s/files/1/0823/0961/1864/files/9a97e1_d3d066fdd33344b19ab48e2c5069c8fc_mv2.jpg?v=1751461287,,
ALLGUARD5IN1,All Guard 5 In 1 Ewe Bolus - 250's,ALLGUARD5IN1,,EACH,,,355,,,https://cdn.shopify.com/s/files/1/0823/0961/1864/files/all-guard-5-in-1-sheep-bolus.jpg?v=1751461359,,
ALLGUARD5IN1100,All Guard 5 In 1 Ewe Bolus - 100's,ALLGUARD5IN1100,,EACH,,,160,,,https://cdn.shopify.com/s/files/1/0823/0961/1864/files/all-guard-5-in-1-sheep-bolus.jpg?v=1751461359,,
ALLGUARDAPP,All Guard 5 In 1 Sheep Bolus Applicator,ALLGUARDAPP,,EACH,,,35,,,https://cdn.shopify.com/s/files/1/0823/0961/1864/files/all-guard-bolus-gun.jpg?v=1751461359,,
ALLSURE20,All Sure Cattle Boluses - 20 Pack,ALLSURE20,,EACH,,,165,,,https://cdn.shopify.com/s/files/1/0823/0961/1864/files/allsure00001.jpg?v=1751461512,ACRAVETLTD,
ALLSURE50,All Sure Sheep & Lamb Boluses - 50's,ALLSURE50,,EACH,,,116.85,,,https://cdn.shopify.com/s/files/1/0823/0961/1864/files/Allsure-Sheep-Lamb-100_hi-res-e1536653920448.jpg?v=1712576135,ACRAVETLTD,
ALLSURESHEEP,All Sure Sheep & Lamb Boluses - 100's,ALLSURESHEEP,,EACH,,,185,,,https://cdn.shopify.com/s/files/1/0823/0961/1864/files/Allsure-Sheep-Lamb-100_hi-res-e1536653920448.jpg?v=1712576135,ACRAVETLTD,
ALLSURESHEEPCU,All Sure Sheep with Copper 100's,ALLSURESHEEPCU,,EACH,,,209,,,https://cdn.shopify.com/s/files/1/0823/0961/1864/files/Allsure-Sheep-with-Copper-100_hi-res-e1536654591836.jpg?v=1712576126,ACRAVETLTD,
ALLSURESHEEPLAMBBOLUS200,All Sure Sheep & Lamb Boluses - 200's,ALLSURESHEEPLAMBBOLUS200,,EACH,,,310,,,https://cdn.shopify.com/s/files/1/0823/0961/1864/files/Allsure-Sheep-Lamb-100_hi-res-e1536653920448.jpg?v=1712576135,ACRAVETLTD,
ALLSURESHEP,Allsure Sheep Bolus Applicator,ALLSURESHEP,,EACH,,10,69,,,https://cdn.shopify.com/s/files/1/0823/0961/1864/files/Sheep-Lamb-Applicator_out-of-bag-e1536654488313.jpg?v=1751461358,ACRAVETLTD,
ALPACADRENCH,Alpaca Drench 500ml,,,EACH,,,25,,,https://cdn.shopify.com/s/files/1/0823/0961/1864/files/drench_500ml_1_1.png?v=1769419490,OSMONDS,
ALUMINIUMSPRAY,Aluminium Spray (Animedica) 200ml,ALUMINIUMSPRAY,,EACH,,8.13,12.5,,,https://cdn.shopify.com/s/files/1/0823/0961/1864/files/11050400.jpg?v=1751461242,ACRAVETLTD,
AMBICCOIL,Ambic Coil,AMBICCOIL,,EACH,,,49,,,https://cdn.shopify.com/s/files/1/0823/0961/1864/files/ambic-coil.jpg?v=1712576895,PDS,
AMBICSAMPLER,Ambic Milk Sampler,AMBICSAMPLER,,EACH,,,63,,,https://cdn.shopify.com/s/files/1/0823/0961/1864/files/ambic-milk-sampler.jpg?v=1712576903,PDS,
AMERICANWASH,Cattle Halter - American Wash Halters - Black & White,5061031803089,,EACH,,,16,,,https://cdn.shopify.com/s/files/1/0823/0961/1864/files/1140.jpg?v=1751461466,SHOWTIME,
AMERICANWASHg,Cattle Halter - American Wash Halters - Green & White,AMERICANWASH,,EACH,,,16,,,https://cdn.shopify.com/s/files/1/0823/0961/1864/files/1140.jpg?v=1751461466,SULLIVANS,
ANDISAGC,Cattle Clipper Andis AGC Super 2 Speed Clipper,ANDISAGC,,EACH,,,230,,,https://cdn.shopify.com/s/files/1/0823/0961/1864/files/0500.png?v=1712575459,,
ANDISCERAMIC40,Clipper Blades Andis Ceramic Edge No. 40,ANDISCERAMIC40,,EACH,,,55,,,https://cdn.shopify.com/s/files/1/0823/0961/1864/files/Andis-Ceramic-Edge-No.-40.jpg?v=1751461387,CHRISTIES,
ANDISCERAMIC50,Clipper Blades Andis Ceramic Edge No. 50,ANDISCERAMIC50,,EACH,,,50,,,https://cdn.shopify.com/s/files/1/0823/0961/1864/files/Andis-Ceramic-Edge-No.-50.jpg?v=1712575992,CHRISTIES,
ANDISCORD,Andis Cordless Trimmer,ANDISCORD,,EACH,,,125,,,https://cdn.shopify.com/s/files/1/0823/0961/1864/files/andis_cordless_trimmer.jpg?v=1712575440,CHRISTIES,
ANDISCORDLESSCLIPPER,Andis Pulse ZR II Cordless Clipper,,,EACH,0.42,,405,,,https://cdn.shopify.com/s/files/1/0823/0961/1864/files/Screenshot2025-06-09at7.58.50PM.png?v=1751461831,CHRISTIES,
ANDISPULSEZRII,Andis Pulse ZR II Cordless Clipper,,,EACH,0.42,,405,,,https://cdn.shopify.com/s/files/1/0823/0961/1864/files/Screenshot2025-06-09at7.58.50PM.png?v=1751461831,CHRISTIES,
ANDISSHOWEDGE,Andis ShowEdge Surgical,,,EACH,,,56.5,,,https://cdn.shopify.com/s/files/1/0823/0961/1864/files/20170810112256_andis-showedge-surgical.jpg?v=1753699179,CHRISTIES,
AQU,Aquasel,AQU,,EACH,,,79.95,,,https://cdn.shopify.com/s/files/1/0823/0961/1864/files/AQUASEL.jpg?v=1712575920,,
AQUACOPP,Aquacopp,AQUACOPP,,EACH,,,73.8,,,https://cdn.shopify.com/s/files/1/0823/0961/1864/files/AQUACOPP.jpg?v=1751461399,,
AVIANCALCIBLUE,Avian Calci-Blue Plus 500ml,,,EACH,,,8,,,https://cdn.shopify.com/s/files/1/0823/0961/1864/files/calci-blue_plus_500ml.png?v=1769418334,OSMONDS,
AVIBOOST-TONIC,Aviboost Pigeon Tonic 500ml,,,EACH,,,16,,,https://cdn.shopify.com/s/files/1/0823/0961/1864/files/aviboost_500ml.png?v=1769417699,OSMONDS,
Ba,Bactakil Purple Spray,5033568150646,,EACH,,,27.06,,,https://cdn.shopify.com/s/files/1/0823/0961/1864/files/Bactakill-Purple-Spray.jpg?v=1751461517,OSMONDS,
BACTAKILLPURPLE,Osmonds Bactakil Purple Spray,BACTAKILLPURPLE,,EACH,,,35.01,,,,,
BACTONATURESPRAY,Osmonds Bac to Nature Spray 500ml,,,EACH,,,9,,,https://cdn.shopify.com/s/files/1/0823/0961/1864/files/bitch_spray.png?v=1768569668,OSMONDS,
BEEFCOPPERPLUS20KG,Beef Digest Copper Plus Block 20kg,,,EACH,,,27,,,https://cdn.shopify.com/s/files/1/0904/2372/2370/files/Beef_Digest_7679b301-9423-4f46-b313-321afff6a19b.png?v=1763552049,ROYALILAC,
BEEFCOPPERPLUS20KG-1,Beef Digest Copper Plus Block 20kg - 1 Pack,,,EACH,,,33,,,https://cdn.shopify.com/s/files/1/0823/0961/1864/files/Untitled_design_40.png?v=1764390520,,
BEEFCOPPERPLUS20KG-2,Beef Digest Copper Plus Block 20kg - 15 Packs + Metal Holder,,,EACH,,,480,,,https://cdn.shopify.com/s/files/1/0823/0961/1864/files/Untitled_design_40.png?v=1764390520,,
BEEFCOPPERPLUS20KG-3,Beef Digest Copper Plus Block 20kg - 20 Packs + Metal Holder,,,EACH,,,640,,,https://cdn.shopify.com/s/files/1/0823/0961/1864/files/Untitled_design_40.png?v=1764390520,,
BEEFCOPPERPLUS20KG-4,"Beef Digest Copper Plus Block 20kg - 30 Packs, 2 x Metal Holders, Jacket",,,EACH,,,960,,,https://cdn.shopify.com/s/files/1/0823/0961/1864/files/Untitled_design_40.png?v=1764390520,,
BEEFGROOMINGKITBLUEHALTER,Beef Grooming Kit - Blue,BEEFGROOMINGKITBLUEHALTER,,EACH,,89.95,115,,,https://cdn.shopify.com/s/files/1/0823/0961/1864/files/Beefgroomingkitnew-scaled.jpg?v=1751461319,SHOWTIME,KIT010
BEEFGROOMINGKITWHITEHALTERNEW,Beef Grooming Kit - White,,,EACH,,89.95,115,,,https://cdn.shopify.com/s/files/1/0823/0961/1864/files/Beefgroomingkitnew-scaled.jpg?v=1751461319,SHOWTIME,
BEKINAFULLSAFET10,Bekina Steplite X Full Safety Wellingtons - UK 10,BEKINAFULLSAFET10,,EACH,,,65,,,https://cdn.shopify.com/s/files/1/0823/0961/1864/files/steplite-101-e1541005402141.jpg?v=1712576149,,
BEKINAFULLSAFETY11,Bekina Steplite X Full Safety Wellingtons - UK 11,BEKINAFULLSAFETY11,,EACH,,,69.99,,,https://cdn.shopify.com/s/files/1/0823/0961/1864/files/steplite-101-e1541005402141.jpg?v=1712576149,,
BEKINAFULLSAFETY12,Bekina Steplite X Full Safety Wellingtons - UK12,BEKINAFULLSAFETY12,,EACH,,,65,,,https://cdn.shopify.com/s/files/1/0823/0961/1864/files/steplite-101-e1541005402141.jpg?v=1712576149,,
BEKINAFULLSAFETY7,Bekina Steplite X Full Safety Wellingtons - UK 7,BEKINAFULLSAFETY7,,EACH,,,65,,,https://cdn.shopify.com/s/files/1/0823/0961/1864/files/steplite-101-e1541005402141.jpg?v=1712576149,,
BEKINAFULLSAFETY8,Bekina Steplite X Full Safety Wellingtons - UK 8,BEKINAFULLSAFETY8,,EACH,,,69.99,,,https://cdn.shopify.com/s/files/1/0823/0961/1864/files/steplite-101-e1541005402141.jpg?v=1712576149,,
BEKINAFULLSAFETY9,Bekina Steplite X Full Safety Wellingtons - UK 9,BEKINAFULLSAFETY9,,EACH,,,69.99,,,https://cdn.shopify.com/s/files/1/0823/0961/1864/files/steplite-101-e1541005402141.jpg?v=1712576149,,
BEKINASTEPLITEWELLINGTONS10,Bekina Wellingtons - Steplite X Wellingtons - UK10,BEKINASTEPLITEWELLINGTONS10,,EACH,,,59.99,,,https://cdn.shopify.com/s/files/1/0823/0961/1864/files/Bekina_C2_AEBoots_StepliteXgreen-e1541077632206.jpg?v=1712576148,,
BEKINASTEPLITEWELLINGTONS11,Bekina Wellingtons - Steplite X Wellingtons - UK11,BEKINASTEPLITEWELLINGTONS11,,EACH,,,59.99,,,https://cdn.shopify.com/s/files/1/0823/0961/1864/files/Bekina_C2_AEBoots_StepliteXgreen-e1541077632206.jpg?v=1712576148,,
BEKINASTEPLITEWELLINGTONS12,Bekina Wellingtons - Steplite X Wellingtons - UK12,BEKINASTEPLITEWELLINGTONS12,,EACH,,,55,,,https://cdn.shopify.com/s/files/1/0823/0961/1864/files/Bekina_C2_AEBoots_StepliteXgreen-e1541077632206.jpg?v=1712576148,,
BEKINASTEPLITEWELLINGTONS7,Bekina Wellingtons - Steplite X Wellingtons - UK 7,BEKINASTEPLITEWELLINGTONS7,,EACH,,,55,,,https://cdn.shopify.com/s/files/1/0823/0961/1864/files/Bekina_C2_AEBoots_StepliteXgreen-e1541077632206.jpg?v=1712576148,,
BEKINASTEPLITEWELLINGTONS8,Bekina Wellingtons - Steplite X Wellingtons - UK8,BEKINASTEPLITEWELLINGTONS8,,EACH,,,59.99,,,https://cdn.shopify.com/s/files/1/0823/0961/1864/files/Bekina_C2_AEBoots_StepliteXgreen-e1541077632206.jpg?v=1712576148,,
BEKINASTEPLITEWELLINGTONS9,Bekina Wellingtons - Steplite X Wellingtons - UK9,BEKINASTEPLITEWELLINGTONS9,,EACH,,,59.99,,,https://cdn.shopify.com/s/files/1/0823/0961/1864/files/Bekina_C2_AEBoots_StepliteXgreen-e1541077632206.jpg?v=1712576148,,
BESTINCLASSKIDSHOODIE11-12Y,Best In Class' Kids Hoodie - Age 11-12,BESTINCLASSKIDSHOODIE11-12Y,,EACH,,,35,,,https://cdn.shopify.com/s/files/1/0823/0961/1864/files/C90AA6C0-DEAA-4209-BEE1-F28FD95E0A60.jpg?v=1751461191,CIGDEM,
BESTINCLASSKIDSHOODIE13-14y,Best In Class' Kids Hoodie - Age 13-14,BESTINCLASSKIDSHOODIE13-14y,,EACH,,,35,,,https://cdn.shopify.com/s/files/1/0823/0961/1864/files/C90AA6C0-DEAA-4209-BEE1-F28FD95E0A60.jpg?v=1751461191,CIGDEM,
BESTINCLASSKIDSHOODIE3-4Y,Best In Class' Kids Hoodie - Age 3-4y,BESTINCLASSKIDSHOODIE3-4Y,,EACH,,,35,,,https://cdn.shopify.com/s/files/1/0823/0961/1864/files/C90AA6C0-DEAA-4209-BEE1-F28FD95E0A60.jpg?v=1751461191,CIGDEM,
BESTINCLASSKIDSHOODIE5-6Y,Best In Class' Kids Hoodie - Age 5-6y,BESTINCLASSKIDSHOODIE5-6Y,,EACH,,,35,,,https://cdn.shopify.com/s/files/1/0823/0961/1864/files/C90AA6C0-DEAA-4209-BEE1-F28FD95E0A60.jpg?v=1751461191,CIGDEM,
BESTINCLASSKIDSHOODIE7-8Y,Best In Class' Kids Hoodie - Age 7-8y,BESTINCLASSKIDSHOODIE7-8Y,,EACH,,,35,,,https://cdn.shopify.com/s/files/1/0823/0961/1864/files/C90AA6C0-DEAA-4209-BEE1-F28FD95E0A60.jpg?v=1751461191,CIGDEM,
BESTINCLASSKIDSHOODIE9-10Y,Best In Class' Kids Hoodie - Age 9-10,BESTINCLASSKIDSHOODIE9-10Y,,EACH,,,35,,,https://cdn.shopify.com/s/files/1/0823/0961/1864/files/C90AA6C0-DEAA-4209-BEE1-F28FD95E0A60.jpg?v=1751461191,CIGDEM,
BETAOVERTROUSERL,ISO940 MENS OVERTROUSER BETACRAFT - Large,,,EACH,,,190,,,https://cdn.shopify.com/s/files/1/0823/0961/1864/files/9016_R.webp?v=1751461247,DAIRYSPARES,
BETAOVERTROUSERM,ISO940 MENS OVERTROUSER BETACRAFT - Medium,,,EACH,,,190,,,https://cdn.shopify.com/s/files/1/0823/0961/1864/files/9016_R.webp?v=1751461247,DAIRYSPARES,
BETAOVERTROUSERSM,ISO940 MENS OVERTROUSER BETACRAFT - Small,,,EACH,,,190,,,https://cdn.shopify.com/s/files/1/0823/0961/1864/files/9016_R.webp?v=1751461247,DAIRYSPARES,
BETAOVERTROUSERXL,ISO940 MENS OVERTROUSER BETACRAFT - X Large,,,EACH,,,190,,,https://cdn.shopify.com/s/files/1/0823/0961/1864/files/9016_R.webp?v=1751461247,DAIRYSPARES,
BETAOVERTROUSERXXL,ISO940 MENS OVERTROUSER BETACRAFT - XXLarge,,,EACH,,,190,,,https://cdn.shopify.com/s/files/1/0823/0961/1864/files/9016_R.webp?v=1751461247,DAIRYSPARES,
BETAOVERTROUSERXXXL,ISO940 MENS OVERTROUSER BETACRAFT - XXXLarge,,,EACH,,,190,,,https://cdn.shopify.com/s/files/1/0823/0961/1864/files/9016_R.webp?v=1751461247,DAIRYSPARES,
BetaVestLARGE,ISO940 Vest Betacraft - Large,,,EACH,,,126,,,https://cdn.shopify.com/s/files/1/0823/0961/1864/files/8337_7721.jpg?v=1751461234,DAIRYSPARES,
BetaVestMEDIUM,ISO940 Vest Betacraft - Medium,,,EACH,,,126,,,https://cdn.shopify.com/s/files/1/0823/0961/1864/files/8337_7721.jpg?v=1751461234,DAIRYSPARES,
BetaVestSMALL,ISO940 Vest Betacraft - Small,,,EACH,,,126,,,https://cdn.shopify.com/s/files/1/0823/0961/1864/files/8337_7721.jpg?v=1751461234,DAIRYSPARES,
BetaVestXLARGE,ISO940 Vest Betacraft - X Large,,,EACH,,,126,,,https://cdn.shopify.com/s/files/1/0823/0961/1864/files/8337_7721.jpg?v=1751461234,DAIRYSPARES,
BetaVestXXLARGE,ISO940 Vest Betacraft - XX Large,,,EACH,,,126,,,https://cdn.shopify.com/s/files/1/0823/0961/1864/files/8337_7721.jpg?v=1751461234,DAIRYSPARES,
BIMINJ,Bimectin Plus Injection - 500ml,BIMINJ,,EACH,,,89,,,https://cdn.shopify.com/s/files/1/0823/0961/1864/files/BIMECTIN-PLUS-600x600.jpg?v=1712575162,,
Bl124,Andis Blades,Bl124,,EACH,,,36,,,https://cdn.shopify.com/s/files/1/0823/0961/1864/files/andis_no.jpg?v=1712575444,CHRISTIES,
BLACKANDTEALTRAININGHALTER,Sullivan's Training Halter - Black and Teal,,,EACH,,,19,,,https://cdn.shopify.com/s/files/1/0823/0961/1864/files/Screenshot-2023-09-25-103235.png?v=1751461311,SULLIVANS,
BLACKCOTTON12,Cotton Show Halters - 12mm / Black,5061031802648,,EACH,,,17,,,https://cdn.shopify.com/s/files/1/0823/0961/1864/files/cotton-halters-range.png?v=1751461468,SHOWTIME,
BLACKCOTTONLEAD,Deluxe Cotton Lead Ropes 14mm - Black / 1,BLACKCOTTONLEAD,,EACH,,,10,,,https://cdn.shopify.com/s/files/1/0823/0961/1864/files/black-cotton-l.r-cut-out_d3d95ab1-6895-4c55-b11b-ac1627668e03.jpg?v=1712576112,,
BLACKCOTTONLEAD10,Deluxe Cotton Lead Ropes 14mm - Black / 10,BLACKCOTTONLEAD10,,EACH,,,80,,,https://cdn.shopify.com/s/files/1/0823/0961/1864/files/black-cotton-l.r-cut-out_d3d95ab1-6895-4c55-b11b-ac1627668e03.jpg?v=1712576112,,
BLACKFINISHER,Sullivans Black Finisher,BLACKFINISHER,,EACH,,,19,,,https://cdn.shopify.com/s/files/1/0823/0961/1864/files/black_finisher.jpg?v=1712575726,SHOWTIME,
BLACKFLATLEATHERHALTERLGE,Sullivan's Flat Strap Leather Show Halter - Black / Bull/Cow,813170020576,,EACH,,,125,,,https://cdn.shopify.com/s/files/1/0823/0961/1864/files/20110817163509_sullivans_flatstrap_brown.jpg?v=1751461469,SHOWTIME,
BLACKFLATLEATHERHALTERMED,Sullivan's Flat Strap Leather Show Halter - Black / Young Bull/Heifer,BLACKFLATLEATHERHALTERMED,,EACH,,,125,,,https://cdn.shopify.com/s/files/1/0823/0961/1864/files/20110817163509_sullivans_flatstrap_brown.jpg?v=1751461469,SHOWTIME,
BLACKFLATLEATHERHALTERSML,Sullivan's Flat Strap Leather Show Halter - Black / Calf,813170020552,,EACH,,,125,,,https://cdn.shopify.com/s/files/1/0823/0961/1864/files/20110817163509_sullivans_flatstrap_brown.jpg?v=1751461469,SHOWTIME,
BLACKGLOVESL,Black Nitrile Milking Gloves (100 Pack) - Large,BLACKGLOVESL,,EACH,,,12.5,,,https://cdn.shopify.com/s/files/1/0823/0961/1864/files/5e845f35338_SP2018-11-361_1_normalx2.jpg?v=1712576813,,
BLACKGLOVESXL,Black Nitrile Milking Gloves (100 Pack) - X Large,BLACKGLOVESXL,,EACH,,,12.5,,,https://cdn.shopify.com/s/files/1/0823/0961/1864/files/5e845f35338_SP2018-11-361_1_normalx2.jpg?v=1712576813,,
BLACKLEATHERROPE,Black Leather Lead Ropes,BLACKLEATHERROPE,,EACH,,,25,,,https://cdn.shopify.com/s/files/1/0823/0961/1864/files/440SBK_1-B.jpg?v=1712576454,SHOWTIME,
BLACKROLLEDLEATHERGUNMETALLGE,Black Leather Gun Metal Halter - Cow/Bull,BLACKROLLEDLEATHERGUNMETALLGE,,EACH,,47.96,84.99,,,https://cdn.shopify.com/s/files/1/0823/0961/1864/files/gunmetal_halter.jpg?v=1712575552,SHOWTIME,6062
BLACKROLLEDLEATHERGUNMETALMED,Black Leather Gun Metal Halter - Young Bull/Heifer,BLACKROLLEDLEATHERGUNMETALMED,,EACH,,47.96,84.99,,,https://cdn.shopify.com/s/files/1/0823/0961/1864/files/gunmetal_halter.jpg?v=1712575552,SHOWTIME,6061
BLACKROLLEDLEATHERGUNMETALSML,Black Leather Gun Metal Halter - Calf,BLACKROLLEDLEATHERGUNMETALSML,,EACH,,47.96,84.99,,,https://cdn.shopify.com/s/files/1/0823/0961/1864/files/gunmetal_halter.jpg?v=1712575552,SHOWTIME,6060
BLACKROLLEDLEATHERHALTERLGE,Sullivan's Classic Rolled Leather Halters - Black / Cow,813170020293,,EACH,,,125,,,https://cdn.shopify.com/s/files/1/0823/0961/1864/files/20110817163230_sullivans_classic_halter_brown.jpg?v=1751461471,SHOWTIME,
BLACKROLLEDLEATHERHALTERMED,Sullivan's Classic Rolled Leather Halters - Black / Heifer,813170020286,,EACH,,,125,,,https://cdn.shopify.com/s/files/1/0823/0961/1864/files/20110817163230_sullivans_classic_halter_brown.jpg?v=1751461471,SHOWTIME,
BLACKROLLEDLEATHERHALTERSML,Sullivan's Classic Rolled Leather Halters - Black / Calf,BLACKROLLEDLEATHERHALTERSML,,EACH,,,94.5,,,https://cdn.shopify.com/s/files/1/0823/0961/1864/files/20110817163230_sullivans_classic_halter_brown.jpg?v=1751461471,SHOWTIME,
BLACKSUPERSTICK54IN,"Sullivan's ""Superstick"" ShowStick - Black / 54in",BLACKSUPERSTICK54IN,,EACH,,,61,,,https://cdn.shopify.com/s/files/1/0823/0961/1864/files/60R_5858cff9-b0d3-4204-8d21-d9ea31781f62.jpg?v=1751461229,SHOWTIME,
BLACKTEAT,Milk Bar Black Teat,,,EACH,,2.75,4.1,,,https://cdn.shopify.com/s/files/1/0823/0961/1864/files/9002509-frontface-1200Wx1200H.png?v=1751461307,GALLAGHER,
BLACKTRAININGHALTER,Sullivan's Training Halter - Black,,,EACH,,,19,,,https://cdn.shopify.com/s/files/1/0823/0961/1864/files/Screenshot-2023-09-25-103235.png?v=1751461311,SULLIVANS,
BLACKWHITETRAININGHALTER,Sullivan's Training Halter - Black & White,,,EACH,,,19,,,https://cdn.shopify.com/s/files/1/0823/0961/1864/files/Screenshot-2023-09-25-103235.png?v=1751461311,SULLIVANS,
blksalt,Black Himalayan Salt - 100kg,blksalt,,EACH,,,350,,,,,
blksalt-1,Black Himalayan Salt - 500kg,,,EACH,,,260,,,,,
blksalt-2,Black Himalayan Salt - 1000kg,,,EACH,,,350,,,,,
blksalt-3,Black Himalayan Salt - 1200kg,,,EACH,,,460,,,,,
BLOHOSE,Blo i400 / i200 Hose,,,EACH,,37.99,60,,,https://cdn.shopify.com/s/files/1/0823/0961/1864/files/Untitled_design_30.png?v=1773155905,,
BLUEANDWHITETRAININGHALTER,Sullivan's Training Halter - Blue & White,,,EACH,,,19,,,https://cdn.shopify.com/s/files/1/0823/0961/1864/files/Screenshot-2023-09-25-103235.png?v=1751461311,,
BLUEPOLY,Poly Halters - 12mm Blue,BLUEPOLY,,EACH,,,7,,,https://cdn.shopify.com/s/files/1/0823/0961/1864/files/poly-halters-range.png?v=1751461470,SHOWTIME,
BLUETEALGRAYTRAININGHALTER,Sullivan's Training Halter - Blue-Teal-Gray,,,EACH,,,19,,,https://cdn.shopify.com/s/files/1/0823/0961/1864/files/Screenshot-2023-09-25-103235.png?v=1751461311,SULLIVANS,
BOBTEMPLEBLACK1kg,Bob Temple Black Soap - 1kg,5061031801467,,EACH,,14.25,24.5,,,https://cdn.shopify.com/s/files/1/0823/0961/1864/files/WEBSITE_PICTURES.png?v=1765134003,SHOWTIME,844
BOBTEMPLEBLACK2.5KG,Bob Temple Black Soap - 2.5kg,5061031801450,,EACH,,26.35,48,,,https://cdn.shopify.com/s/files/1/0823/0961/1864/files/WEBSITE_PICTURES.png?v=1765134003,SHOWTIME,840
BOBTEMPLECREAM1kg,Bob Temple Charo Soap - 1kg / Cream,5061031801344,,EACH,,12,24.5,,,https://cdn.shopify.com/s/files/1/0823/0961/1864/files/20240801-175939_0000.png?v=1751461439,SHOWTIME,813
BOBTEMPLECREAM2.5KG,Bob Temple Charo Soap - 2.5kg / Cream,5061031801320,,EACH,,21.75,45,,,https://cdn.shopify.com/s/files/1/0823/0961/1864/files/20240801-175939_0000.png?v=1751461439,SHOWTIME,810
BobTEMPLELIM?HERE!KG,Bob Temple Limousin & Hereford Dark Soap - 1kg,5061031801474,,EACH,,14.25,21,,,https://cdn.shopify.com/s/files/1/0823/0961/1864/files/WEBSITE_PICTURES_2.png?v=1765134297,SHOWTIME,852
BOBTEMPLELIM/HERE2.5KG,Bob Temple Limousin & Hereford Dark Soap - 2.5kg,5061031801481,,EACH,,26.35,48,,,https://cdn.shopify.com/s/files/1/0823/0961/1864/files/WEBSITE_PICTURES_2.png?v=1765134297,SHOWTIME,855
BOBTEMPLELIMOSOAP1KG,Bob Temple Limousin Soap - 1kg,BOBTEMPLELIMOSOAP1KG,,EACH,,14.25,24.5,,,https://cdn.shopify.com/s/files/1/0823/0961/1864/files/WEBSITE_PICTURES_1.png?v=1765134427,SHOWTIME,824
BOBTEMPLELIMOSOAP2.5KG,Bob Temple Limosoap - 2.5kg,BOBTEMPLELIMOSOAP2.5KG,,EACH,,26.35,38,,,https://cdn.shopify.com/s/files/1/0823/0961/1864/files/bob_temple_limoshine250g-e1510077627428.jpg?v=1712575699,SHOWTIME,820
BOBTEMPLESALER1KG,Bob Temple Saler Soap - 1kg,,,EACH,,,24,,,https://cdn.shopify.com/s/files/1/0823/0961/1864/files/Untitleddesign_61.png?v=1779366972,,
BOBTEMPLESALER2.5KG,Bob Temple Saler Soap - 2.5kg,,,EACH,,,48,,,https://cdn.shopify.com/s/files/1/0823/0961/1864/files/Untitleddesign_61.png?v=1779366972,,
BOBTEMPLESIMENTAL1KGDARK,Bob Temple Simmental Soap - 1kg / Dark,5061031801405,,EACH,,14.25,24.5,,,https://cdn.shopify.com/s/files/1/0823/0961/1864/files/WEBSITE_PICTURES_3.png?v=1765134461,SHOWTIME,828
BOBTEMPLESIMENTAL1KGLIGHT,Bob Temple Simmental Soap - 1kg / Light,BOBTEMPLESIMENTAL1KGLIGHT,,EACH,,14.25,24.5,,,https://cdn.shopify.com/s/files/1/0823/0961/1864/files/WEBSITE_PICTURES_3.png?v=1765134461,SHOWTIME,838
BOBTEMPLESIMENTAL1KGMED,Bob Temple Simmental Soap - 1kg / Medium,5061031801429,,EACH,,14.25,24.5,,,https://cdn.shopify.com/s/files/1/0823/0961/1864/files/WEBSITE_PICTURES_3.png?v=1765134461,SHOWTIME,833
BOBTEMPLESIMENTAL2.5KGDARK,Bob Temple Simmental Soap - 2.5kg / Dark,5061031801399,,EACH,,26.35,48,,,https://cdn.shopify.com/s/files/1/0823/0961/1864/files/WEBSITE_PICTURES_3.png?v=1765134461,SHOWTIME,825
BOBTEMPLESIMENTAL2.5KGLIGHT,Bob Temple Simmental Soap - 2.5kg / Light,5061031801436,,EACH,,26.35,45,,,https://cdn.shopify.com/s/files/1/0823/0961/1864/files/WEBSITE_PICTURES_3.png?v=1765134461,SHOWTIME,835
BOBTEMPLESIMENTAL2.5KGMED,Bob Temple Simmental Soap - 2.5kg / Medium,5061031801412,,EACH,,26.35,45,,,https://cdn.shopify.com/s/files/1/0823/0961/1864/files/WEBSITE_PICTURES_3.png?v=1765134461,SHOWTIME,830
BOBTEMPLEYELLOW2.5KG,Bob Temple Charo Soap - 2.5kg / Yellow,5061031801306,,EACH,,21.75,45,,,https://cdn.shopify.com/s/files/1/0823/0961/1864/files/20240801-175939_0000.png?v=1751461439,SHOWTIME,805
BODYFLUFFERW/H,Body Fluffer Comb,BODYFLUFFERW/H,,EACH,,22,33,,,https://cdn.shopify.com/s/files/1/0823/0961/1864/files/fluffer_wooden.jpg?v=1712575374,SHOWTIME,49
BOTANICALHERBALCREAM,Botanical Herbal Cream,BOTANICALHERBALCREAM,,EACH,,,38,,,https://cdn.shopify.com/s/files/1/0823/0961/1864/files/Botanica.jpg?v=1712575841,ACRAVETLTD,
BOTANICALWASH5L,Botanical Cleansing Wash 5L,BOTANICALWASH5L,,EACH,,,65,,,https://cdn.shopify.com/s/files/1/0823/0961/1864/files/Botanica-cleansing-wash.jpg?v=1712575834,ACRAVETLTD,
BoviBoost Bolus Gun,BoviBoost Bolus Gun,BoviBoost Bolus Gun,,EACH,,,14.5,,,https://cdn.shopify.com/s/files/1/0823/0961/1864/files/BoviBoostBolusGun.png?v=1751461167,VETYCITY,
BOVIBOOSTBX,BoviBoost Bolus + Applicator – 20 Adult Applications per Box,,,EACH,,,180,,,https://cdn.shopify.com/s/files/1/0823/0961/1864/files/1_3.png?v=1760121579,PHARVET,
BOVIBOOSTIND,Boviboost,,,EACH,,5.35,9,,,https://cdn.shopify.com/s/files/1/0823/0961/1864/files/1_2_cd9c0412-7b98-4bfc-a344-c8474e592bc0.png?v=1761749614,PHARVET,
BRASSBULLRINGSBOX2.5,Brass Bull Rings Box of 10 - 2.5 Inch / 1 box,,,EACH,,,45,,,https://cdn.shopify.com/s/files/1/0823/0961/1864/files/IMG_8861.jpg?v=1769725140,VETYCITY,
BRASSBULLRINGSBOX2.55bx,Brass Bull Rings Box of 10 - 2.5 Inch / 5 boxes,,,EACH,,,225,,,https://cdn.shopify.com/s/files/1/0823/0961/1864/files/IMG_8861.jpg?v=1769725140,VETYCITY,
BRASSBULLRINGSBOX2.75,Brass Bull Rings Box of 10 - 2.75 Inch / 1 box,,,EACH,,,57.5,,,https://cdn.shopify.com/s/files/1/0823/0961/1864/files/IMG_8861.jpg?v=1769725140,VETYCITY,
BRASSBULLRINGSBOX2.7510bx,Brass Bull Rings Box of 10 - 2.75 Inch / 10 boxes,,,EACH,,,500,,,https://cdn.shopify.com/s/files/1/0823/0961/1864/files/IMG_8861.jpg?v=1769725140,VETYCITY,
BRASSBULLRINGSBOX2.755bx,Brass Bull Rings Box of 10 - 2.75 Inch / 5 boxes,,,EACH,,,262.5,,,https://cdn.shopify.com/s/files/1/0823/0961/1864/files/IMG_8861.jpg?v=1769725140,VETYCITY,
BRASSBULLRINGSBOX3,Brass Bull Rings Box of 10 - 3 Inch / 1 box,,,EACH,,,55,,,https://cdn.shopify.com/s/files/1/0823/0961/1864/files/IMG_8861.jpg?v=1769725140,VETYCITY,
BRASSBULLRINGSBOX310bx,Brass Bull Rings Box of 10 - 3 Inch / 10 boxes,,,EACH,,,500,,,https://cdn.shopify.com/s/files/1/0823/0961/1864/files/IMG_8861.jpg?v=1769725140,VETYCITY,
BRASSBULLRINGSBOX35bx,Brass Bull Rings Box of 10 - 3 Inch / 5 boxes,,,EACH,,,262.5,,,https://cdn.shopify.com/s/files/1/0823/0961/1864/files/IMG_8861.jpg?v=1769725140,VETYCITY,
BRIGHTWHITE,Bright White Shampoo 4l,50610318000064,,EACH,,9.9,26,,,https://cdn.shopify.com/s/files/1/0823/0961/1864/files/6259588d9f8_3520053_1_large_d8dc423a-6292-4d83-b66c-34e912e00e22.jpg?v=1751461451,SHOWTIME,8
BROADPINCOMB,Broad Pin Comb,BROADPINCOMB,,EACH,,,26.99,,,https://cdn.shopify.com/s/files/1/0823/0961/1864/files/0606.jpg?v=1751461490,SHOWTIME,
BROWNFLATLEATHERHALTERLGE,Sullivan's Flat Strap Leather Show Halter - Brown / Bull/Cow,813170020606,,EACH,,,125,,,https://cdn.shopify.com/s/files/1/0823/0961/1864/files/20110817163509_sullivans_flatstrap_brown.jpg?v=1751461469,SHOWTIME,
BROWNFLATLEATHERHALTERMED,Sullivan's Flat Strap Leather Show Halter - Brown / Young Bull/Heifer,BROWNFLATLEATHERHALTERMED,,EACH,,,125,,,https://cdn.shopify.com/s/files/1/0823/0961/1864/files/20110817163509_sullivans_flatstrap_brown.jpg?v=1751461469,SHOWTIME,
BROWNFLATLEATHERHALTERSML,Sullivan's Flat Strap Leather Show Halter - Brown / Calf,813170020583,,EACH,,,125,,,https://cdn.shopify.com/s/files/1/0823/0961/1864/files/20110817163509_sullivans_flatstrap_brown.jpg?v=1751461469,SHOWTIME,
BROWNROLLEDLEATHERHALTERLGE,Sullivan's Classic Rolled Leather Halters - Brown / Cow,813170020354,,EACH,,,84.99,,,https://cdn.shopify.com/s/files/1/0823/0961/1864/files/20110817163230_sullivans_classic_halter_brown.jpg?v=1751461471,SHOWTIME,
BROWNROLLEDLEATHERHALTERMED,Sullivan's Classic Rolled Leather Halters - Brown / Heifer,813170020347,,EACH,,,94.5,,,https://cdn.shopify.com/s/files/1/0823/0961/1864/files/20110817163230_sullivans_classic_halter_brown.jpg?v=1751461471,SHOWTIME,
BROWNROLLEDLEATHERHALTERSML,Sullivan's Classic Rolled Leather Halters - Brown / Calf,BROWNROLLEDLEATHERHALTERSML,,EACH,,,94.5,,,https://cdn.shopify.com/s/files/1/0823/0961/1864/files/20110817163230_sullivans_classic_halter_brown.jpg?v=1751461471,SHOWTIME,
BTGLL10BX,Blackthorn Nitrile Milking Gloves - Large x10 boxes,,,EACH,,,120,,,https://cdn.shopify.com/s/files/1/0823/0961/1864/files/blackthorn-gloves-Instagram-Post-Square.png?v=1751461230,,
BTGLL1BX,Blackthorn Nitrile Milking Gloves - Large 1 box,,,EACH,,,12.5,,,https://cdn.shopify.com/s/files/1/0823/0961/1864/files/blackthorn-gloves-Instagram-Post-Square.png?v=1751461230,,
BTGLM10BX,Blackthorn Nitrile Milking Gloves - Medium x10 boxes,,,EACH,,,120,,,https://cdn.shopify.com/s/files/1/0823/0961/1864/files/blackthorn-gloves-Instagram-Post-Square.png?v=1751461230,,
BTGLM1BX,Blackthorn Nitrile Milking Gloves - Medium 1 box,,,EACH,,,12.5,,,https://cdn.shopify.com/s/files/1/0823/0961/1864/files/blackthorn-gloves-Instagram-Post-Square.png?v=1751461230,,
BTGLS10BX,Blackthorn Nitrile Milking Gloves - Small x10boxes,,,EACH,,,120,,,https://cdn.shopify.com/s/files/1/0823/0961/1864/files/blackthorn-gloves-Instagram-Post-Square.png?v=1751461230,,
BTGLS1BX,Blackthorn Nitrile Milking Gloves - Small 1 box,,,EACH,,,12.5,,,https://cdn.shopify.com/s/files/1/0823/0961/1864/files/blackthorn-gloves-Instagram-Post-Square.png?v=1751461230,,
BTGLXL10BX,Blackthorn Nitrile Milking Gloves - X Large x10boxes,,,EACH,,,120,,,https://cdn.shopify.com/s/files/1/0823/0961/1864/files/blackthorn-gloves-Instagram-Post-Square.png?v=1751461230,,
BTGLXL1BX,Blackthorn Nitrile Milking Gloves - Xl 1 box,5390939382847,,EACH,,,12.5,,,https://cdn.shopify.com/s/files/1/0823/0961/1864/files/blackthorn-gloves-Instagram-Post-Square.png?v=1751461230,,
btl,Bob Temple Limosoap - 220ml,btl,,EACH,,,10,,,https://cdn.shopify.com/s/files/1/0823/0961/1864/files/bob_temple_limoshine250g-e1510077627428.jpg?v=1712575699,SHOWTIME,
BUDDEXDEHORNER,Buddex Gas Debudder with Dehorner Tip 15mm,BUDDEXDEHORNER,,EACH,,,175,,,https://cdn.shopify.com/s/files/1/0823/0961/1864/files/9057050-frontface-300Wx300H.jpg?v=1712576514,,
BULLHALTERREDCOTTON,Bull Halter - Red Cotton Show Halter,BULLHALTERREDCOTTON,,EACH,,,24,,,https://cdn.shopify.com/s/files/1/0823/0961/1864/files/cotton-red_0395756d-1e4e-4557-b566-078f3562e668.jpg?v=1712576210,SHOWTIME,
BULLNOSECUTTER,Premium Replacement Punch Cutters,,,EACH,0.01,,35,,,https://cdn.shopify.com/s/files/1/0823/0961/1864/files/bullnosecuttersreplacement.png?v=1751461156,SHOWTIME,
BULLNOSEPUNCH,Bull Nose Punch,1234571895019,,EACH,,,49,,,https://cdn.shopify.com/s/files/1/0823/0961/1864/files/Bull-punch-e1604657787228.jpg?v=1751461459,SHOWTIME,
BULLNOSETWEEZERS,Bull Nose Tweezers,5035300571702,,EACH,,,22,,,https://cdn.shopify.com/s/files/1/0823/0961/1864/files/bull_nose_tweezers.jpg?v=1751461461,AGRIHEALTH,
BUNGIEROPE50M,Bungie Rope 50m,BUNGIEROPE50M,,EACH,,,75,,,https://cdn.shopify.com/s/files/1/0823/0961/1864/files/electric-fence-Bungee-cord-of-braided-rope.jpg_350x350_feaa6a80-4388-4fee-9a88-01e391e45e16.jpg?v=1712575900,GALLAGHER,
CALCITRACEBOLUS,Calcitrace D3 Bolus 175g (4 x 175g),CALCITRACEBOLUS,,EACH,,,40,,,https://cdn.shopify.com/s/files/1/0823/0961/1864/files/caltraced3..webp?v=1751461242,ACRAVETLTD,
CALFAIDTUBES,Calf Aid Tubes,CALFAIDTUBES,,EACH,,,10,,,https://cdn.shopify.com/s/files/1/0823/0961/1864/files/Calf-Aid.jpg?v=1712575220,,
CALFFEEDERWITHMETAL,Calf Feeder With Metal Holder,CALFFEEDERWITHMETAL,,EACH,,,19.9,,,https://cdn.shopify.com/s/files/1/0823/0961/1864/files/stk.01428_pic1.jpg?v=1712575202,,
CALFJACKETSMALL,Cosy Calf Jacket - Small,CALFJACKETSMALL,,EACH,,,35,,,https://cdn.shopify.com/s/files/1/0823/0961/1864/files/CosyCalfJacket.png?v=1759753124,,
CALFSTOMACHTUBE,Calf Stomach Tube 3 Litre Bag,CALFSTOMACHTUBE,,EACH,,,28.5,,,https://cdn.shopify.com/s/files/1/0823/0961/1864/files/150190.jpg?v=1751461285,,
CALFTOBEEFMINERAL,Seaboost Calf to Beef Mineral Bucket,CALFTOBEEFMINERAL,,EACH,20,,28,,,https://cdn.shopify.com/s/files/1/0823/0961/1864/files/Calf_to_beef_18kg.png?v=1751461327,,
CALFTOBEEFMINERAL00,Calf Protein Mineral Bucket,,,EACH,20,,28,,,https://cdn.shopify.com/s/files/1/0823/0961/1864/files/Calf-Protein-bucket.png?v=1712576345,,
CALPLUS,Cal Plus for Sheep 500ml,CALPLUS,,EACH,,,9,,,https://cdn.shopify.com/s/files/1/0823/0961/1864/files/Cal-Phos-e1619696066863.jpg?v=1751461338,,
CALVINGJACKHK,Calving Jack HK 2020,CALVINGJACKHK,,EACH,,,235,,,https://cdn.shopify.com/s/files/1/0823/0961/1864/files/calving-aid-2020.jpg?v=1712576580,MULLINAHONE,
CANINECALCIBLUE,Osmonds Canine Calci-Blue 250ml,,,EACH,,,10,,,https://cdn.shopify.com/s/files/1/0823/0961/1864/files/calci-blue_250ml.png?v=1768568192,OSMONDS,
CANINEDIGESTOR,Canine Digestor 250gm - 500grams,,,EACH,,,40,,,https://cdn.shopify.com/s/files/1/0823/0961/1864/files/digestor_250g.png?v=1768569121,OSMONDS,
CANINEDIGESTOR250,Canine Digestor 250gm - 250grams,,,EACH,,,40,,,https://cdn.shopify.com/s/files/1/0823/0961/1864/files/digestor_250g.png?v=1768569121,,
CANINENOSTRESS,No Stress (Canine) 500 mls,,,EACH,,,0,,,https://cdn.shopify.com/s/files/1/0823/0961/1864/files/no-stress_1l_2.png?v=1768569455,OSMONDS,
CARABATTERY,Battery for ErgoPro Cara Clipper,CARABATTERY,,EACH,,,85,,,https://cdn.shopify.com/s/files/1/0823/0961/1864/files/s257871330816469214_p471_i1_w1816_640x_crop_center-1.webp?v=1751461244,CLIPPERSIE,
CARDINGWIRE,Carding Wire,CARDINGWIRE,,EACH,,,26,,,https://cdn.shopify.com/s/files/1/0823/0961/1864/files/20170106102212_wire.jpg?v=1712576582,SHOWTIME,
CATTLEBRUSH,Cattle Brush C/W dispenser,CATTLEBRUSH,,EACH,,,350,,,https://cdn.shopify.com/s/files/1/0823/0961/1864/files/Cattle-Brush-C-W-Dispenser-Vink.jpg?v=1712576635,MULLINAHONE,
CATTLEBRUSH2,Vink Cattle Brush,CATTLEBRUSH2,,EACH,,,170,,,https://cdn.shopify.com/s/files/1/0823/0961/1864/files/Untitled-design-3.png?v=1751461357,MULLINAHONE,
CATTLECLIPPERMETALCOMBGUIDES,Cattle Clipper Metal Comb Guides,CATTLECLIPPERMETALCOMBGUIDES,,EACH,,,45,,,https://cdn.shopify.com/s/files/1/0823/0961/1864/files/0519.png?v=1751461488,CHRISTIES,
CATTLEHALTERMULTIFILAMENT20MMB,Cattle Halter Multi Filament Polypropylene (MFP) Halters - 20mm BLACK,CATTLEHALTERMULTIFILAMENT20MMB,,EACH,,,20,,,https://cdn.shopify.com/s/files/1/0823/0961/1864/files/20140327080654_mfp-16mm-web_1.jpg?v=1751461464,SHOWTIME,
CATTLEHALTERMULTIFILAMENT20MMR,Cattle Halter Multi Filament Polypropylene (MFP) Halters - 20mm RED,CATTLEHALTERMULTIFILAMENT20MMR,,EACH,,,20,,,https://cdn.shopify.com/s/files/1/0823/0961/1864/files/20140327080654_mfp-16mm-web_1.jpg?v=1751461464,SHOWTIME,
CATTLEHALTERMULTIFILAMENT20MMW,Cattle Halter Multi Filament Polypropylene (MFP) Halters - 20mm WHITE,CATTLEHALTERMULTIFILAMENT20MMW,,EACH,,,20,,,https://cdn.shopify.com/s/files/1/0823/0961/1864/files/20140327080654_mfp-16mm-web_1.jpg?v=1751461464,SHOWTIME,
CATTLEHOIST,Cattle Hoist,CATTLEHOIST,,EACH,,,175,,,https://cdn.shopify.com/s/files/1/0823/0961/1864/files/hoist222.jpg?v=1712341544,,
CCCHERRYOATSHAMPOO,Certified Chris Christensen Smartwash 50 Shampoo Cherry & Oats,CCCHERRYOATSHAMPOO,,EACH,,,47.5,,,https://cdn.shopify.com/s/files/1/0823/0961/1864/files/ChrisChristensenCherry_26OatsShampoo3.8L_841410_01_630a_jpg_b9811161-bc9c-4881-818a-c6bfc73b81f5.webp?v=1751461298,CHRISTIES,
CCPAPAYASTARFRUIT,Certified Chris Christensen Smartwash 50 Shampoo Papaya Starfruit,CCPAPAYASTARFRUIT,,EACH,,31.61,47.5,,,https://cdn.shopify.com/s/files/1/0823/0961/1864/files/841402_01_80f1_jpg.webp?v=1751461298,CHRISTIES,
CHALK BLOCK,White Chalk Block,CHALK BLOCK,,EACH,,,4,,,https://cdn.shopify.com/s/files/1/0823/0961/1864/files/whitec_1.jpg?v=1712575736,,
CHAN,Chanelle Dosing Gun 20ml,CHAN,,EACH,,,35,,,https://cdn.shopify.com/s/files/1/0823/0961/1864/files/Chanelle-Dosing-Gun-20ml.jpg?v=1712575853,,
CHANATOL1L,Chanatol Oral Drench - 1L,CHANATOL1L,,EACH,,,20,,,https://cdn.shopify.com/s/files/1/0823/0961/1864/files/30chant1l_CHANATOL_01_600x600_f812d1da-4ea4-44be-b4ed-fd033c804b54.jpg?v=1721824310,,
CHANATOL2.5L,Chanatol Oral Drench - 2.5L,CHANATOL2.5L,,EACH,,,34.99,,,https://cdn.shopify.com/s/files/1/0823/0961/1864/files/30chant1l_CHANATOL_01_600x600_f812d1da-4ea4-44be-b4ed-fd033c804b54.jpg?v=1721824310,,
CHARGERCOMB,heiniger Sheep Charger Comb,CHARGERCOMB,,EACH,,,47,,,https://cdn.shopify.com/s/files/1/0823/0961/1864/files/Heiniger_Charger_Comb.png?v=1751461271,MULLINAHONE,
CHAROCREAM10KG,Bob Temple Charo Soap - 10kg / Cream,,,EACH,,75.4,135,,,https://cdn.shopify.com/s/files/1/0823/0961/1864/files/20240801-175939_0000.png?v=1751461439,SHOWTIME,811
CHEMPROTECPOLY44,Polyco Chemprotec Mediumweight 44cm Unlined Natural Rubber Glove,,,EACH,,,22,,,https://cdn.shopify.com/s/files/1/0823/0961/1864/files/SC104_pair_web_2a0d.jpg?v=1751461181,AGRIHEALTH,
CHENOUNCTION900G,Cheno Unction - 900g,CHENOUNCTION900G,,EACH,,,35,,,https://cdn.shopify.com/s/files/1/0823/0961/1864/files/cheno-unction.webp?v=1712576938,ACRAVETLTD,
CHROMEPLAEDSHOWSTICK,Chrome Plated Steel Show Stick,CHROMEPLAEDSHOWSTICK,,EACH,,,40,,,https://cdn.shopify.com/s/files/1/0823/0961/1864/files/19108.jpg?v=1712575657,SHOWTIME,
CIRCUITEER,Circuiteer II Livestock Blower / Dryer,CIRCUITEER,,EACH,,,790,,,https://cdn.shopify.com/s/files/1/0823/0961/1864/files/e2c0_0_metallicblue_vtex.webp?v=1751461478,SHOWTIME,
CIRCUITEERHOSE,Circuiteer Hose,,,EACH,,,120,,,https://cdn.shopify.com/s/files/1/0823/0961/1864/files/circuiteerhose.jpg?v=1756119798,SHOWTIME,
CIRCUITEERMAX,Circuiteer Max Blower/Dryer,CIRCUITEERMAX,,EACH,,,900,,,https://cdn.shopify.com/s/files/1/0823/0961/1864/files/circuiteer_max.jpg?v=1712575509,,
CIRCUITEERMOTOR,Circuiteer Blower/Dryer Motor,CIRCUITEERMOTOR,,EACH,,,152,,,https://cdn.shopify.com/s/files/1/0823/0961/1864/files/20150316161657_circuiteer-motor-copy_e0c9aae6-5bb7-4060-b447-151612c13053.jpg?v=1751461284,SHOWTIME,
CLEARMAGIC,Doc Brannens Clear Magic/Black Magic - Clear,727775581168,,EACH,,,22.5,,,https://cdn.shopify.com/s/files/1/0823/0961/1864/files/BM-BLACK-MAGIC-2023.jpg?v=1751461433,,
CLEARSET1,Clear Set - 1 Litre,5061031800903,,EACH,,,17.6,,,https://cdn.shopify.com/s/files/1/0823/0961/1864/files/20160209110125_20151019161337_showtime-clearset-1ltr.jpg?v=1751461364,SHOWTIME,
CLEARSET5,Clear Set - 5 Litre,5061031800910,,EACH,,,65,,,https://cdn.shopify.com/s/files/1/0823/0961/1864/files/20160209110125_20151019161337_showtime-clearset-1ltr.jpg?v=1751461364,SHOWTIME,
CLIK03,Clik Extra - 5Litre,CLIK03,,EACH,,,325,,,https://cdn.shopify.com/s/files/1/0823/0961/1864/files/1115701-zoom.jpg?v=1712575346,,
CLIK2.2,Clik Pour On 5 litre - 2.2Ltrs,CLIK2.2,,EACH,,,185,,,https://cdn.shopify.com/s/files/1/0823/0961/1864/files/clik-3.jpg?v=1712575343,,
CLIK5,Clik Pour On 5 litre - 5Ltrs,CLIK5,,EACH,,,325,,,https://cdn.shopify.com/s/files/1/0823/0961/1864/files/clik-3.jpg?v=1712575343,,
CLIKGUN,Clik Pour On Gun,CLIKGUN,,EACH,,,59,,,https://cdn.shopify.com/s/files/1/0823/0961/1864/files/1950_1.jpg?v=1712576626,,
CLIKXTRA2.5LIT,Clik Extra - 2.2Litre,CLIKXTRA2.5LIT,,EACH,,,185,,,https://cdn.shopify.com/s/files/1/0823/0961/1864/files/1115701-zoom.jpg?v=1712575346,,
CLIPPERMOSERREX,Cattle Clipper - Moser Rex,CLIPPERMOSERREX,,EACH,,,95,,,https://cdn.shopify.com/s/files/1/0823/0961/1864/files/rex-1230-main-large-jpeg.jpg?v=1712575433,CHRISTIES,
CLIPPERSPRAY4IN1,Clipper Oil/Spray,5061031801238,,EACH,,,7.6,,,https://cdn.shopify.com/s/files/1/0823/0961/1864/files/clipper-oil.png?v=1751461321,SHOWTIME,
CLOSAMECTININJ5,Closamectin Injection 500ml,CLOSAMECTININJ5,,EACH,,,99,,,https://cdn.shopify.com/s/files/1/0823/0961/1864/files/1169.jpg?v=1712575155,,
COBALTB12SELENIUM10L,Natural Stockcare Cobalt B12 Selenium - 10Ltrs,COBALTB12SELENIUM10L,,EACH,,,149,,,https://cdn.shopify.com/s/files/1/0823/0961/1864/files/cobalt-b12-with-selenium-5-litre.webp?v=1712576658,AGRIHEALTH,
COBALTB12SELENIUM1L,Natural Stockcare Cobalt B12 Selenium - 1Ltr,COBALTB12SELENIUM1L,,EACH,,,22.5,,,https://cdn.shopify.com/s/files/1/0823/0961/1864/files/cobalt-b12-with-selenium-5-litre.webp?v=1712576658,AGRIHEALTH,
COBALTB12SELENIUM2.5L,Natural Stockcare Cobalt B12 Selenium - 2.5Ltrs,COBALTB12SELENIUM2.5L,,EACH,,,45,,,https://cdn.shopify.com/s/files/1/0823/0961/1864/files/cobalt-b12-with-selenium-5-litre.webp?v=1712576658,AGRIHEALTH,
COBALTCOPPERSOL,Copper Cobalt Solution 250ml,COBALTCOPPERSOL,,EACH,,,35,,,https://cdn.shopify.com/s/files/1/0823/0961/1864/files/natural-nutrition-copper-cobalt-solution-300x300.jpg?v=1712576086,,
COBALTGUARD,Cobalt 12 Guard 250 pack,COBALTGUARD,,EACH,,,75,,,https://cdn.shopify.com/s/files/1/0823/0961/1864/files/Cobalt-12-Guard.jpg?v=1751461395,,
COBALTPOWERPACK2.5L,Cobalt Power Pak 2.5Litre / 1 Litre - 2.5Litre,COBALTPOWERPACK2.5L,,EACH,,,55,,,https://cdn.shopify.com/s/files/1/0823/0961/1864/files/cobaltPower-262x300_b9bf36ea-797e-4f32-bbd6-07800fde16fd.png?v=1712575954,INFORMLTD,
COBALTPOWERPAK,Cobalt Power Pak 2.5Litre / 1 Litre - 1 Litre,COBALTPOWERPAK,,EACH,,,30,,,https://cdn.shopify.com/s/files/1/0823/0961/1864/files/cobaltPower-262x300_b9bf36ea-797e-4f32-bbd6-07800fde16fd.png?v=1712575954,INFORMLTD,
CODLIVITNOCOPPER,Osmonds Codlivit with Copper,,,EACH,,,145,,,https://cdn.shopify.com/s/files/1/0823/0961/1864/files/codlivit_with_copper_25kg_1.png?v=1769420283,OSMONDS,
COMFYCALFJACKETL,Comfy Calf Jacket - Large,COMFYCALFJACKETL,,EACH,,,29.99,,,https://cdn.shopify.com/s/files/1/0823/0961/1864/files/Comfy-Calf-Jackets-1-1.png?v=1751461526,,
COMFYCALFJACKETL-1,Comfy Calf Jacket XL - Large,COMFYCALFJACKETL-1,,EACH,,,29.99,,,https://cdn.shopify.com/s/files/1/0823/0961/1864/files/COMFY-CALF-JACKET-XL-1_7b7700f6-ea47-410e-b7ff-f6bba701b7bd.jpg?v=1712576959,,
COMFYCALFJACKETS,Comfy Calf Jacket - Small,COMFYCALFJACKETS,,EACH,,,29.99,,,https://cdn.shopify.com/s/files/1/0823/0961/1864/files/Comfy-Calf-Jackets-1-1.png?v=1751461526,,
COMFYCALFJACKETS-1,Comfy Calf Jacket XL - Small,COMFYCALFJACKETS-1,,EACH,,,29.99,,,https://cdn.shopify.com/s/files/1/0823/0961/1864/files/COMFY-CALF-JACKET-XL-1_7b7700f6-ea47-410e-b7ff-f6bba701b7bd.jpg?v=1712576959,,
COMFYCALFJACKETSXL,Comfy Calf Jacket - Extra Large,COMFYCALFJACKETSXL,,EACH,,,34.99,,,https://cdn.shopify.com/s/files/1/0823/0961/1864/files/Comfy-Calf-Jackets-1-1.png?v=1751461526,,
COMFYCALFJACKETSXL-1,Comfy Calf Jacket XL - Extra Large,COMFYCALFJACKETSXL-1,,EACH,,,34.99,,,https://cdn.shopify.com/s/files/1/0823/0961/1864/files/COMFY-CALF-JACKET-XL-1_7b7700f6-ea47-410e-b7ff-f6bba701b7bd.jpg?v=1712576959,,
COMFYCALFLARGE12,Comfy Calf Jacket Box of 12 (11 + 1 FREE) - Large,COMFYCALFLARGE12,,EACH,,,330,,,https://cdn.shopify.com/s/files/1/0823/0961/1864/files/comfy-calf-model.png?v=1751461223,,
COMFYCALFSMALL12,Comfy Calf Jacket Box of 12 (11 + 1 FREE) - Small,,,EACH,,,330,,,https://cdn.shopify.com/s/files/1/0823/0961/1864/files/comfy-calf-model.png?v=1751461223,,
COMFYCALFXL12,Comfy Calf Jacket Box of 12 (11 + 1 FREE) - XL,COMFYCALFXL12,,EACH,,,330,,,https://cdn.shopify.com/s/files/1/0823/0961/1864/files/comfy-calf-model.png?v=1751461223,,
COMPSEYDISPENSER,Compsey Dispenser,COMPSEYDISPENSER,,EACH,,,55,,,https://cdn.shopify.com/s/files/1/0823/0961/1864/files/PhotoRoom-20220614_165559-1.png?v=1751461367,,
COPPERB12INJ,Copper B12 Injection 100ml,COPPERB12INJ,,EACH,,,15,,,https://cdn.shopify.com/s/files/1/0823/0961/1864/files/bvp_copper_with_vitamin_b.jpg?v=1712576029,,
COPPERBULLRINGSBOX2.5,"Copper Bull Rings Box of 10 - 2.5"" / 1 box",1234571895011,,EACH,,,61,,,https://cdn.shopify.com/s/files/1/0823/0961/1864/files/IMG_8875.jpg?v=1769725048,VETYCITY,
COPPERBULLRINGSBOX2.5BX10,"Copper Bull Rings Box of 10 - 2.5"" / 10 boxes",,,EACH,,,550,,,https://cdn.shopify.com/s/files/1/0823/0961/1864/files/IMG_8875.jpg?v=1769725048,VETYCITY,
COPPERBULLRINGSBOX2.5BX5,"Copper Bull Rings Box of 10 - 2.5"" / 5 boxes",,,EACH,,,287.5,,,https://cdn.shopify.com/s/files/1/0823/0961/1864/files/IMG_8875.jpg?v=1769725048,VETYCITY,
COPPERBULLRINGSBOX2.75,"Copper Bull Rings Box of 10 - 2.75"" / 1 box",12345718950,,EACH,,,66,,,https://cdn.shopify.com/s/files/1/0823/0961/1864/files/IMG_8875.jpg?v=1769725048,VETYCITY,
COPPERBULLRINGSBOX2.75BX10,"Copper Bull Rings Box of 10 - 2.75"" / 10 boxes",,,EACH,,,600,,,https://cdn.shopify.com/s/files/1/0823/0961/1864/files/IMG_8875.jpg?v=1769725048,VETYCITY,
COPPERBULLRINGSBOX2.75BX5,"Copper Bull Rings Box of 10 - 2.75"" / 5 boxes",,,EACH,,,312.5,,,https://cdn.shopify.com/s/files/1/0823/0961/1864/files/IMG_8875.jpg?v=1769725048,VETYCITY,
COPPERBULLRINGSBOX3,"Copper Bull Rings Box of 10 - 3"" / 1 box",1234571895016,,EACH,,,65,,,https://cdn.shopify.com/s/files/1/0823/0961/1864/files/IMG_8875.jpg?v=1769725048,VETYCITY,
COPPERBULLRINGSBOX3BX10,"Copper Bull Rings Box of 10 - 3"" / 10 boxes",,,EACH,,,600,,,https://cdn.shopify.com/s/files/1/0823/0961/1864/files/IMG_8875.jpg?v=1769725048,VETYCITY,
COPPERBULLRINGSBOX3BX5,"Copper Bull Rings Box of 10 - 3"" / 5 boxes",,,EACH,,,312.5,,,https://cdn.shopify.com/s/files/1/0823/0961/1864/files/IMG_8875.jpg?v=1769725048,VETYCITY,
COPPERINJ,BVP Copper Injection 100ml,COPPERINJ,,EACH,,,15,,,https://cdn.shopify.com/s/files/1/0823/0961/1864/files/Copper-e1550053799821.jpg?v=1712576176,,
COPPERSULPHATE,Copper Sulphate (BlueStone),,,EACH,,,129,,,https://cdn.shopify.com/s/files/1/0823/0961/1864/files/agni-nas01MarketingAgrineedsResized113200-1-475x475-46.jpg?v=1768470288,PHARVET,
COSICURECATTLE,Coseicure Cattle Bolus 20s,COSICURECATTLE,,EACH,,,120,,,https://cdn.shopify.com/s/files/1/0823/0961/1864/files/coseicure-bolus-pack.jpg?v=1751461318,HIGHFIELDVW,
COSYCALF,Cosy Calf Jacket - Large,COSYCALF,,EACH,,,35,,,https://cdn.shopify.com/s/files/1/0823/0961/1864/files/CosyCalfJacket.png?v=1759753124,,
COSYCOWRUG,Cosy Calf Cow Rug (Outdoor) - Medium,COSYCOWRUG,,EACH,,,95,,,https://cdn.shopify.com/s/files/1/0823/0961/1864/files/cow_rug2.jpg?v=1712575271,,
CowBrush,Agvance Motorised Cow Brush,,,EACH,,,521.42,,,https://cdn.shopify.com/s/files/1/0823/0961/1864/files/Motorised-Cow-Brush-1.png?v=1773144985,,
Cowbrush1122,Auto Cow Brush,,,EACH,,,8393.52,,,,OZDEN,
COWLEGSPLINLARGE,Cow Leg Splint - Large,,,EACH,,,49.5,,,https://cdn.shopify.com/s/files/1/0823/0961/1864/files/0019509_bos-cow-leg-splint-small-blue.jpg?v=1751461140,AGRIHEALTH,
COWLEGSPLINT,Cow Leg Splint - Small,,,EACH,,,45,,,https://cdn.shopify.com/s/files/1/0823/0961/1864/files/0019509_bos-cow-leg-splint-small-blue.jpg?v=1751461140,AGRIHEALTH,
COWREDCOTTONSHOWHALTER,Calf Halter - Red Cotton Show Halter,COWREDCOTTONSHOWHALTER,,EACH,,,24,,,https://cdn.shopify.com/s/files/1/0823/0961/1864/files/cotton-red_b42982c5-e56d-4f88-ab19-2119500368ab.jpg?v=1712576209,,
CRAN,Economy Cranked Scissors,CRAN,,EACH,,,28,,,https://cdn.shopify.com/s/files/1/0823/0961/1864/files/C25787N.jpg?v=1751461491,AGRIHEALTH,
CRITICALC,Criticalc,CRITICALC,,EACH,,,185.99,,,https://cdn.shopify.com/s/files/1/0823/0961/1864/files/criticalc-powder-001.jpg?v=1751461300,ACRAVETLTD,
CRUSHANTIBACKINGBAR,CRUSH ANTI BACKING BAR,CRUSHANTIBACKINGBAR,,EACH,,,255,,,https://cdn.shopify.com/s/files/1/0823/0961/1864/files/crush-anti-backing-gate-2010-003-white.jpg?v=1712575153,,
cs1,Jack Murphy -Ciaran Shirt - XXXLarge,cs1,,EACH,,,55,,,https://cdn.shopify.com/s/files/1/0823/0961/1864/files/ciaran_april_shower_1.jpg?v=1751461524,,
CYPERGUARD1,Cyper Guard - 1Ltr,CYPERGUARD1,,EACH,,,85,,,https://cdn.shopify.com/s/files/1/0823/0961/1864/files/cyper-guard-101.jpg?v=1712575942,,
CYPERGUARD2,Cyper Guard - 2Ltr,CYPERGUARD2,,EACH,,,125,,,https://cdn.shopify.com/s/files/1/0823/0961/1864/files/cyper-guard-101.jpg?v=1712575942,,
D5010LITRE,D50 Spray 10litre,D5010LITRE,,EACH,,,85,,,https://cdn.shopify.com/s/files/1/0823/0961/1864/files/D50-e1526914875823.jpg?v=1712576074,,
DAIRYGROOMINGKIT,Dairy Grooming Kit,,,EACH,,,110,,,https://cdn.shopify.com/s/files/1/0823/0961/1864/files/20200227165140_showtimedairyt1.jpg?v=1751461146,,
DAIRYGROOMINGKITNEW,Dairy Grooming Kit,,,EACH,,,110,,,https://cdn.shopify.com/s/files/1/0823/0961/1864/files/20200227165140_showtimedairyt1.jpg?v=1751461146,SHOWTIME,
DAIRYMAGIC,Sullivan's Dairy Magic,DAIRYMAGIC,,EACH,,,17.5,,,https://cdn.shopify.com/s/files/1/0823/0961/1864/files/dairy_magic.jpg?v=1712575735,SHOWTIME,
DAIRYWIPEDISPENSER,Dairy Wipe Dispenser,DAIRYWIPEDISPENSER,,EACH,,,49,,,https://cdn.shopify.com/s/files/1/0823/0961/1864/files/blue_roll_dispenser.jpg?v=1751461522,AGRIHEALTH,
DAIRYWIPES,Dairy Wipes 6 pack,DAIRYWIPES,,EACH,,,32,,,https://cdn.shopify.com/s/files/1/0823/0961/1864/files/dairy-wipes-pack.png?v=1751461522,AGRIHEALTH,
DEHORNERCARLOR,Calor Type Gas Dehorner,DEHORNERCARLOR,,EACH,,,79,,,https://cdn.shopify.com/s/files/1/0823/0961/1864/files/Calor-Type-Gas-Dehorner.jpg?v=1712575211,,
DIALN,Dial N,DIALN,,EACH,,,75,,,https://cdn.shopify.com/s/files/1/0823/0961/1864/files/Screenshot-2023-10-25-150034.png?v=1751461225,SHOWTIME,
DIAMONDWHITE5OOML,Wahl Diamond White Shampoos - 500ml,DIAMONDWHITE5OOML,,EACH,,5.2,12,,,https://cdn.shopify.com/s/files/1/0823/0961/1864/files/ZX489-Diamond-White-Shampoo-5L-High-Fragrance-Image.jpg?v=1751461449,Lister,
DIRTYBEASTIE500ML,Wahl Dirty Beastie Cattle Shampoo - 500ml,5037127004876,,EACH,,,12,,,https://cdn.shopify.com/s/files/1/0823/0961/1864/files/ZX490-Dirty-Beastie-Shampoo-5L-High-Fragance-Image.jpg?v=1751461448,Lister,
DOCBRANNENPURPLEOIL,Sullivan's Purple Oil,,,EACH,,,35,,,https://cdn.shopify.com/s/files/1/0823/0961/1864/files/Untitled_design_25.png?v=1772447220,SULLIVANS,
DORAMAX1L,Doramax Pour On,,,EACH,,,80,,,https://cdn.shopify.com/s/files/1/0823/0961/1864/files/Screenshot2025-06-30214242.png?v=1751461821,,
DORAMAX500ml,Doramax 10 mg/ml Solution for Injection,,,EACH,,,140,,,https://cdn.shopify.com/s/files/1/0823/0961/1864/files/rn-image_picker_lib_temp_aaf9e107-51ef-46b9-bf77-fff743c1d8fa.webp?v=1760514700,,
DOXSTAR2L,Doxstar Pro Herbicide 2litre Spray,DOXSTAR2L,,EACH,,,98,,,https://cdn.shopify.com/s/files/1/0823/0961/1864/files/Doxstar_pro-pack-image-330x470.jpg?v=1712576081,,
DRENCHMATE,Drench-Mate Post-Calving Drench Powder 7.5kg (11 Feeds) - Drench-Mate Stomach Pump + FREE 7.5kg Drench Bucket (11 Feeds),DRENCHMATE,,EACH,7,,520,,,https://cdn.shopify.com/s/files/1/0823/0961/1864/files/drenchmate-drench-powder.png?v=1751461220,DRENCHMATE,
DRENCHMATE-1,Drench-Mate Stomach Pump with FREE Post-Calving Drench,,,EACH,,,520,,,https://cdn.shopify.com/s/files/1/0823/0961/1864/files/Content-Creator-Project_3.png?v=1770853442,DRENCHMATE,
DRYCUFFSMILKINGSLEEVES,Dry Cuffs Milking Sleeve,DRYCUFFSMILKINGSLEEVES,,EACH,,,55,,,https://cdn.shopify.com/s/files/1/0823/0961/1864/files/dry-cuffs-768x701-1.jpg?v=1751461245,,
DRYTEXGGOWN,Drytex Devon Gown - Large,DRYTEXGGOWN,,EACH,,,55,,,https://cdn.shopify.com/s/files/1/0823/0961/1864/files/drytex-devon-gown.jpg?v=1712575252,,
DRYTEXGOWNL,Long Sleeved Gown - Large,,,EACH,,,80,,,https://cdn.shopify.com/s/files/1/0823/0961/1864/files/P-CF64631___L.jpg?v=1758293814,AGRIHEALTH,
DRYTEXGOWNM,Long Sleeved Gown - Medium,,,EACH,,,80,,,https://cdn.shopify.com/s/files/1/0823/0961/1864/files/P-CF64631___L.jpg?v=1758293814,AGRIHEALTH,
DRYTEXGOWNXL,Long Sleeved Gown - XLarge,,,EACH,,,80,,,https://cdn.shopify.com/s/files/1/0823/0961/1864/files/P-CF64631___L.jpg?v=1758293814,AGRIHEALTH,
DRYTEXJACKET,Drytex Dairy Jacket - Large,DRYTEXJACKET,,EACH,,,65,,,https://cdn.shopify.com/s/files/1/0823/0961/1864/files/Drytex-e1589276741846.jpg?v=1751461342,,
DRYTEXLEGGINGS,Drytex Leggings & Jacket - Small,DRYTEXLEGGINGS,,EACH,,,60,,,https://cdn.shopify.com/s/files/1/0823/0961/1864/files/Drytex-e1589276741846_e0dcef27-e38a-467e-8015-caf15addd3a3.jpg?v=1712576293,,
DRYTEXOVERTROUSERS,Drytex Trousers - Large,DRYTEXOVERTROUSERS,,EACH,,,35,,,https://cdn.shopify.com/s/files/1/0823/0961/1864/files/drytex_over_trouser.jpg?v=1751461524,,
DRYTEXSLEEVE-2,Drytex Sleeve,,,EACH,,,16.6,,,https://cdn.shopify.com/s/files/1/0823/0961/1864/files/drytex_sleeve.jpg?v=1751461523,OCONNORGROUP,
DUALMOTORDRYER,ErgoPro Dual Motor Dryer,DUALMOTORDRYER,,EACH,,,289,,,https://cdn.shopify.com/s/files/1/0823/0961/1864/files/animal_dryer.jpg?v=1751461473,CLIPPERSIE,
DUALMOTORPRO,ErgoPro Dual Motor Dryer Pro,DUALMOTORPRO,,EACH,,,345,,,https://cdn.shopify.com/s/files/1/0823/0961/1864/files/animal_dryer_63f60616-e3e6-47a0-a2ee-6fa1f5c43cf9.jpg?v=1712576202,,
EASIPHOS25L,Easi-Phos 25l,EASIPHOS25L,,EACH,,,110,,,https://cdn.shopify.com/s/files/1/0823/0961/1864/files/9a97e1_ac877aa712234434a83968ec8fec3d9e_mv2.jpg?v=1712576651,ACRAVETLTD,
EASITRACE,Easi Trace,EASITRACE,,EACH,,,69.99,,,https://cdn.shopify.com/s/files/1/0823/0961/1864/files/EASI-TRACE.jpg?v=1712575922,,
EASYWEAN,Easy Wean Nose Paddles,EASYWEAN,,EACH,,,6.5,,,https://cdn.shopify.com/s/files/1/0823/0961/1864/files/unnamed-3.jpg?v=1757492393,VETYCITY,
ECTOFLY2.5LITRE,Ectofly,ECTOFLY2.5LITRE,,EACH,,,90,,,https://cdn.shopify.com/s/files/1/0823/0961/1864/files/Ectofly-5litre.jpg?v=1751461508,,
ECTOFLY5L,Ectofly pour-on 5L,,animal medicin,EACH,,,150,,,https://cdn.shopify.com/s/files/1/0823/0961/1864/files/ectofly.jpg?v=1753960673,,
ECTOFLYAPPLICATOR,Ectofly Pour On Gun,ECTOFLYAPPLICATOR,,EACH,,,58.25,,,https://cdn.shopify.com/s/files/1/0823/0961/1864/files/ectofly-gun-101.jpg?v=1751461411,,
ECTOSPEC2.5LITRE,Ectospec Pour On - 2.5Litre,ECTOSPEC2.5LITRE,,EACH,,,115,,,https://cdn.shopify.com/s/files/1/0823/0961/1864/files/ecto.jpg?v=1712575284,,
ELECTRICDEHORNER,Electric Dehorner,ELECTRICDEHORNER,,EACH,,,79,,,https://cdn.shopify.com/s/files/1/0823/0961/1864/files/images.jpg?v=1712575213,,
ELECTROPLUS,Canines Electro-Plus 250ml,,,EACH,,,9,,,https://cdn.shopify.com/s/files/1/0823/0961/1864/files/electro-plus_500ml.png?v=1768568983,OSMONDS,
Elite pre calver,Elite Pre Calver,,,EACH,,,35,,,https://cdn.shopify.com/s/files/1/0823/0961/1864/files/precalvingcows.jpg?v=1768298847,BLF,
EMERALDBLACK,Emerald Black Professional Shampoo 3.8l,608283124149,,EACH,,,45,,,https://cdn.shopify.com/s/files/1/0823/0961/1864/files/Groomers_Edge_Shampoo_Emerald_Black_38l.jpg?v=1751461455,CHRISTIES,
ENDOFLUKE5L,Endofluke 10% 5Ltrs,,,EACH,,,130,,,,,
EP278,Electro Power EP278 Spinning Jenny Wire Dispenser,,,EACH,,,155,,,https://cdn.shopify.com/s/files/1/0823/0961/1864/files/fnep278_0.jpg?v=1755621503,STRADBALLYFSLTD,
EPRIZERO5L,Eprizero Pour-on,EPRIZERO5L,,EACH,,,285,,,https://cdn.shopify.com/s/files/1/0823/0961/1864/files/janu.webp?v=1721220792,,
EQUINEMINERAL20KG,Premium Equine Seaboost Mineral Bucket,EQUINEMINERAL20KG,,EACH,20,,37,,,https://cdn.shopify.com/s/files/1/0823/0961/1864/files/IMG_2749-scaled.jpg?v=1751461323,,
EQUINESEABOOST12kg,Equine Seaboost 12kg,,,EACH,,,29.5,,,https://cdn.shopify.com/s/files/1/0823/0961/1864/files/AgvanceNutrition-EquineBucket12kg.png?v=1751461141,,
EQUINESEAWEED,EQUINE SEAWEED BLEND 1.5KG,EQUINESEAWEED,,EACH,,,40,,,https://cdn.shopify.com/s/files/1/0823/0961/1864/files/equine_seaweed_blend.png?v=1751461296,SEALAC,
ERGOCARACLIPPERS,Ergopro Cara Clippers,,,EACH,,,325,,,https://cdn.shopify.com/s/files/1/0823/0961/1864/files/CF70561___L.jpg?v=1761826399,CLIPPERSIE,
ERGOPROCARADIRTYCATTLECLIPPER,ErgoPro Cattle Clipper - With 2 Batteries,ERGOPROCARADIRTYCATTLECLIPPER,,EACH,,,325,,,https://cdn.shopify.com/s/files/1/0823/0961/1864/files/Cara-e1540976557554.jpg?v=1751461483,CLIPPERSIE,
EUCALYPTUSBLOCK10KG,Eucalyptus Easy Breathe Beef Pack,EUCALYPTUSBLOCK10KG,,EACH,,,27,,,https://cdn.shopify.com/s/files/1/0904/2372/2370/files/Untitleddesign_22.png?v=1744283197,ROYALILAC,
EUCALYPTUSBLOCK10KG-1,Eucalyptus Easy Breathe Beef Pack - 1 x 20kg Pack,EUCALYPTUSBLOCK10KG-1,,EACH,,,35,,,https://cdn.shopify.com/s/files/1/0823/0961/1864/files/Untitleddesign_22.png?v=1751461175,ROYALILAC,
EUCALYPTUSBLOCK10KG-2,Eucalyptus Easy Breathe Beef Pack - 10 x 20kg Packs,,,EACH,,,350,,,https://cdn.shopify.com/s/files/1/0823/0961/1864/files/Untitleddesign_22.png?v=1751461175,ROYALILAC,
EUCALYPTUSBLOCK10KG-3,Eucalyptus Easy Breathe Beef Pack - 20 x 20kg Packs,,,EACH,,,700,,,https://cdn.shopify.com/s/files/1/0823/0961/1864/files/Untitleddesign_22.png?v=1751461175,ROYALILAC,
EUCALYPTUSBLOCK10KG-4,Eucalyptus Easy Breathe Beef Pack - 40 x 20kg Packs,,,EACH,,,1400,,,https://cdn.shopify.com/s/files/1/0823/0961/1864/files/Untitleddesign_22.png?v=1751461175,ROYALILAC,
EWELAMPCALFTRANSPORTER,Ewe and Lamb/Calf Transporter,EWELAMPCALFTRANSPORTER,,EACH,,,590,,,https://cdn.shopify.com/s/files/1/0823/0961/1864/files/ewe_and_lamb_transporter_005.jpg?v=1712575222,,
EXHIBITORHARNESS,Sullivan's Exhibitors Harness,EXHIBITORHARNESS,,EACH,,,25,,,https://cdn.shopify.com/s/files/1/0823/0961/1864/files/EH.jpg?v=1751461445,SHOWTIME,
EXPRESSDEHORNER,Express Gas Dehorner,EXPRESSDEHORNER,,EACH,,,190,,,https://cdn.shopify.com/s/files/1/0823/0961/1864/files/4050.jpg?v=1712575207,,
EXPRESSDEHORNERPISTOL,"Express ""Pistol Style"" Hosless Gas Dehorner",EXPRESSDEHORNERPISTOL,,EACH,,,175,,,https://cdn.shopify.com/s/files/1/0823/0961/1864/files/9075673-frontface-300Wx300H.jpg?v=1712575215,,
EXTR,Extra High Energy 22.5Kg,EXTR,,EACH,22.5,,27,,,https://cdn.shopify.com/s/files/1/0823/0961/1864/files/crystalix-high-enegy-1.jpg?v=1712575825,,
EZBREATHE20ML,EZ Breathe 20ml,,,EACH,,,6.5,,,,ROYALILAC,
EZCLEANWATERLESSSHAMPOO,Sullivan's EZ Clean Waterless Shampoo,EZCLEANWATERLESSSHAMPOO,,EACH,,,35,,,https://cdn.shopify.com/s/files/1/0823/0961/1864/files/ECQ.jpg?v=1751461448,SHOWTIME,
EZEECOMB,ShowTime E-Zee Comb CLEAR,,,EACH,,,21,,,https://cdn.shopify.com/s/files/1/0823/0961/1864/files/20170405100640_ezee-clear.jpg?v=1753969399,SHOWTIME,
FALSECOWTAILWHITE,False Cow Tail / Switch,,,EACH,,,119.73,,,https://cdn.shopify.com/s/files/1/0823/0961/1864/files/20150317165940_tail-white.png?v=1759753364,SHOWTIME,
FAS02,Fasinex Super 2.2Litre,FAS02,,EACH,,,145,,,https://cdn.shopify.com/s/files/1/0823/0961/1864/files/Fastin.jpg?v=1712575168,,
FASINEX2402.2,Fasinex 240 2.2Litre,FASINEX2402.2,,EACH,,,198,,,https://cdn.shopify.com/s/files/1/0823/0961/1864/files/Fasinex-240-Cattle-630x480.jpg?v=1712575164,,
FAULTFINDER,Fault Finder,FAULTFINDER,,EACH,,,150,,,https://cdn.shopify.com/s/files/1/0823/0961/1864/files/0761190_800x800_8fdcc013-8faa-4b46-a34f-046960c52549.webp?v=1712576530,,
FIBREGLASSSHOWSTICK,Fibre Glass Show Stick,FIBREGLASSSHOWSTICK,,EACH,,,80,,,https://cdn.shopify.com/s/files/1/0823/0961/1864/files/fibreglass_show_stick.jpg?v=1712575653,SHOWTIME,
FILTASGLOVESL,Filta Disposable Nitrile Glove Powder Free Blue - Box of 100 - Large,,,EACH,,,10.5,,,https://cdn.shopify.com/s/files/1/0823/0961/1864/files/GFSMNBR001-42L.webp?v=1753088050,JOEBOLAND,
FILTASGLOVESM,Filta Disposable Nitrile Glove Powder Free Blue - Box of 100 - Medium,,,EACH,,,10.5,,,https://cdn.shopify.com/s/files/1/0823/0961/1864/files/GFSMNBR001-42L.webp?v=1753088050,JOEBOLAND,
FILTASGLOVESXL,Filta Disposable Nitrile Glove Powder Free Blue - Box of 100 - Extra Large,,,EACH,,,10.5,,,https://cdn.shopify.com/s/files/1/0823/0961/1864/files/GFSMNBR001-42L.webp?v=1753088050,JOEBOLAND,
FINALBLOOM,Sullivan's Final Bloom,852082000047,,EACH,,,19,,,https://cdn.shopify.com/s/files/1/0823/0961/1864/files/FB-FINAL-BLOOM-NEW-2023.jpg?v=1751461496,SHOWTIME,
FIRSTDRINK,First Drink 700g (Now only available in 14kg),FIRSTDRINK,,EACH,,,10,,,https://cdn.shopify.com/s/files/1/0823/0961/1864/files/FirstDrink-235x300.png?v=1712576199,,
FIRSTDRINK14KG,First Drink 14kg - 20 Feeds,5391523472081,,EACH,,,115,,,https://cdn.shopify.com/s/files/1/0823/0961/1864/files/first_drink_14kg.webp?v=1767778864,INFORMLTD,
FLARE,Sullivan's Flare Showring Sheen,813170027278,,EACH,,,15.5,,,https://cdn.shopify.com/s/files/1/0823/0961/1864/files/20180413163223_sullivan-s-flare.jpg?v=1751461261,SHOWTIME,
FLATOUTTOUCHUP,Matte Black Touch Up,,,EACH,,,20,,,https://cdn.shopify.com/s/files/1/0823/0961/1864/files/Screenshot_2025-06-12_004416.png?v=1751461827,SULLIVANS,
FLOCKMASTER5LITRE,FlockMaster 5litre paste,FLOCKMASTER5LITRE,,EACH,,,55,,,https://cdn.shopify.com/s/files/1/0823/0961/1864/files/625596941b3_SP2018-11-430_1_large_ff958d32-c310-498e-bc19-98b6218b9050.jpg?v=1712576592,,
FLUKIVER5LITRE,Flukiver Oral Drench (Closantel) - 5Ltrs,FLUKIVER5LITRE,,EACH,,,139,,,https://cdn.shopify.com/s/files/1/0823/0961/1864/files/flukiver-103.webp?v=1712576919,,
FluoroOvertrousersLARGE,ISO940 Betacraft FluoroOvertrousers - Large,,,EACH,,,162,,,https://cdn.shopify.com/s/files/1/0823/0961/1864/files/9226_R.webp?v=1751461232,DAIRYSPARES,
FluoroOvertrousersMEDIUM,ISO940 Betacraft FluoroOvertrousers - Medium,,,EACH,,,162,,,https://cdn.shopify.com/s/files/1/0823/0961/1864/files/9226_R.webp?v=1751461232,DAIRYSPARES,
FluoroOvertrousersSMALL,ISO940 Betacraft FluoroOvertrousers - Small,,,EACH,,,162,,,https://cdn.shopify.com/s/files/1/0823/0961/1864/files/9226_R.webp?v=1751461232,DAIRYSPARES,
FluoroOvertrousersXLARGE,ISO940 Betacraft FluoroOvertrousers - X Large,,,EACH,,,162,,,https://cdn.shopify.com/s/files/1/0823/0961/1864/files/9226_R.webp?v=1751461232,DAIRYSPARES,
FluoroOvertrousersXXLARGE,ISO940 Betacraft FluoroOvertrousers - XX Large,,,EACH,,,162,,,https://cdn.shopify.com/s/files/1/0823/0961/1864/files/9226_R.webp?v=1751461232,DAIRYSPARES,
FluoroParkaLARGE,Iso940 Betacraft FluoroParka - Large,,,EACH,,,315,,,https://cdn.shopify.com/s/files/1/0823/0961/1864/files/9224T-ORN_R.webp?v=1751461233,DAIRYSPARES,
FluoroParkaMEDIUM,Iso940 Betacraft FluoroParka - Medium,,,EACH,,,315,,,https://cdn.shopify.com/s/files/1/0823/0961/1864/files/9224T-ORN_R.webp?v=1751461233,DAIRYSPARES,
FluoroParkaSMALL,Iso940 Betacraft FluoroParka - Small,,,EACH,,,315,,,https://cdn.shopify.com/s/files/1/0823/0961/1864/files/9224T-ORN_R.webp?v=1751461233,DAIRYSPARES,
FluoroParkaXLARGE,Iso940 Betacraft FluoroParka - X Large,,,EACH,,,315,,,https://cdn.shopify.com/s/files/1/0823/0961/1864/files/9224T-ORN_R.webp?v=1751461233,DAIRYSPARES,
FluoroParkaXXLARGE,Iso940 Betacraft FluoroParka - XX Large,,,EACH,,,315,,,https://cdn.shopify.com/s/files/1/0823/0961/1864/files/9224T-ORN_R.webp?v=1751461233,DAIRYSPARES,
For01,Forefront T 2litre Spray,For01,,EACH,,,95,,,https://cdn.shopify.com/s/files/1/0823/0961/1864/files/Forefornt-T-e1557834268520.jpg?v=1712575808,,
FORADINEIODINE5LITRE,Foradine Iodine - 5 litre,,,EACH,,,79,,,https://cdn.shopify.com/s/files/1/0823/0961/1864/files/foradine2.jpg?v=1712576822,ACRAVETLTD,
FORADINEIODINE5LITRE-2.5,Foradine Iodine - 2.5 litre,,,EACH,,,50,,,https://cdn.shopify.com/s/files/1/0823/0961/1864/files/foradine2.jpg?v=1712576822,ACRAVETLTD,
FORMULA1ADHESIVE,Sullivan's Formula 1 Adhesive (Discontinued go to Prime Time),FORMULA1ADHESIVE,,EACH,,,19.19,,,https://cdn.shopify.com/s/files/1/0823/0961/1864/files/f1.jpg?v=1751461499,,
GALFAULTFINDER,Fault Finder,,,EACH,,102,170,,,https://cdn.shopify.com/s/files/1/0823/0961/1864/files/509051_1WEB.webp_800x800_9cf4bd99-37b6-43b7-bbd5-1098d0094aa8.webp?v=1751461138,GALLAGHER,
GALLAGHER15METERAUTOREEL,Gallagher 15 meter Autoreel,GALLAGHER15METERAUTOREEL,,EACH,,,160,,,https://cdn.shopify.com/s/files/1/0823/0961/1864/files/9029323-frontface-300Wx300H.jpg?v=1712576462,GALLAGHER,
GALLAGHERALKALINEBATTERY,Gallagher Alkaline Fencing Battery 9v,GALLAGHERALKALINEBATTERY,,EACH,,,51,,,https://cdn.shopify.com/s/files/1/0823/0961/1864/files/9029309-frontface-300Wx300H.jpg?v=1712576478,GALLAGHER,
GALLAGHERBATTERYFENCERB40,Gallagher Battery Fencer B40,GALLAGHERBATTERYFENCERB40,,EACH,,,260,,,https://cdn.shopify.com/s/files/1/0823/0961/1864/files/9060181-frontface-300Wx300H.jpg?v=1712576495,GALLAGHER,
GALLAGHERBATTERYFENCERBA30,Gallagher Battery Fencer BA30,GALLAGHERBATTERYFENCERBA30,,EACH,,,175,,,https://cdn.shopify.com/s/files/1/0823/0961/1864/files/9113231-frontface-300Wx300H.jpg?v=1712576466,GALLAGHER,
GALLAGHERBATTERYFENCERBA40,Gallagher Battery Fencer BA40,GALLAGHERBATTERYFENCERBA40,,EACH,,,242,,,https://cdn.shopify.com/s/files/1/0823/0961/1864/files/9113232-frontface-300Wx300H-1.jpg?v=1712576462,,
GALLAGHEREQUIFENCE250M,Gallagher Equifence Equine Fencer Wire 250m,GALLAGHEREQUIFENCE250M,,EACH,,,298,,,https://cdn.shopify.com/s/files/1/0823/0961/1864/files/9003493-frontface-300Wx300H.jpg?v=1712576488,GALLAGHER,
GALLAGHERFENCEREELECO,Gallagher Fence Reel Econo,GALLAGHERFENCEREELECO,,EACH,,,48.5,,,https://cdn.shopify.com/s/files/1/0823/0961/1864/files/9003485-frontface-300Wx300H.jpg?v=1712576460,GALLAGHER,
GALLAGHERFENCEREELGEARED,Gallagher Fence Reel Geared,GALLAGHERFENCEREELGEARED,,EACH,,,74,,,https://cdn.shopify.com/s/files/1/0823/0961/1864/files/9003486-frontface-300Wx300H.jpg?v=1712576456,,
GALLAGHERFENCEREELS,Gallagher Fence Reel Small,GALLAGHERFENCEREELS,,EACH,,,18.5,,,https://cdn.shopify.com/s/files/1/0823/0961/1864/files/9003487-frontface-300Wx300H.jpg?v=1712576455,GALLAGHER,
GALLAGHERHORSEPOSTPLASTIC,Gallagher Horse Post Plastic 1.5m,GALLAGHERHORSEPOSTPLASTIC,,EACH,,,4.5,,,https://cdn.shopify.com/s/files/1/0823/0961/1864/files/9003312-frontface-300Wx300H.jpg?v=1712576468,GALLAGHER,
GALLAGHERM50ELECTRICFENCEENERGISER,Gallagher M50 Electric Fence Energiser,GALLAGHERM50ELECTRICFENCEENERGISER,,EACH,,,120,,,https://cdn.shopify.com/s/files/1/0823/0961/1864/files/9060180-frontface-300Wx300H.jpg?v=1712576476,GALLAGHER,
GALLAGHERMAINSFENCEM1400,Gallagher Mains Fence Energizer M1400,GALLAGHERMAINSFENCEM1400,,EACH,,,555,,,https://cdn.shopify.com/s/files/1/0823/0961/1864/files/9105865-frontface-300Wx300H.jpg?v=1712576475,GALLAGHER,
GALLAGHERMAINSFENCEM950,Gallagher Mains Fence Energizer M950,GALLAGHERMAINSFENCEM950,,EACH,,,400,,,https://cdn.shopify.com/s/files/1/0823/0961/1864/files/9105864-frontface-300Wx300H.jpg?v=1712576473,GALLAGHER,
GALLAGHERMAINSFENCEMASTERM120,Gallagher Mains Fencer Fence Master M120,GALLAGHERMAINSFENCEMASTERM120,,EACH,,,155,,,https://cdn.shopify.com/s/files/1/0823/0961/1864/files/9050893-frontface-300Wx300H-1.jpg?v=1712576480,GALLAGHER,
GALLAGHERMAINSFENCERM1000,Gallagher  Powerful M1000 Mains Fencer 9 Joule,GALLAGHERMAINSFENCERM1000,,EACH,,,495,,,https://cdn.shopify.com/s/files/1/0823/0961/1864/files/9086565-frontface-300Wx300H.jpg?v=1712576505,,
GALLAGHERMAINSFENCERM28001,Gallagher Mains Fencer M2800I (No Accs.),GALLAGHERMAINSFENCERM28001,,EACH,,,940,,,https://cdn.shopify.com/s/files/1/0823/0961/1864/files/9079311-frontface-300Wx300H-1.jpg?v=1712576482,GALLAGHER,
GALLAGHERMAINSFENCERM550,Gallagher M550 Mains Fencer (55 Acres),GALLAGHERMAINSFENCERM550,,EACH,,,310,,,https://cdn.shopify.com/s/files/1/0823/0961/1864/files/9105863-frontface-300Wx300H.jpg?v=1712576493,GALLAGHER,
GALLAGHERMAINSFENCERM700,New Gallagher Mains Fencer M700,GALLAGHERMAINSFENCERM700,,EACH,,,395,,,https://cdn.shopify.com/s/files/1/0823/0961/1864/files/9060178-frontface-300Wx300H.jpg?v=1712576494,,
GALLAGHERPADDOCKMASTER,New Gallagher Battery Fencer B20 Paddockmaster,GALLAGHERPADDOCKMASTER,,EACH,,,188,,,https://cdn.shopify.com/s/files/1/0823/0961/1864/files/9003044-frontface-300Wx300H.jpg?v=1712576501,,
GALLAGHERPIGTAIL10,Gallagher Pigtail Post 10pk,GALLAGHERPIGTAIL10,,EACH,,,36,,,https://cdn.shopify.com/s/files/1/0823/0961/1864/files/9109616-frontface-300Wx300H.jpg?v=1712576461,GALLAGHER,
GALLAGHERPOLYWIRE200M,Gallagher Polywire 200m 6 Strand,GALLAGHERPOLYWIRE200M,,EACH,,,15,,,https://cdn.shopify.com/s/files/1/0823/0961/1864/files/9003482-frontface-300Wx300H.jpg?v=1712576468,GALLAGHER,
GALLAGHERPOLYWIRE200M9STRAND,Gallagher Polywire 200m Super 9 Strand,GALLAGHERPOLYWIRE200M9STRAND,,EACH,,,28,,,https://cdn.shopify.com/s/files/1/0823/0961/1864/files/9003445-frontface-300Wx300H.jpg?v=1712576483,GALLAGHER,
GALLAGHERPOLYWIRE400M9STRAND,Gallagher Polywire 400m Super 9 Strand,GALLAGHERPOLYWIRE400M9STRAND,,EACH,,,48,,,https://cdn.shopify.com/s/files/1/0823/0961/1864/files/9003447-frontface-300Wx300H.jpg?v=1712576487,GALLAGHER,
GALLAGHERS200SOLARUNIT,Gallagher S200 Solar Unit,GALLAGHERS200SOLARUNIT,,EACH,,,755,,,https://cdn.shopify.com/s/files/1/0823/0961/1864/files/9121201-frontface-300Wx300H.jpg?v=1712576500,GALLAGHER,
GALLAGHERS40,Gallagher S60Li Lithium Solar Electric Fence Energiser - 3x Faster Charging,,,EACH,1.8,,393.17,,,https://cdn.shopify.com/s/files/1/0823/0961/1864/files/S4.webp?v=1757520310,,
GALLAGHERSMARTFENCE,Gallagher Powerful Smartfence 2.0,GALLAGHERSMARTFENCE,,EACH,,,390,,,https://cdn.shopify.com/s/files/1/0823/0961/1864/files/9117020-frontface-300Wx300H.jpg?v=1712576494,GALLAGHER,
GALLAGHERSOFTHANDLE,Gallagher Soft Touch Handle 4 Pack,GALLAGHERSOFTHANDLE,,EACH,,,20,,,https://cdn.shopify.com/s/files/1/0823/0961/1864/files/9060183-frontface-300Wx300H.jpg?v=1712576489,,
GALLAGHERSOLARFENCER,Gallagher Solar Fencer S40,GALLAGHERSOLARFENCER,,EACH,,,390,,,https://cdn.shopify.com/s/files/1/0823/0961/1864/files/9096180-frontface-300Wx300H.jpg?v=1712576467,GALLAGHER,
GALLAGHERSOLARFENCERS20,Gallagher S20 Solar Fencer,GALLAGHERSOLARFENCERS20,,EACH,,,260,,,https://cdn.shopify.com/s/files/1/0823/0961/1864/files/9117801-frontface-300Wx300H.jpg?v=1712576500,GALLAGHER,
GALLAGHERSOLARFENCERS400,Gallagher S400 Solar Fencer,GALLAGHERSOLARFENCERS400,,EACH,,,945,,,https://cdn.shopify.com/s/files/1/0823/0961/1864/files/9113230-frontface-300Wx300H.jpg?v=1712576499,,
GALLAGHERUNDERGROUNDCABLE100M,Gallagher Underground Cable 100m X 2.5mm,GALLAGHERUNDERGROUNDCABLE100M,,EACH,,,120,,,https://cdn.shopify.com/s/files/1/0823/0961/1864/files/9003499-frontface-300Wx300H.jpg?v=1712576488,GALLAGHER,
GASCANISTERBUDEX,Gas BUDDEX Refill Canister,GASCANISTERBUDEX,,EACH,,,7.99,,,https://cdn.shopify.com/s/files/1/0823/0961/1864/files/buddex_gas.jpg?v=1751461530,,
GLITTERSPRAYGOLD,Glitter Spray - Gold,GLITTERSPRAYGOLD,,EACH,,,7,,,https://cdn.shopify.com/s/files/1/0823/0961/1864/files/glitter.jpg?v=1712575717,,
GLITTERSPRAYSILVER,Glitter Spray - Silver,GLITTERSPRAYSILVER,,EACH,,,7,,,https://cdn.shopify.com/s/files/1/0823/0961/1864/files/glitter.jpg?v=1712575717,,
GLYCOLINE200litre,Glycoline 200 litre,,,EACH,,,1420,,,,PHARVET,
GOLDENUDDER,Golden Udder 600g,GOLDENUDDER,,EACH,,,30,,,https://cdn.shopify.com/s/files/1/0823/0961/1864/files/Golden-e1564149385285.jpg?v=1712576228,,
GOLDFLEECESHEEPDIP,Gold Fleece Sheep Dip 3L,GOLDFLEECESHEEPDIP,,EACH,,,320,,,https://cdn.shopify.com/s/files/1/0823/0961/1864/files/ie-goldfleece_600x600_0e2fd555-f1f6-46c4-8ccf-1032c9e3119c.png?v=1712576710,,
GOLDUDDERGEL600,Golden Udder Gel 600g,,,EACH,,,30,,,https://cdn.shopify.com/s/files/1/0823/0961/1864/files/OIP-1.jpg?v=1751461274,,
GPUGTRAININGHALTER,Sullivan's Training Halter - Gray-Purple-Green,,,EACH,,,19,,,https://cdn.shopify.com/s/files/1/0823/0961/1864/files/Screenshot-2023-09-25-103235.png?v=1751461311,SULLIVANS,
GREENBLACKTRAININGHALTER,Sullivan's Training Halter - Lime Green-Black,,,EACH,,,19,,,https://cdn.shopify.com/s/files/1/0823/0961/1864/files/Screenshot-2023-09-25-103235.png?v=1751461311,SULLIVANS,
GREENBLUEGRAYTRAININGHALTER,Sullivan's Training Halter - Green-Blue-Gray,,,EACH,,,19,,,https://cdn.shopify.com/s/files/1/0823/0961/1864/files/Screenshot-2023-09-25-103235.png?v=1751461311,SULLIVANS,
GREENPINKTRAININGHALTER,Sullivan's Training Halter - Lime Green-Pink,,,EACH,,,19,,,https://cdn.shopify.com/s/files/1/0823/0961/1864/files/Screenshot-2023-09-25-103235.png?v=1751461311,SULLIVANS,
GRIMEINATORSHAMPOO,Grimeinator Shampoo 3.8L,608283123951,,EACH,,,59,,,https://cdn.shopify.com/s/files/1/0823/0961/1864/files/grimeinator.jpg?v=1751461455,CHRISTIES,
GROOMINGADHESIVEB,Doc Brannens Grooming Adhesive Black,727775581045,,EACH,,,21,,,https://cdn.shopify.com/s/files/1/0823/0961/1864/files/20170404100154_black-grooming-adhesive.jpg?v=1751461429,SHOWTIME,
GROOMINGCADDYBAG,Grooming Caddy,50049914777,,EACH,,,22,,,https://cdn.shopify.com/s/files/1/0823/0961/1864/files/grooming_caddy.jpg?v=1751461443,SHOWTIME,
GURITESYRINGE,Canine Gut-Rite Syringe 15g,,,EACH,,,15,,,https://cdn.shopify.com/s/files/1/0823/0961/1864/files/gut-rite_syringe.png?v=1768568619,OSMONDS,
HAIRSAVIORSML,Sullivan's Hair Savior 946ml,852082000917,,EACH,,,42.6,,,https://cdn.shopify.com/s/files/1/0823/0961/1864/files/Hair-Savior-SMl.jpg?v=1751461374,SHOWTIME,
HAIRVOLUMIZER3785ML,Vita Hair Volumising Shampoo - 3.785L,,,EACH,,,35,,,https://cdn.shopify.com/s/files/1/0823/0961/1864/files/Untitled_design_48_3ab697af-60ff-45d8-86b6-c330a12d849e.png?v=1779285900,,
HAIRVOLUMIZER946ML,Vita Hair Volumising Shampoo - 946ml,HAIRVOLUMIZER946ML,,EACH,,,35,,,https://cdn.shopify.com/s/files/1/0823/0961/1864/files/Untitled_design_48_3ab697af-60ff-45d8-86b6-c330a12d849e.png?v=1779285900,SHOWTIME,
HARMSNOSELEADER,Harms Nose Leader,HARMSNOSELEADER,,EACH,,,13,,,https://cdn.shopify.com/s/files/1/0823/0961/1864/files/harms-bull-holder-001.webp?v=1721382998,,
HAYNET,Hay Net,HAYNET,,EACH,,,12,,,https://cdn.shopify.com/s/files/1/0823/0961/1864/files/3057.jpg?v=1712575601,,
HEADSTARTGARLICLICK20,Headstart Garlic Lick Bucket 20kg,HEADSTARTGARLICLICK20,,EACH,20,,25,,,https://cdn.shopify.com/s/files/1/0823/0961/1864/files/Headstart-Garlic-lick-400x400.png?v=1751461366,SHOWTIME,
HEINIGERBLADES,Clipper Blades Heiniger Blades - Xtra Clipper,HEINIGERBLADES,,EACH,,,48,,,https://cdn.shopify.com/s/files/1/0823/0961/1864/files/Sheep_Dagging_Blades__34414.1401634634.480.480.jpg?v=1712575775,,
HEINIGERBLADESSHATTLE,Heiniger Blades - Shattle Comb,HEINIGERBLADESSHATTLE,,EACH,,,52,,,https://cdn.shopify.com/s/files/1/0823/0961/1864/files/shattle.jpg?v=1751461486,MULLINAHONE,
HEINIGERXPERIECE,Heiniger Xperience Clipper,HEINIGERXPERIECE,,EACH,,,440,,,https://cdn.shopify.com/s/files/1/0823/0961/1864/files/Xperience_1a78e272-cf4f-4fe3-b021-1a4de7b6b334.jpg?v=1712576208,MULLINAHONE,
HEINIGERXPERT,Heiniger Xpert /Dirty Cattle Clipper,HEINIGERXPERT,,EACH,,,625,,,https://cdn.shopify.com/s/files/1/0823/0961/1864/files/Xpert.jpg?v=1751461356,MULLINAHONE,
HERBALSHAMPOO,Showtime Herbal Shampoo 4litre,,,EACH,,,26,,,https://cdn.shopify.com/s/files/1/0823/0961/1864/files/ShowTime-Herbal-1-299x324.jpg?v=1751461278,SHOWTIME,
HESSIAN,Hessian Sheep Blanket size large,HESSIAN,,EACH,,,20,,,https://cdn.shopify.com/s/files/1/0823/0961/1864/files/20110930091103_hessian_sheep_blanket.jpg?v=1712575781,,
HI SPEC GEN PURPOSE,HI SPEC GEN PURPOSE,,,EACH,,,16.75,,,,CARGILL,
HIATTS,Hiatts Nose Leader/Snaffle - 1 PC,,,EACH,,,16,,,https://cdn.shopify.com/s/files/1/0823/0961/1864/files/1300.jpg?v=1751461461,VETYCITY,
HIATTS03,Hiatts Nose Leader/Snaffle - 3 FOR 15.50 EACH,,,EACH,,,46.5,,,https://cdn.shopify.com/s/files/1/0823/0961/1864/files/1300.jpg?v=1751461461,VETYCITY,
HIATTSNOSELEADER5,Hiatts Nose Leader/Snaffle - 5 FOR 14.50 EACH,,,EACH,,,72.5,,,https://cdn.shopify.com/s/files/1/0823/0961/1864/files/1300.jpg?v=1751461461,VETYCITY,
HIGHENERGYSHEEPMINERAL,Agvance High Energy Seaboost Sheep Mineral Bucket - 1x - 20 kg,,,EACH,20,,30,,,https://cdn.shopify.com/s/files/1/0823/0961/1864/files/sheep_high_energy_seaboost_front.jpg?v=1751461328,UNIBLOCK,
HIGHENERGYSHEEPMINERAL-2,Agvance High Energy Seaboost Sheep Mineral Bucket - 5x - 20 kg,,,EACH,20,,145,,,https://cdn.shopify.com/s/files/1/0823/0961/1864/files/sheep_high_energy_seaboost_front.jpg?v=1751461328,UNIBLOCK,
HIGHENERGYSHEEPMINERAL10,Agvance High Energy Seaboost Sheep Mineral Bucket - 10x - 20 kg,,,EACH,20,,280,,,https://cdn.shopify.com/s/files/1/0823/0961/1864/files/sheep_high_energy_seaboost_front.jpg?v=1751461328,UNIBLOCK,
HIGHENERGYSHEEPMINERAL35kg,Agvance High Energy Seaboost Sheep Mineral Bucket - 35 kg,,,EACH,,,39.5,,,https://cdn.shopify.com/s/files/1/0904/2372/2370/files/sheep_high_energy_seaboost_front.jpg?v=1744283130,UNIBLOCK,
HIGHLOADMIRCAM,High Load Mircam 5litre Spray,HIGHLOADMIRCAM,,EACH,,,130,,,https://cdn.shopify.com/s/files/1/0823/0961/1864/files/high-load-mircam.jpg?v=1712576077,,
HIKOCALFTEAT,Hiko Calf teat,HIKOCALFTEAT,,EACH,,,3.5,,,https://cdn.shopify.com/s/files/1/0823/0961/1864/files/hiko_teat_with_cross.jpg?v=1751461264,AGRIHEALTH,
HIKORED,Hiko Red Lamb Teat,HIKORED,,EACH,,,3.5,,,https://cdn.shopify.com/s/files/1/0823/0961/1864/files/Red-e1620203897998.jpg?v=1751461336,MULLINAHONE,
HIMALAYANSALT250KG,HIMALAYAN SALT - 250KG,,,EACH,,,50,,,,HSI,
HIMALAYANSALT50KG-1,HIMALAYAN SALT - 50KG,,,EACH,,,50,,,,HSI,
HIMALAYANSALTLICK1.5-2KG,Himalayan Salt Licks with Rope - 1.5 - 2kg,HIMALAYANSALTLICK,,EACH,,1,5,,,https://cdn.shopify.com/s/files/1/0823/0961/1864/files/HIMA01.jpg?v=1751461297,HSI,
HIMALAYANSALTLICK2.5-3KG,Himalayan Salt Licks with Rope - 2.5 - 3.5kg,,,EACH,,,5.5,,,https://cdn.shopify.com/s/files/1/0823/0961/1864/files/HIMA01.jpg?v=1751461297,HSI,
HIMALAYANSALTLICKS,Himalayan Mineral Salt Licks 25KG,HIMALAYANSALTLICKS,,EACH,25,8,26,,,https://cdn.shopify.com/s/files/1/0823/0961/1864/files/Salt-1-2.jpg?v=1751461514,HSI,
HIMALAYASALT1200KG,Himalayan Rock Salt - 1200KG,HIMALAYASALT1200KG,,EACH,,,600,,,https://cdn.shopify.com/s/files/1/0823/0961/1864/files/unnamed-1.jpg?v=1751461260,HSI,
hindsplint,Calf Leg Splint - Hind,,,EACH,,,44.5,,,https://cdn.shopify.com/s/files/1/0823/0961/1864/files/C24222-main-530Wx530H.jpg?v=1751461285,AGRIHEALTH,
HISPECGEN25kg,25kg Hi Spec Gen Purpose,,,EACH,,,39,,,,CARGILL,
hkk,Hoof Knife Kit,hkk,,EACH,,,33,,,https://cdn.shopify.com/s/files/1/0823/0961/1864/files/hoof_knife_set.jpg?v=1712575283,,
HO-1000003,Agvance Nutrition Platinum Beef Powder 25kg Bag,HO-1000003,,EACH,,,45,,,https://cdn.shopify.com/s/files/1/0823/0961/1864/files/resized_ruminant_mineral_powder_1bb4d3f4-253f-4a34-9d18-fc0e3359c197.jpg?v=1751461257,BLF,
HO-1000007,Garlon Ultra 1 Litre Spray,HO-1000007,,EACH,,,72,,,https://cdn.shopify.com/s/files/1/0823/0961/1864/files/garlon-ultra001.jpg?v=1712576069,,
HO-1000008,Grazon Pro 1litre,HO-1000008,,EACH,,,79.99,,,https://cdn.shopify.com/s/files/1/0823/0961/1864/files/grazon_pro.jpg?v=1712575814,,
HO-1000011,Lamb Jackets 100's,HO-1000011,,EACH,,,46,,,https://cdn.shopify.com/s/files/1/0823/0961/1864/files/Lamb-jacket-e1582023326889.jpg?v=1712576259,,
HO-1000012,Stalosan F 15Kg,HO-1000012,,EACH,,,29,,,https://cdn.shopify.com/s/files/1/0823/0961/1864/files/stalason_1.png?v=1712575259,,
HO-1000024,Sturdy Feeder Replacement Tubes,HO-1000024,,EACH,,,22.7,,,,,
HO-1000025,Sturdy Feeder Replacement Non-Return Valve,HO-1000025,,EACH,,,6.51,,,https://cdn.shopify.com/s/files/1/0823/0961/1864/files/Surrogate-Feeder-Gallery-Image-2-1.jpg?v=1712576640,,
HO-1000026,Sheep Seaweed Mineral Bucket,HO-1000026,,EACH,20,,22,,,https://cdn.shopify.com/s/files/1/0823/0961/1864/files/eucalyptus-bucket_ac9d4efa-d248-4cba-89fe-e42db7f77955.png?v=1712576354,,
HO-1000028,Sturdy Feeder Replacement Element,HO-1000028,,EACH,,,107.5,,,https://cdn.shopify.com/s/files/1/0823/0961/1864/files/Surrogate-Feeder-Gallery-Image-2.jpg?v=1712576637,,
HO-1000057,Agvance Nutrition Platinum Precalver Mineral Powder 25kg,HO-1000057,,EACH,25,,50,,,https://cdn.shopify.com/s/files/1/0823/0961/1864/files/resized_ruminant_mineral_powder.jpg?v=1751461257,BLF,
HO-1000063,Shear Magic Battery Clipper W/ Spare Battery,,,EACH,,,320,,,https://cdn.shopify.com/s/files/1/0823/0961/1864/files/SHearMagicWeb2.png?v=1751461193,,
HO-1000080,BLAQ – Livestock Hair Dye Kit,HO-1000080,,EACH,,,40,,,https://cdn.shopify.com/s/files/1/0823/0961/1864/files/blaq-1-1.png?v=1751461227,SULLIVANS,
HO-1000095,Salt Bricks 8x4x2 Inch 4 Pack,,,EACH,2.268,,40,,,https://cdn.shopify.com/s/files/1/0823/0961/1864/files/saltbricks.jpg?v=1751461187,HSI,
HO-1000111,Ambic Teat Spray Gun,HO-1000111,,EACH,,,49,,,https://cdn.shopify.com/s/files/1/0823/0961/1864/files/ambic-teat-spray-gun.webp?v=1712576896,PDS,
HO-1000147,Topimec Pour-On (Ivermectin) - 2.5Ltrs,HO-1000147,,EACH,,,59,,,https://cdn.shopify.com/s/files/1/0823/0961/1864/files/topimec-po-0001.webp?v=1712576929,,
HO-1000148,Topimec Pour-On (Ivermectin) - 5Ltrs,HO-1000148,,EACH,,,98,,,https://cdn.shopify.com/s/files/1/0823/0961/1864/files/topimec-po-0001.webp?v=1712576929,,
HO-1000149,"Curafluke 10% (Rafoxanide, Fenbendazole) - 1Ltr",HO-1000149,,EACH,,,79,,,https://cdn.shopify.com/s/files/1/0823/0961/1864/files/curafluke.webp?v=1712576909,,
HO-1000151,"Curafluke 10% (Rafoxanide, Fenbendazole) - 2.5Ltrs",HO-1000151,,EACH,,,165,,,https://cdn.shopify.com/s/files/1/0823/0961/1864/files/curafluke.webp?v=1712576909,,
HO-1000152,"Curafluke 5% (Rafoxanide, Fenbendazole) - 1Ltr",HO-1000152,,EACH,,,45,,,https://cdn.shopify.com/s/files/1/0823/0961/1864/files/curafluke-101.webp?v=1712576910,,
HO-1000153,Fasinex 240 (Triclabendazole) - 2.2ltrs,HO-1000153,,EACH,,,240,,,https://cdn.shopify.com/s/files/1/0823/0961/1864/files/fasinex.webp?v=1712576912,,
HO-1000154,Fasinex 240 (Triclabendazole) - 5Ltrs,HO-1000154,,EACH,,,379,,,https://cdn.shopify.com/s/files/1/0823/0961/1864/files/fasinex.webp?v=1712576912,,
HO-1000155,Fasinex Sheep 2.2ltr (Triclabendazole),HO-1000155,,EACH,,,100,,,https://cdn.shopify.com/s/files/1/0823/0961/1864/files/3542AnimalHealthIrelandGuidetoLiverFluke-Copy2.jpg?v=1712576912,,
HO-1000156,Flukiver Oral Drench (Closantel) - 1Ltr,HO-1000156,,EACH,,,52,,,https://cdn.shopify.com/s/files/1/0823/0961/1864/files/flukiver-103.webp?v=1712576919,,
HO-1000157,Flukiver Oral Drench (Closantel) - 2.5Ltrs,HO-1000157,,EACH,,,96,,,https://cdn.shopify.com/s/files/1/0823/0961/1864/files/flukiver-103.webp?v=1712576919,,
HO-1000158,Fenbenor 2.5% (Fenbendazole) - 1Ltr,HO-1000158,,EACH,,,26,,,https://cdn.shopify.com/s/files/1/0823/0961/1864/files/febenor-101.webp?v=1712576919,,
HO-1000159,Fenbenor 2.5% (Fenbendazole) - 2.5Ltrs,HO-1000159,,EACH,,,49,,,https://cdn.shopify.com/s/files/1/0823/0961/1864/files/febenor-101.webp?v=1712576919,,
HO-1000160,Fenben 10 (Fenbendazole) - 1Ltr,HO-1000160,,EACH,,,49,,,https://cdn.shopify.com/s/files/1/0823/0961/1864/files/fenben-10.webp?v=1712576919,,
HO-1000161,Fenben 10 (Fenbendazole) - 2.5Ltrs,HO-1000161,,EACH,,,74,,,https://cdn.shopify.com/s/files/1/0823/0961/1864/files/fenben-10.webp?v=1712576919,,
HO-1000162,Fenben 10 (Fenbendazole) - 5Ltrs,HO-1000162,,EACH,,,115,,,https://cdn.shopify.com/s/files/1/0823/0961/1864/files/fenben-10.webp?v=1712576919,,
HO-1000164,Levacide Low-Volume Worm Drench 7.5% w/v - 2.5Ltrs,HO-1000164,,EACH,,,62,,,https://cdn.shopify.com/s/files/1/0823/0961/1864/files/levacide-low-volume.webp?v=1712576920,,
HO-1000165,Oxfencare (Oxfendazole) - 2.5Ltrs,HO-1000165,,EACH,,,33,,,https://cdn.shopify.com/s/files/1/0823/0961/1864/files/oxfencare-001.webp?v=1712576927,,
HO-1000166,Oxfencare (Oxfendazole) - 10Ltrs,HO-1000166,,EACH,,,33,,,https://cdn.shopify.com/s/files/1/0823/0961/1864/files/oxfencare-001.webp?v=1712576927,,
HO-1000167,"Topimec Super (Ivermectin, Clorsulan) - 250ml",HO-1000167,,EACH,,,60,,,https://cdn.shopify.com/s/files/1/0823/0961/1864/files/topimec-super-001.webp?v=1712576928,,
HO-1000168,"Topimec Super (Ivermectin, Clorsulan) - 500ml",HO-1000168,,EACH,,,109,,,https://cdn.shopify.com/s/files/1/0823/0961/1864/files/topimec-super-001.webp?v=1712576928,,
HO-1000169,Moxodex (moxidectin) - 1Ltr,HO-1000169,,EACH,,,35,,,https://cdn.shopify.com/s/files/1/0823/0961/1864/files/moxodex002.webp?v=1712576931,,
HO-1000170,Moxodex (moxidectin) - 2.5Ltrs,HO-1000170,,EACH,,,79,,,https://cdn.shopify.com/s/files/1/0823/0961/1864/files/moxodex002.webp?v=1712576931,,
HO-1000171,Tracesure Cattle XL with Copper 10's,HO-1000171,,EACH,,,130,,,https://cdn.shopify.com/s/files/1/0823/0961/1864/files/Cattle-XL-bolus_web.png?v=1712576935,ACRAVETLTD,
HO-1000172,Lamb Teats - Pull On,HO-1000172,,EACH,,,2,,,https://cdn.shopify.com/s/files/1/0823/0961/1864/files/teat-pull-on-101.webp?v=1751461222,AGRIHEALTH,
HO-1000173,Cheno Unction - 2kg,HO-1000173,,EACH,,,75,,,https://cdn.shopify.com/s/files/1/0823/0961/1864/files/cheno-unction.webp?v=1712576938,ACRAVETLTD,
HO-1000174,Cheno Unction - 400g,HO-1000174,,EACH,,,22.99,,,https://cdn.shopify.com/s/files/1/0823/0961/1864/files/cheno-unction.webp?v=1712576938,ACRAVETLTD,
HO-1000183,Drench-Mate Post-Calving Drench Powder 7.5kg (11 Feeds) - 7.5kg bucket (11 Feeds),HO-1000183,,EACH,7,,120,,,https://cdn.shopify.com/s/files/1/0823/0961/1864/files/drenchmate-drench-powder.png?v=1751461220,DRENCHMATE,
HO-1000202,Magic Topline Spray,506131803140,,EACH,,,20,,,https://cdn.shopify.com/s/files/1/0823/0961/1864/files/20240826083125.showtime-magic-topline-spray-high-res-002.jpg?v=1751461192,SHOWTIME,
HOBBLESNYLON&CHAIN,Nylon and Chain Hobble,HOBBLESNYLON&CHAIN,,EACH,,,26,,,https://cdn.shopify.com/s/files/1/0823/0961/1864/files/nylon_chain_hobble.jpg?v=1751461521,MULLINAHONE,
HOBBLESPADDEDNYLON,Nylon Hobble,HOBBLESPADDEDNYLON,,EACH,,,19,,,https://cdn.shopify.com/s/files/1/0823/0961/1864/files/nylon_hobble_1.jpg?v=1751461521,MULLINAHONE,
HOGGSKINGJACKETLARGE,Hoggs of Fife Green King Jacket - Large,,,EACH,,,90,,,https://cdn.shopify.com/s/files/1/0823/0961/1864/files/large_A033.jpg?v=1751461231,,
HOGGSKINGJACKETXLARGE,Hoggs of Fife Green King Jacket - X Large,,,EACH,,,90,,,https://cdn.shopify.com/s/files/1/0823/0961/1864/files/large_A033.jpg?v=1751461231,,
HOOFNIPPERNORDIC,Hoof Nipper,HOOFNIPPERNORDIC,,EACH,,,64.99,,,https://cdn.shopify.com/s/files/1/0823/0961/1864/files/nipper.jpg?v=1751461535,AGRIHEALTH,
HOOFOILBLACK,Gold label Hoof Oil - Black,HOOFOILBLACK,,EACH,,,9.5,,,https://cdn.shopify.com/s/files/1/0823/0961/1864/files/20160211101710_20150317172734_clear_hoof_varnish_7604f6c4-fb64-4bd6-ad9e-48a3178047ce.jpg?v=1751461275,SHOWTIME,
HOOFOILCLEAR,Gold label Hoof Oil - clear,HOOFOILCLEAR,,EACH,,,9.5,,,https://cdn.shopify.com/s/files/1/0823/0961/1864/files/20160211101710_20150317172734_clear_hoof_varnish_7604f6c4-fb64-4bd6-ad9e-48a3178047ce.jpg?v=1751461275,SHOWTIME,
HORNERRAZORCLIPPER,Horner Razor Clipper,HORNERRAZORCLIPPER,,EACH,,166.15,325,,,https://cdn.shopify.com/s/files/1/0823/0961/1864/files/cordless-shearing-machine-e1575627534514_ecd13383-aadd-4bdc-8a2d-ab01b37fd41e.jpg?v=1751461339,HORNERSHEARING,
HORNERZIPPERDIRTY,Horner Zipper Clipper II Dirty Head,HORNERZIPPERDIRTY,,EACH,,,280,,,https://cdn.shopify.com/s/files/1/0823/0961/1864/files/horner-zipper-clipper-dirty-head.jpg?v=1751461316,HORNERSHEARING,
HOSEERGOPROSINGLE,15FT SPARE HOSE FOR ERGO PRO SINGLE MOTOR DRYER,HOSEERGOPROSINGLE,,EACH,1,,70,,,https://cdn.shopify.com/s/files/1/0823/0961/1864/files/ERGOPROSPAREHOSESINGLEMOTOR.png?v=1751461155,,
HOWARDCARDINGCOMB,Howard No. 3 Sheep Card,HOWARDCARDINGCOMB,,EACH,,,60,,,https://cdn.shopify.com/s/files/1/0823/0961/1864/files/20110929193522_howard-no-3-cut-out_1dbaddfd-082a-40c5-b171-9f221043d5a9.jpg?v=1751461417,SHOWTIME,
HUSTLERSHOWSTICK,54″ 2 Piece Black Show Stick,HUSTLERSHOWSTICK,,EACH,,,70,,,https://cdn.shopify.com/s/files/1/0823/0961/1864/files/54B2-27.jpg?v=1721384377,,
HYDOR26LIVESTOCKFAN,"Hydor 26"" Livestock Fan",HYDOR26LIVESTOCKFAN,,EACH,,,250,,,https://cdn.shopify.com/s/files/1/0823/0961/1864/files/hydor-26ins-pedestal-fan.jpg?v=1712575506,SHOWTIME,
HYGEIAWINTER1GAL,Sheep Dip - Hygeia Winter Dip,HYGEIAWINTER1GAL,,EACH,,,160,,,https://cdn.shopify.com/s/files/1/0823/0961/1864/files/winter-e1559313333639.jpg?v=1751461348,,
HYPERCOATENHANCER,Hyper-Coat Enhancer / sho-glo,HYPERCOATENHANCER,,EACH,,,28,,,https://cdn.shopify.com/s/files/1/0823/0961/1864/files/20160211155317_20110927203934_hyper-coat-1-litre.jpg?v=1751461423,OSMONDS,
INDIVIDUALRING,INDIVIDUAL RING,,,EACH,,,8,,,,VETYCITY,
INFRACAGELAMPHOLDER,Infra Cage Lamp Holder,INFRACAGELAMPHOLDER,,EACH,,,55,,,https://cdn.shopify.com/s/files/1/0823/0961/1864/files/large_infrared_bulb_holder_0fb394a4.jpg?v=1751461381,AGRIHEALTH,
INTRAPASTE,Intrahoof Paste,,,EACH,0.332,,25.99,,,https://cdn.shopify.com/s/files/1/0823/0961/1864/files/Intra-Hoof-Fit-Gel-330Ml.jpg?v=1751461164,AGRIHEALTH,
IOWATRAININGHALTER,Sullivan's Training Halter - Kilkenny,,,EACH,,,19,,,https://cdn.shopify.com/s/files/1/0823/0961/1864/files/Screenshot-2023-09-25-103235.png?v=1751461311,SULLIVANS,
ISOPARKALADIESXL,Betacraft ISO940 Womens Overtrouser - X Large,ISOPARKALADIESXL,,EACH,,,171,,,https://cdn.shopify.com/s/files/1/0823/0961/1864/files/betacraft-iso940-overtrouser.jpg?v=1751461235,DAIRYSPARES,
ISOPRO20kg,Isopro 20kg,,,EACH,,,160,,,https://cdn.shopify.com/s/files/1/0823/0961/1864/files/Isopro.webp?v=1772020158,,
ISOTROUSERSLADIESL,Betacraft ISO940 Womens Overtrouser - Large,ISOTROUSERSLADIESL,,EACH,,,171,,,https://cdn.shopify.com/s/files/1/0823/0961/1864/files/betacraft-iso940-overtrouser.jpg?v=1751461235,DAIRYSPARES,
ISOTROUSERSLADIESM,Betacraft ISO940 Womens Overtrouser - Medium,ISOTROUSERSLADIESM,,EACH,,,171,,,https://cdn.shopify.com/s/files/1/0823/0961/1864/files/betacraft-iso940-overtrouser.jpg?v=1751461235,DAIRYSPARES,
ISOTROUSERSLADIESS,Betacraft ISO940 Womens Overtrouser - Small,ISOTROUSERSLADIESS,,EACH,,,171,,,https://cdn.shopify.com/s/files/1/0823/0961/1864/files/betacraft-iso940-overtrouser.jpg?v=1751461235,DAIRYSPARES,
IVOMECCLASSICINJ200ML,Ivomec Classic Injection for Cattle and Sheep,IVOMECCLASSICINJ200ML,,EACH,,,92,,,https://cdn.shopify.com/s/files/1/0823/0961/1864/files/ivomecclassicinjection.webp?v=1751461217,,
IVOMECCLASSICPOURON1L,Ivomec Classic Pour-on for Cattle and Sheep - 1L,IVOMECCLASSICPOURON1L,,EACH,,,49,,,https://cdn.shopify.com/s/files/1/0823/0961/1864/files/ivomecpouron.webp?v=1721215522,,
IVOMECCLASSICPOURON2.5,Ivomec Classic Pour-on for Cattle and Sheep - 2.5L,IVOMECCLASSICPOURON2.5,,EACH,,,97.99,,,https://cdn.shopify.com/s/files/1/0823/0961/1864/files/ivomecpouron.webp?v=1721215522,,
IVOMECSUPER200ML,Ivomec Super Injection for Cattle - 200ml,IVOMECSUPER200ML,,EACH,,,89.5,,,https://cdn.shopify.com/s/files/1/0823/0961/1864/files/1413365748_600x600_546e37d0-bf3d-40ed-9fcd-975152931431.jpg?v=1751461338,,
IVOMECSUPER500ML,Ivomec Super Injection for Cattle - 500ml,IVOMECSUPER500ML,,EACH,,,209.99,,,https://cdn.shopify.com/s/files/1/0823/0961/1864/files/1413365748_600x600_546e37d0-bf3d-40ed-9fcd-975152931431.jpg?v=1751461338,,
jaksh,Jakoti Shears,jaksh,,EACH,,,38,,,https://cdn.shopify.com/s/files/1/0823/0961/1864/files/jakoti_front2_1.jpg?v=1712575356,,
JEPSALUMSCRAPERHANDLE,Jeps Aluminium Scraper Handle,,,EACH,,,49.99,,,https://cdn.shopify.com/s/files/1/0823/0961/1864/files/0470433_1.webp?v=1751461163,STRADBALLYFSLTD,
JETBLACK1LTR,Jet Black Shine - 1 Litre,5061031800866,,EACH,,,17.6,,,https://cdn.shopify.com/s/files/1/0823/0961/1864/files/20160209105943_20160209105741_20150821095308_showtime-jet-black-1ltr-2.jpg?v=1751461436,SHOWTIME,
JETBLACK5LITRE,Jet Black Shine - 5 Litre,5061031800880,,EACH,,,68,,,https://cdn.shopify.com/s/files/1/0823/0961/1864/files/20160209105943_20160209105741_20150821095308_showtime-jet-black-1ltr-2.jpg?v=1751461436,SHOWTIME,
JETBLACKTOUCHUP1,Sullivan's Jet Black Touch-Up,JETBLACKTOUCHUP1,,EACH,,,19,,,https://cdn.shopify.com/s/files/1/0823/0961/1864/files/20240412160746.jet-black.jpg?v=1751461427,SHOWTIME,
JMSEDGEFIELD11WAX,Jack Murphy - Sedgefield II Wax Jacket,JMSEDGEFIELD11WAX,,EACH,,,185,,,https://cdn.shopify.com/s/files/1/0823/0961/1864/files/sedgefieldii_coffeecake_styling.jpg?v=1712575815,,
JOBSONSBISCUITBLOOM,Jobson Biscuit Bloom Powder,3120177,,EACH,,16.5,29.5,,,https://cdn.shopify.com/s/files/1/0823/0961/1864/files/PhotoRoom-20220810_085016-e1660118102206.png?v=1751461347,FANEVALLEY,
JUNIORSHOWKITBLACK,Junior Show Kit - Black,,,EACH,,,139.99,,,https://cdn.shopify.com/s/files/1/0823/0961/1864/files/ChatGPTImageDec9_2025_06_59_09PM.png?v=1765359846,SHOWTIME,
JUNIORSHOWKITCHAROWHITE,Junior Show Kit - Charo White,,,EACH,,,139.99,,,https://cdn.shopify.com/s/files/1/0823/0961/1864/files/ChatGPTImageDec9_2025_06_59_09PM.png?v=1765359846,SHOWTIME,
JUNIORSHOWKITCREAM,Junior Show Kit - Charo Cream,,,EACH,,,139.99,,,https://cdn.shopify.com/s/files/1/0823/0961/1864/files/ChatGPTImageDec9_2025_06_59_09PM.png?v=1765359846,SHOWTIME,
JUNIORSHOWKITLIMO,Junior Show Kit - Limousin,,,EACH,,,139.99,,,https://cdn.shopify.com/s/files/1/0823/0961/1864/files/ChatGPTImageDec9_2025_06_59_09PM.png?v=1765359846,SHOWTIME,
JUNIORSHOWKITLIMONDHEREFORD,Junior Show Kit - Dark Limousin & Hereford,,,EACH,,,139.99,,,https://cdn.shopify.com/s/files/1/0823/0961/1864/files/ChatGPTImageDec9_2025_06_59_09PM.png?v=1765359846,SHOWTIME,
JUNIORSHOWKITSOAPBAR,Junior Show Kit - 3 Glycerine Clear Soap Bars,,,EACH,,,139.99,,,https://cdn.shopify.com/s/files/1/0823/0961/1864/files/ChatGPTImageDec9_2025_06_59_09PM.png?v=1765359846,SHOWTIME,
JUNIORSHOWKITYELLOW,Junior Show Kit - Charo Yellow,,,EACH,,,139.99,,,https://cdn.shopify.com/s/files/1/0823/0961/1864/files/ChatGPTImageDec9_2025_06_59_09PM.png?v=1765359846,SHOWTIME,
KAOLINPOWDER1KG,Kaolin Powder 25kg - 1kg,KAOLINPOWDER1KG,,EACH,,,8.5,,,https://cdn.shopify.com/s/files/1/0823/0961/1864/files/kaolin-powder-25kg.jpg?v=1751461410,PHARVET,
KAOLINPOWDER25KG,Kaolin Powder 25kg - 25Kg,KAOLINPOWDER25KG,,EACH,,,75,,,https://cdn.shopify.com/s/files/1/0823/0961/1864/files/kaolin-powder-25kg.jpg?v=1751461410,PHARVET,
KETOVIT1L,Ketovit 1 Litre,KETOVIT1L,,EACH,,,17.1,,,https://cdn.shopify.com/s/files/1/0823/0961/1864/files/Untitled-design-20.png?v=1712576423,,
KIDSHOWCOATS-1,Kids Show Coat - 2-3 years,,,EACH,,,22,,,,CIGDEM,
KIDSHOWCOATS-2,Kids Show Coat - 4-5 years,,,EACH,,,22,,,,CIGDEM,
KIDSHOWCOATS-3,Kids Show Coat - 6-7 years,,,EACH,,,22,,,,CIGDEM,
KIDSHOWCOATS-4,Kids Show Coat - 8-9 years,,,EACH,,,22,,,,CIGDEM,
KIDSHOWCOATS-5,Kids Show Coat - 10-11 years,,,EACH,,,22,,,,CIGDEM,
KIDSHOWCOATS-6,Kids Show Coat - 12-13 years,,,EACH,,,22,,,,CIGDEM,
KLEENSHEEN1GAL,Sullivan's Kleen Sheen - 3.8L,KLEENSHEEN1GAL,,EACH,,,65,,,https://cdn.shopify.com/s/files/1/0823/0961/1864/files/20170303120658_ksq-1.jpg?v=1751461375,SHOWTIME,
LABUVETTEDOUBLE,La Buvette Double Drinker,LABUVETTEDOUBLE,,EACH,,,180,,,https://cdn.shopify.com/s/files/1/0823/0961/1864/files/la-buvette-drinker-double.jpg?v=1751461270,CONDON,
LABUVETTEDRINKERWITHGUARD,La Buvette Double Drinker With Guard,LABUVETTEDRINKERWITHGUARD,,EACH,,,195,,,https://cdn.shopify.com/s/files/1/0823/0961/1864/files/drinkers-la-buvette-double-bowl-860x455_02-1.jpg?v=1751461270,CONDON,
LACT,LacTek Automatic Lamb Feeder 40/60 lambs,LACT,,EACH,,,2950,,,https://cdn.shopify.com/s/files/1/0823/0961/1864/files/lac_tek_bambino_1.png?v=1751461510,BIOTIC,
LACTEKTEATS,Lactek Teats,,,EACH,,,5,,,https://cdn.shopify.com/s/files/1/0823/0961/1864/files/teats.png?v=1772616431,BIOTIC,
Lamb03,Cosy Lamb Jacket,Lamb03,,EACH,,,16,,,https://cdn.shopify.com/s/files/1/0823/0961/1864/files/cosy_lamb.jpg?v=1712575327,,
LAMBBOTTLE1L,Lamb Bottles 1 litre,5035300514303,,EACH,,,7.5,,,https://cdn.shopify.com/s/files/1/0823/0961/1864/files/lamb-feeding-bottle-1-litre.jpg?v=1751461305,AGRIHEALTH,
LAMBENERGISER,Natural Stockcare Lamb Energiser,LAMBENERGISER,,EACH,,,30,,,https://cdn.shopify.com/s/files/1/0823/0961/1864/files/lamb-energiser-250ml-500x500-1.webp?v=1712576526,,
LAMBESSENTIALKIT,Lambing Essentials Kit,,,EACH,,,92,,,https://cdn.shopify.com/s/files/1/0823/0961/1864/files/lambing-kit.png?v=1751461314,,
LAMBINGAID,Lambing Aid,4018653270257,,EACH,,,8,,,https://cdn.shopify.com/s/files/1/0823/0961/1864/files/Lamb-puller-e1548326031790.jpg?v=1751461354,MULLINAHONE,
LAMBRINGS100,Lamb Rings - 100,5035300550905,,EACH,,,4.99,,,https://cdn.shopify.com/s/files/1/0823/0961/1864/files/Lamb-Rings.jpg?v=1751461383,AGRIHEALTH,
LAMBRINGS500,Lamb Rings - 500,5053300551005,,EACH,,,17.99,,,https://cdn.shopify.com/s/files/1/0823/0961/1864/files/Lamb-Rings.jpg?v=1751461383,AGRIHEALTH,
LAMBSTOMACHFEEDER,Lamb Stomach Feeder,LAMBSTOMACHFEEDER,,EACH,,,6,,,https://cdn.shopify.com/s/files/1/0823/0961/1864/files/Stomach-tube.jpg?v=1751461355,AGRIHEALTH,
LAMBTEATRED,Lamb Teat Red for Bucket Bar,LAMBTEATRED,,EACH,,,2,,,https://cdn.shopify.com/s/files/1/0823/0961/1864/files/lamb-teat-red.png?v=1751461314,AGRIHEALTH,
LAMBWARMINGBOX,Lamb Warming Box,LAMBWARMINGBOX,,EACH,,,390,,,https://cdn.shopify.com/s/files/1/0823/0961/1864/files/Animal-Revival-Unit-Gallery-Image-1-e1582114883546.jpg?v=1712575323,,
LEAVEONHALTERLGE,Nylon Leave-on Halter - Adult,LEAVEONHALTERLGE,,EACH,,,27,,,https://cdn.shopify.com/s/files/1/0823/0961/1864/files/nylon-leave-on-halter.jpg?v=1751461467,SHOWTIME,
LEAVEONHALTERSML,Nylon Leave-on Halter - Calf,LEAVEONHALTERSML,,EACH,,,29.5,,,https://cdn.shopify.com/s/files/1/0823/0961/1864/files/nylon-leave-on-halter.jpg?v=1751461467,SHOWTIME,
Lepto,Leptavoid H - 50ml,Lepto,,EACH,,,69.99,,,https://cdn.shopify.com/s/files/1/0823/0961/1864/files/329-e1544441255447.jpg?v=1712576157,,
LEPTO2,Leptavoid H - 20ml,LEPTO2,,EACH,,,30,,,https://cdn.shopify.com/s/files/1/0823/0961/1864/files/329-e1544441255447.jpg?v=1712576157,,
LEVACIDEINJ,Levacide Injection 500ml,LEVACIDEINJ,,EACH,,,15.99,,,https://cdn.shopify.com/s/files/1/0823/0961/1864/files/000_3295.jpg?v=1712575169,,
LIFESAVERCOLOSTRUM,Lifesaver Colostrum 100gms,,,EACH,,,19,,,https://cdn.shopify.com/s/files/1/0823/0961/1864/files/lifesaver_colostrum_100g.png?v=1768569300,OSMONDS,
LIMMOSHINE1L,Limmo Shine - 1 Litre,5061031800002,,EACH,,,17.5,,,https://cdn.shopify.com/s/files/1/0823/0961/1864/files/Limmo_1.webp?v=1755607855,SHOWTIME,
LIMMOSHINEEXTRA5L,Limmoshine Extra 1l/5l - 5l,LIMMOSHINEEXTRA5L,,EACH,,,55,,,https://cdn.shopify.com/s/files/1/0823/0961/1864/files/20191212135931_limoshine-extra-1-ltr.jpg?v=1721724968,SHOWTIME,
LIQITRACE,LiquiTrace 25Litres,LIQITRACE,,EACH,,,85,,,https://cdn.shopify.com/s/files/1/0823/0961/1864/files/LiquiTrace-e1494506557775.png?v=1751461371,,
LIQUIDPARAFIN,Liquid Parafin (4.5 Litre),LIQUIDPARAFIN,,EACH,,,40,,,https://cdn.shopify.com/s/files/1/0823/0961/1864/files/liquid-parafin.jpg?v=1712576798,,
LIST3,Lister A2/AC Medium,641122000730,,EACH,,,50,,,https://cdn.shopify.com/s/files/1/0823/0961/1864/files/Lister-A2AC-Medium.jpg?v=1751461391,Lister,
LIST5,Lister Wizard 20 Tooth,LIST5,,EACH,,,72,,,https://cdn.shopify.com/s/files/1/0823/0961/1864/files/Lister-Wizard-20-Tooth.jpg?v=1751461390,Lister,
LISTB,Lister Carrier Bag,LISTB,,EACH,,,25,,,https://cdn.shopify.com/s/files/1/0823/0961/1864/files/Lister-Hold-All-Green-Closed.jpg?v=1712576007,Lister,
LISTERBLADESA2F/AC,Lister Clipping Blades A2F/AC,641122000747,,EACH,,,59.99,,,https://cdn.shopify.com/s/files/1/0823/0961/1864/files/messenset-a.webp?v=1751461289,Lister,
Listereclipse,Lister Eclipse Battery Clipper,641122006459,,EACH,,,485,,,https://cdn.shopify.com/s/files/1/0823/0961/1864/files/Lister-Eclipse-920x518-2.jpg?v=1712576668,Lister,
LISTERNOVA,Lister Nova with Flexible Driveshaft,LISTERNOVA,,EACH,,,1450,,,https://cdn.shopify.com/s/files/1/0823/0961/1864/files/Outback-Promo-Poster-_Lister_A4_vs7-pdf.jpg?v=1712576513,Lister,
LISTERPICO,Pico Trimmer,5037127023815,,EACH,,,18,,,https://cdn.shopify.com/s/files/1/0823/0961/1864/files/lister_pico-trimmer.jpg?v=1751461485,Lister,
LISTERSHEAR,Lister Fusion Shears,LISTERSHEAR,,EACH,,,475,,,https://cdn.shopify.com/s/files/1/0823/0961/1864/files/FUSION_BLUE_CMYK-5-scaled.jpg?v=1751461300,Lister,
lt1,Lister Libretto Trimmer,lt1,,EACH,,,190,,,https://cdn.shopify.com/s/files/1/0823/0961/1864/files/lister_libretto.jpg?v=1712575462,,
LUBIGEL5L,LUBIGEL 5 LITRE,LUBIGEL5L,,EACH,,,24,,,https://cdn.shopify.com/s/files/1/0823/0961/1864/files/Vet-Lubigel-Blue.jpg?v=1712576799,,
LUXOR001,Luxor Lx-1000 Single Motor Combination Dryer/Blaster With Heat,,,EACH,,,255.5,,,https://cdn.shopify.com/s/files/1/0823/0961/1864/files/drier.jpg?v=1765447164,CHRISTIES,
LX-DOUBLEDRYER,Luxor LX-2000 Double Motor Combination Dryer,,,EACH,,,470,,,https://cdn.shopify.com/s/files/1/0823/0961/1864/files/LuxorLX2000DoubleMotorBlasterWithHeat_815720_05_c926.jpg?v=1768923273,CHRISTIES,
MAGNESIUMCHLORIDE,Magnesium Chloride 25kg,,,EACH,,,25,,,,BLF,
MANANDBEASTTURBOCOLOSTRUM250G,Turbo Colostrum - 250g,MANANDBEASTTURBOCOLOSTRUM250G,,EACH,,,15,,,https://cdn.shopify.com/s/files/1/0823/0961/1864/files/Turbo-Colostrum-BOTH-s.webp?v=1712576771,,
MANANDBEASTTURBOCOLOSTRUM450G,Turbo Colostrum - 450g,MANANDBEASTTURBOCOLOSTRUM450G,,EACH,,,16,,,https://cdn.shopify.com/s/files/1/0823/0961/1864/files/Turbo-Colostrum-BOTH-s.webp?v=1712576771,,
MANANDBEASTTURBOCOLOSTRUM900G,Turbo Colostrum - 900g,MANANDBEASTTURBOCOLOSTRUM900G,,EACH,,,30,,,https://cdn.shopify.com/s/files/1/0823/0961/1864/files/Turbo-Colostrum-BOTH-s.webp?v=1712576771,,
MARKERSPRAYPURPLE,Coyle's Marker Spray 450ml - Purple,,,EACH,,,5.7,,,https://cdn.shopify.com/s/files/1/0823/0961/1864/files/coyles.webp?v=1751461214,,
MASTERBLASTER,Master Blaster Dryer,MASTERBLASTER,,EACH,,,610,,,https://cdn.shopify.com/s/files/1/0823/0961/1864/files/815520.png?v=1712575489,CHRISTIES,
MATINGCRAYONRED,Mating Mark Ram Crayon - Red,9421015580270,,EACH,,,5.75,,,https://cdn.shopify.com/s/files/1/0823/0961/1864/files/ram-crayon.png?v=1751461329,AGRIHEALTH,
MAYCILLIN,Maycillin 10's,MAYCILLIN,,EACH,,,155,,,https://cdn.shopify.com/s/files/1/0823/0961/1864/files/maycillin-e1564657374541.jpg?v=1751461345,MAYOHEALTHCARE,
McCulloch Calf Resuscitator,Mcculloch Calf Resuscitator,McCulloch Calf Resuscitator,,EACH,,,180,,,https://cdn.shopify.com/s/files/1/0823/0961/1864/files/Untitleddesign_29.png?v=1751461174,MULLINAHONE,
MEDSTANLEYMOBILECHEST,Medium Stanley Mobile Chest,MEDSTANLEYMOBILECHEST,,EACH,,,60,,,https://cdn.shopify.com/s/files/1/0823/0961/1864/files/stanley-toolchest.jpg?v=1712575678,,
MEGASHINE1LTR,Megashine Coat Dressing - 1 Litre,5061031800965,,EACH,,,17.5,,,https://cdn.shopify.com/s/files/1/0823/0961/1864/files/20220106141001.megashine_1ltr.hi-res_76b6335e-4dc9-40f0-9f78-b122f37a3ccd.jpg?v=1751461430,SHOWTIME,
MENSOVERTROUSERL,ISO940 MENS BIB OVERTROUSER BETACRAFT - Large,,,EACH,,,229,,,https://cdn.shopify.com/s/files/1/0823/0961/1864/files/9017_R.webp?v=1751461246,DAIRYSPARES,
MENSOVERTROUSERM,ISO940 MENS BIB OVERTROUSER BETACRAFT - Medium,,,EACH,,,229,,,https://cdn.shopify.com/s/files/1/0823/0961/1864/files/9017_R.webp?v=1751461246,DAIRYSPARES,
MENSOVERTROUSERSM,ISO940 MENS BIB OVERTROUSER BETACRAFT - Small,,,EACH,,,229,,,https://cdn.shopify.com/s/files/1/0823/0961/1864/files/9017_R.webp?v=1751461246,DAIRYSPARES,
MENSOVERTROUSERXL,ISO940 MENS BIB OVERTROUSER BETACRAFT - X Large,,,EACH,,,229,,,https://cdn.shopify.com/s/files/1/0823/0961/1864/files/9017_R.webp?v=1751461246,DAIRYSPARES,
MENSOVERTROUSERXXL,ISO940 MENS BIB OVERTROUSER BETACRAFT - XXLarge,,,EACH,,,229,,,https://cdn.shopify.com/s/files/1/0823/0961/1864/files/9017_R.webp?v=1751461246,DAIRYSPARES,
MENSOVERTROUSERXXXL,ISO940 MENS BIB OVERTROUSER BETACRAFT - XXXLarge,,,EACH,,,229,,,https://cdn.shopify.com/s/files/1/0823/0961/1864/files/9017_R.webp?v=1751461246,DAIRYSPARES,
MENSPARKBETAL,ISO940 MENS PARKA BETACRAFT - Large,,,EACH,,,306,,,https://cdn.shopify.com/s/files/1/0823/0961/1864/files/9014_R.webp?v=1751461248,DAIRYSPARES,
MENSPARKBETAM,ISO940 MENS PARKA BETACRAFT - Medium,,,EACH,,,306,,,https://cdn.shopify.com/s/files/1/0823/0961/1864/files/9014_R.webp?v=1751461248,DAIRYSPARES,
MENSPARKBETASM,ISO940 MENS PARKA BETACRAFT - Small,,,EACH,,,306,,,https://cdn.shopify.com/s/files/1/0823/0961/1864/files/9014_R.webp?v=1751461248,DAIRYSPARES,
MENSPARKBETAXL,ISO940 MENS PARKA BETACRAFT - X Large,,,EACH,,,306,,,https://cdn.shopify.com/s/files/1/0823/0961/1864/files/9014_R.webp?v=1751461248,DAIRYSPARES,
MENSPARKBETAXXL,ISO940 MENS PARKA BETACRAFT - XXLarge,,,EACH,,,306,,,https://cdn.shopify.com/s/files/1/0823/0961/1864/files/9014_R.webp?v=1751461248,DAIRYSPARES,
MENSPARKBETAXXXL,ISO940 MENS PARKA BETACRAFT - XXXLarge,,,EACH,,,306,,,https://cdn.shopify.com/s/files/1/0823/0961/1864/files/9014_R.webp?v=1751461248,DAIRYSPARES,
METALHOOFDISC,Metal Hoof Grinding Disc,3338020048007,,EACH,,,58,,,https://cdn.shopify.com/s/files/1/0823/0961/1864/files/metal-hoof-disc-4078.jpg?v=1751461535,AGRIHEALTH,
METALLATCHSTANLEY19,Metal Latch Stanley Show Box 19inch,3253561920660,,EACH,,,25.5,,,https://cdn.shopify.com/s/files/1/0823/0961/1864/files/metal_latch_stanley_box_1.jpg?v=1751461443,,
METALTRAININGHALTERLGE,Metal Training Halter - Large,METALTRAININGHALTERLGE,,EACH,,,70,,,https://cdn.shopify.com/s/files/1/0823/0961/1864/files/metal_t.jpg?v=1751461488,EFSERVICES,
METALTRAININGHALTERSML,Metal Training Halter - Small,METALTRAININGHALTERSML,,EACH,,,70,,,https://cdn.shopify.com/s/files/1/0823/0961/1864/files/metal_t.jpg?v=1751461488,EFSERVICES,
METROBLASTER,Metro Blaster Blower/Dryer,METROBLASTER,,EACH,,349.4,470,,,https://cdn.shopify.com/s/files/1/0823/0961/1864/files/815510.png?v=1751461477,CHRISTIES,
MG5KGPLU,5kg Milk Guard Bucket With C-Guard For Automatic Machines,,,EACH,,,95,,,https://cdn.shopify.com/s/files/1/0823/0961/1864/files/9093065-frontface-1200Wx1200H.webp?v=1768394304,INFORMLTD,
MIGHTYMAC,Nasco's Mighty Mac Cover Spray,MIGHTYMAC,,EACH,,,16,,,https://cdn.shopify.com/s/files/1/0823/0961/1864/files/C32030-main-530Wx530H.jpg?v=1751461265,SULLIVANS,
MILKBAR20TEAT,MilkBar 20 Teat Freestanding Grey Calf Feeder,,,EACH,,,270,,,https://cdn.shopify.com/s/files/1/0823/0961/1864/files/images_f2f095f0-342e-4e47-a821-5136c5a5e99b.jpg?v=1751461158,GALLAGHER,
milkbar50teat,Milkbar 50 teat Feeder Mobile,milkbar50teat,,EACH,,,3890,,,https://cdn.shopify.com/s/files/1/0823/0961/1864/files/0794098-e3a16e7faa135a8df6547097ea648a70-1_800x800-1.jpg?v=1712576406,,
MILKBAR5TEATCOMPARTMENTFEEDER,New Milk Bar 5 Teat compartment feeder,MILKBAR5TEATCOMPARTMENTFEEDER,,EACH,,,135,,,https://cdn.shopify.com/s/files/1/0823/0961/1864/files/5c359c8b2cd_4210037_1_large_800x800_300c6aed-27e2-4c28-8fbb-91927742854f.jpg?v=1751461301,GALLAGHER,
MILKBARTEATGREYFEEDER,MilkBar 10 Teat Grey Calf Feeder,,,EACH,,,179,,,,,
MILKFILTERSOCKS10.5,Milk Filter Sock - 10.5 x 2.75 300's,MILKFILTERSOCKS10.5,,EACH,,,12.5,,,https://cdn.shopify.com/s/files/1/0823/0961/1864/files/milk-filter.jpg?v=1751461283,,
MILKFILTERSOCKS12,Milk Filter Sock - 12 x 2.25 100's,MILKFILTERSOCKS12,,EACH,,,10,,,https://cdn.shopify.com/s/files/1/0823/0961/1864/files/milk-filter.jpg?v=1751461283,,
MILKFILTERSOCKS17,Milk Filter Sock - 17 x 3 100's,MILKFILTERSOCKS17,,EACH,,,25,,,https://cdn.shopify.com/s/files/1/0823/0961/1864/files/milk-filter.jpg?v=1751461283,,
MILKFILTERSOCKS24,Milk Filter Sock - 24 x 2.25 300's,MILKFILTERSOCKS24,,EACH,,,70,,,https://cdn.shopify.com/s/files/1/0823/0961/1864/files/milk-filter.jpg?v=1751461283,,
MILKFILTERSOCKS26,Milk Filter Sock - 26 x 3 100's,MILKFILTERSOCKS26,,EACH,,,35,,,https://cdn.shopify.com/s/files/1/0823/0961/1864/files/milk-filter.jpg?v=1751461283,,
MILKINGAPRON,Disposable Gown Pack Of 20,5703188030818,,EACH,,,45,,,https://cdn.shopify.com/s/files/1/0823/0961/1864/files/0015143_dispoable-pullover-coat-green.jpg?v=1751461277,AGRIHEALTH,
MILKSHAKE,Milk Shake  7kg,MILKSHAKE,,EACH,,,68,,,https://cdn.shopify.com/s/files/1/0823/0961/1864/files/5fff21b8764_0410010_1_large_992ccb66-04bc-4f2e-8071-1699504af566.jpg?v=1751461409,,
MILKSHAKE500G,Milkshake Power Colostrum - 500g,,,EACH,,,25,,,https://cdn.shopify.com/s/files/1/0823/0961/1864/files/Power--e1547809974598.png?v=1751461356,INFORMLTD,
MINICIRCUITEER,Mini Circuiteer Dryer/Blower,MINICIRCUITEER,,EACH,,,515,,,https://cdn.shopify.com/s/files/1/0823/0961/1864/files/mini-circ.png?v=1751461307,SHOWTIME,
MiniMilker,Cow mini milker,,,EACH,,,424.42,,,,,
mlsb1,Metal Latch Stanley Box 16â€,mlsb1,,EACH,,,18,,,https://cdn.shopify.com/s/files/1/0823/0961/1864/files/metal_latch_stanley_box.jpg?v=1712575670,,
MOLASSES1000LITRE,Organic Molasses,MOLASSES1000LITRE,,EACH,,,1250,,,https://cdn.shopify.com/s/files/1/0823/0961/1864/files/IBC.jpg?v=1751461236,ED&FMAN,
MOLASSESFEEDER,Molasses Feeder,MOLASSESFEEDER,,EACH,,,160,,,https://cdn.shopify.com/s/files/1/0823/0961/1864/files/WhatsAppImage2025-09-17at8.36.33PM.jpg?v=1758124947,SFSPLASTIC,
MOOCALL,Moocall,MOOCALL,,EACH,,,329,,,https://cdn.shopify.com/s/files/1/0823/0961/1864/files/Moocall.jpg?v=1712575863,MOOCALL,
MOSSERACROBLADES,Moser Arco Blade,MOSSERACROBLADES,,EACH,,,59.99,,,https://cdn.shopify.com/s/files/1/0823/0961/1864/files/WahlArcoBravuraCreativaBlade_804102_01_d554_jpg.webp?v=1751461487,Lister,
MULLNITRILEGLOVESL,Mullinahone Nitrile Milking Gloves - Large,MULLNITRILEGLOVESL,,EACH,,,13,,,https://cdn.shopify.com/s/files/1/0823/0961/1864/files/Untitleddesign_46.png?v=1764867651,MULLINAHONE,
MULLNITRILEGLOVESMED,Mullinahone Nitrile Milking Gloves - Medium,MULLNITRILEGLOVESMED,,EACH,,,13,,,https://cdn.shopify.com/s/files/1/0823/0961/1864/files/Untitleddesign_46.png?v=1764867651,MULLINAHONE,
MULLNITRILEGLOVESS,Mullinahone Nitrile Milking Gloves - Small,MULLNITRILEGLOVESS,,EACH,,,13,,,https://cdn.shopify.com/s/files/1/0823/0961/1864/files/Untitleddesign_46.png?v=1764867651,MULLINAHONE,
MULLNITRILEGLOVESXL,Mullinahone Nitrile Milking Gloves - X Large,MULLNITRILEGLOVESXL,,EACH,,,13,,,https://cdn.shopify.com/s/files/1/0823/0961/1864/files/Untitleddesign_46.png?v=1764867651,MULLINAHONE,
MULTIPLEFEEDERLACTEK,Start Kit Legrain N°2 (Lactek),,,EACH,,,95,,,https://cdn.shopify.com/s/files/1/0823/0961/1864/files/multifeeder-for-lambs.jpg?v=1751461154,RABITA,
MUSCLEMASTER25,Osmonds Muscle Master - 25kg,MUSCLEMASTER25,,EACH,,,396,,,https://cdn.shopify.com/s/files/1/0823/0961/1864/files/5c35a75d9f7_30270009_1_large_755e86ee-5676-42ef-9374-565357f4c2d3.jpg?v=1751461472,OSMONDS,
MUSCLEMASTER5,Osmonds Muscle Master - 5kg,MUSCLEMASTER5,,EACH,,,79,,,https://cdn.shopify.com/s/files/1/0823/0961/1864/files/5c35a75d9f7_30270009_1_large_755e86ee-5676-42ef-9374-565357f4c2d3.jpg?v=1751461472,OSMONDS,
MUSCLEMASTER5L,Muscle Master Liquid,MUSCLEMASTER5L,,EACH,,,80,,,,OSMONDS,
MUSCLERIGHT1L,Muscleright Cattle - 1 Litre,MUSCLERIGHT1L,,EACH,,,90,,,https://cdn.shopify.com/s/files/1/0823/0961/1864/files/natural-nutrition-muscleright-300x300.jpg?v=1712576085,,
MUSCLERIGHT2.5L,Muscleright Cattle - 2.5Litre,MUSCLERIGHT2.5L,,EACH,,,200,,,https://cdn.shopify.com/s/files/1/0823/0961/1864/files/natural-nutrition-muscleright-300x300.jpg?v=1712576085,,
mwj1,Jack Murphy - Martin Wax Jacket,mwj1,,EACH,,,199.99,,,https://cdn.shopify.com/s/files/1/0823/0961/1864/files/rt_martin_79_rgb.jpg?v=1712575816,,
NATURALCOTTON12C,Natural Cotton Working Halters - 12mmw/r,NATURALCOTTON12C,,EACH,,,7.5,,,https://cdn.shopify.com/s/files/1/0823/0961/1864/files/nat_8mm-nat-cut-out.jpg?v=1712575540,SHOWTIME,
NATURALCOTTON12W,Natural Cotton Working Halters - 12mm,NATURALCOTTON12W,,EACH,,,7.2,,,https://cdn.shopify.com/s/files/1/0823/0961/1864/files/nat_8mm-nat-cut-out.jpg?v=1712575540,SHOWTIME,
NATURALCOTTON16C,Natural Cotton Working Halters - 16mmw/r,NATURALCOTTON16C,,EACH,,,12,,,https://cdn.shopify.com/s/files/1/0823/0961/1864/files/nat_8mm-nat-cut-out.jpg?v=1712575540,SHOWTIME,
NATURALCOTTON8MM,Cotton Show Halters - 8mm / Natural White,NATURALCOTTON8MM,,EACH,,,12,,,https://cdn.shopify.com/s/files/1/0823/0961/1864/files/cotton-halters-range.png?v=1751461468,SHOWTIME,
NATURALLEATHERHALTERFLATL,Natural Leather Halter Flat Strap - Bull/Cow,NATURALLEATHERHALTERFLATL,,EACH,,,70,,,https://cdn.shopify.com/s/files/1/0823/0961/1864/files/natrual_leather_halter_rolled_1_a1b4294f-a839-4624-968a-8410e5f3d9f4.jpg?v=1751461349,,
NATURALLEATHERHALTERFLATM,Natural Leather Halter Flat Strap - Young Bull/Heifer,NATURALLEATHERHALTERFLATM,,EACH,,,70,,,https://cdn.shopify.com/s/files/1/0823/0961/1864/files/natrual_leather_halter_rolled_1_a1b4294f-a839-4624-968a-8410e5f3d9f4.jpg?v=1751461349,,
NATURALLEATHERHALTERFLATS,Natural Leather Halter Flat Strap - Calf,NATURALLEATHERHALTERFLATS,,EACH,,,70,,,https://cdn.shopify.com/s/files/1/0823/0961/1864/files/natrual_leather_halter_rolled_1_a1b4294f-a839-4624-968a-8410e5f3d9f4.jpg?v=1751461349,,
NATURALSCALLSTOCK1L,Natural Stockcare Allstock Energy Tonic 1litre,NATURALSCALLSTOCK1L,,EACH,,,50,,,https://cdn.shopify.com/s/files/1/0823/0961/1864/files/ALLStock.jpg?v=1712576186,,
NATURALSTOCKCAREAQUALAMB,Natural Stockcare Aqua Lamb - 100ml,NATURALSTOCKCAREAQUALAMB,,EACH,,,18,,,https://cdn.shopify.com/s/files/1/0823/0961/1864/files/Untitled-design-21.png?v=1751461352,AGRIHEALTH,
NATURALSTOCKCAREEWEBOOST,Natural Stockcare Ewe Booster 500ml,NATURALSTOCKCAREEWEBOOST,,EACH,,,17,,,https://cdn.shopify.com/s/files/1/0823/0961/1864/files/Ewe-e1551358291197.jpg?v=1712576189,,
NEEDLE16X1LE,Krusse Leur Lock Needles  16Gx1 - 16G x 1/2,NEEDLE16X1LE,,EACH,,,6.5,,,https://cdn.shopify.com/s/files/1/0823/0961/1864/files/Krusse-Leur-Lock-Needles-16Gx1.jpg?v=1712575883,,
NEOSOREXA3KG,Neosorexa Rat Poison Gold Ratpacks 3kg,NEOSOREXA3KG,,EACH,,,34,,,https://cdn.shopify.com/s/files/1/0823/0961/1864/files/Neosorexa_3kg__62890.1410452360.1280.1280.jpg?v=1712575965,,
NEOSOREXABAITBLOCKS2.5KG,Neosorexa Rat Poison Bait Blocks - 2.5kg,NEOSOREXABAITBLOCKS2.5KG,,EACH,,,90,,,https://cdn.shopify.com/s/files/1/0823/0961/1864/files/bait-block.jpg?v=1712576574,,
NEOSOREXAPACKS5KG,Neosorexa Rat Poison Gold Ratpacks 5kg,NEOSOREXAPACKS5KG,,EACH,,,34,,,https://cdn.shopify.com/s/files/1/0823/0961/1864/files/Neosorexa-Gold-Ratpacks-5kg.jpg?v=1712575963,,
NEOSOREXARATBAIT10KG,Neosorexa  Rat Poison Gold Rat Bait 10kg,NEOSOREXARATBAIT10KG,,EACH,,,95,,,https://cdn.shopify.com/s/files/1/0823/0961/1864/files/Neosorexa-10kg-grain-600x570.jpg?v=1712575958,,
NEOSOREXBAITBLOCKS10KG,Neosorexa Rat Poison Bait Blocks - 10kg,NEOSOREXBAITBLOCKS10KG,,EACH,,,90,,,https://cdn.shopify.com/s/files/1/0823/0961/1864/files/bait-block.jpg?v=1712576574,,
NETTEXIODINE8.8500ML,Nettex Strong Iodine Extra Solution - 500ml Spray,NETTEXIODINE8.8500ML,,EACH,0.5,,24,,,https://cdn.shopify.com/s/files/1/0823/0961/1864/files/thumbnail_Strong_iodine_group_21_Irish_Black.png?v=1751461337,AGRIHEALTH,
NETTEXIODINE8.85L,Nettex Strong Iodine Extra Solution - 5Ltrs,NETTEXIODINE8.85L,,EACH,5,,115,,,https://cdn.shopify.com/s/files/1/0823/0961/1864/files/thumbnail_Strong_iodine_group_21_Irish_Black.png?v=1751461337,AGRIHEALTH,
NITRILEGLOVELGE,Nitrile Milking Gloves (10 Boxes of 100 Gloves) - Large,NITRILEGLOVELGE,,EACH,,,220,,,https://cdn.shopify.com/s/files/1/0823/0961/1864/files/20211013_093858-scaled.jpg?v=1751461322,,
NITRILEGLOVEMED,Nitrile Milking Gloves (10 Boxes of 100 Gloves) - Medium,NITRILEGLOVEMED,,EACH,,,220,,,https://cdn.shopify.com/s/files/1/0823/0961/1864/files/20211013_093858-scaled.jpg?v=1751461322,,
NITRILEGLOVESML,Nitrile Milking Gloves (10 Boxes of 100 Gloves) - Small,NITRILEGLOVESML,,EACH,,,220,,,https://cdn.shopify.com/s/files/1/0823/0961/1864/files/20211013_093858-scaled.jpg?v=1751461322,,
NITRILEGLOVESXL,Nitrile Milking Gloves (10 Boxes of 100 Gloves) - X Large,NITRILEGLOVESXL,,EACH,,,220,,,https://cdn.shopify.com/s/files/1/0823/0961/1864/files/20211013_093858-scaled.jpg?v=1751461322,,
nlhfs1,Cow Halter Natural Leather Halter Flat Strap,nlhfs1,,EACH,,,70,,,https://cdn.shopify.com/s/files/1/0823/0961/1864/files/natrual_leather_halter_rolled_1.jpg?v=1712575558,SHOWTIME,
NOROMECTIN1L,Noromectin Pour On 1 Litre (Cattle),,,EACH,,,40,,,https://cdn.shopify.com/s/files/1/0823/0961/1864/files/noromectin1l.webp?v=1753083785,,
NOROMECTINSHEEP5L,Noromectin Sheep Drench 5l,NOROMECTINSHEEP5L,,EACH,,,75,,,,,
NOZZLE,Circuiteer 2 Blow Drier Nozzle,NOZZLE,,EACH,,,30,,,https://cdn.shopify.com/s/files/1/0823/0961/1864/files/34311-1_grande_dac3936b-f983-48cc-ae69-32cf3d1f6247.webp?v=1751461267,SHOWTIME,
NSCBIOBALANCE10L,Bio Balance Natural Stock Care - 10 Litres,NSCBIOBALANCE10L,,EACH,,,179,,,https://cdn.shopify.com/s/files/1/0823/0961/1864/files/bio-balance.webp?v=1712576951,AGRIHEALTH,
NSCBIOBALANCE1L,Bio Balance Natural Stock Care - 1 Litre,NSCBIOBALANCE1L,,EACH,,,35,,,https://cdn.shopify.com/s/files/1/0823/0961/1864/files/bio-balance.webp?v=1712576951,AGRIHEALTH,
NUTRIBOOST,Nutriboost 125ml,,,EACH,,,22,,,https://cdn.shopify.com/s/files/1/0823/0961/1864/files/nutriboost.png?v=1768568844,OSMONDS,
NXA0650FG00650,Lamb Kick Start,5035104006509,,EACH,,,27.99,,,https://cdn.shopify.com/s/files/1/0823/0961/1864/files/Lamb-Kickstart_RGB.jpg?v=1751461378,AGRIHEALTH,
NYLONNECKSTRAP1.5M,Nylon Neck Strap - 1.5m,NYLONNECKSTRAP1.5M,,EACH,,,34,,,https://cdn.shopify.com/s/files/1/0823/0961/1864/files/nyl.jpg?v=1758207598,SHOWTIME,
NYLONNECKSTRAP1.7M,Nylon Neck Strap - 1.7m,NYLONNECKSTRAP1.7M,,EACH,,,44,,,https://cdn.shopify.com/s/files/1/0823/0961/1864/files/nyl.jpg?v=1758207598,SHOWTIME,
ONOFTOGGLESWITCH,Blower On/Off Switch (Circuiteer II),ONOFTOGGLESWITCH,,EACH,,13,25,,,https://cdn.shopify.com/s/files/1/0823/0961/1864/files/0069.jpg?v=1751461475,SHOWTIME,402
OPTTRAININGHALTER,Sullivan's Training Halter - Orange-Pink-Teal,,,EACH,,,19,,,https://cdn.shopify.com/s/files/1/0823/0961/1864/files/Screenshot-2023-09-25-103235.png?v=1751461311,SULLIVANS,
ORANGEFLUTTER,Orange Flutter Valve,ORANGEFLUTTER,,EACH,,,19.99,,,https://cdn.shopify.com/s/files/1/0823/0961/1864/files/flutter.jpg?v=1751461286,,
ORELYTECAPSULE,Ore Lyte Capsule,ORELYTECAPSULE,,EACH,,,58,,,https://cdn.shopify.com/s/files/1/0823/0961/1864/files/ore_lyte_panel.jpg?v=1712575239,ARKANIMALCARE,
ORGANICMOLASSES1000LITRES,Organic Molasses 1000 Litres (IBC and delivery included),ORGANICMOLASSES1000LITRES,,EACH,,,1250,,,https://cdn.shopify.com/s/files/1/0823/0961/1864/files/IBC.jpg?v=1751461236,ED&FMAN,
ORLDENFOX,Orl Den Fox Repellent,ORLDENFOX,,EACH,,,28,,,https://cdn.shopify.com/s/files/1/0823/0961/1864/files/OrlDen-Fox-Repellent-Oil-for-Lambs.jpg?v=1712575833,ACRAVETLTD,
OSMONDSCALFCOLOSTRUM1KG,Osmonds Premium Brand Calf Colostrum Supplement 1kg,,,EACH,,,100,,,https://cdn.shopify.com/s/files/1/0823/0961/1864/files/premium_calf_colostrum_bottle_200g.png?v=1769094800,OSMONDS,
OSMONDSCODLIVIT25kg,Osmonds Codlivit - 25kg,,,EACH,,,95,,,https://cdn.shopify.com/s/files/1/0823/0961/1864/files/codlivit.jpg?v=1751461506,OSMONDS,
OSMONDSCODLIVIT5kg,Osmonds Codlivit - 5kg,,,EACH,,,39.5,,,https://cdn.shopify.com/s/files/1/0823/0961/1864/files/codlivit.jpg?v=1751461506,OSMONDS,
OSMONDSDEODOUR,Osmonds De-Odour 500ml,,,EACH,,,13,,,https://cdn.shopify.com/s/files/1/0823/0961/1864/files/de-odour_500ml.png?v=1768568405,OSMONDS,
OSMONDSVITPASTE,"Osmonds Alpaca & Llama Vitamin A, D3, E & B12 Paste",,,EACH,,,18,,,https://cdn.shopify.com/s/files/1/0823/0961/1864/files/vitamin_paste.png?v=1764248595,OSMONDS,
OSMONDTHRIVIT1L,Osmonds Thrivit with Copper Drench for Sheep & Cattle - 1 Litre,,,EACH,,,55,,,https://cdn.shopify.com/s/files/1/0823/0961/1864/files/thrivit_copper_1l.png?v=1751461142,OSMONDS,
OSMONDTHRIVIT5L,Osmonds Thrivit with Copper Drench for Sheep & Cattle - 5 Litres,,,EACH,,,200,,,https://cdn.shopify.com/s/files/1/0823/0961/1864/files/thrivit_copper_1l.png?v=1751461142,OSMONDS,
OSTER10,Oster A5 Blade Range - 10,,,EACH,,,41.5,,,https://cdn.shopify.com/s/files/1/0823/0961/1864/files/Clipper-Blade-Sets.jpg?v=1751461822,,
OSTER15,Oster A5 Blade Range - 15,,,EACH,,,32.95,,,https://cdn.shopify.com/s/files/1/0823/0961/1864/files/Clipper-Blade-Sets.jpg?v=1751461822,,
OSTER30,Oster A5 Blade Range - 30,,,EACH,,,32.95,,,https://cdn.shopify.com/s/files/1/0823/0961/1864/files/Clipper-Blade-Sets.jpg?v=1751461822,,
OSTER40,Oster A5 Blade Range - 40,,,EACH,,,41.5,,,https://cdn.shopify.com/s/files/1/0823/0961/1864/files/Clipper-Blade-Sets.jpg?v=1751461822,,
OSTER50,Oster A5 Blade Range - 50,,,EACH,,22.79,32.95,,,https://cdn.shopify.com/s/files/1/0823/0961/1864/files/Clipper-Blade-Sets.jpg?v=1751461822,CHRISTIES,
OUTCAST,Outcast Adhesive Remover,5061031803058,,EACH,,,11,,,https://cdn.shopify.com/s/files/1/0823/0961/1864/files/20160209110627_outcast.jpg?v=1751461434,SHOWTIME,
PASSIONYELLOW20X35,Passion Oxygen Barrier Film - 20x35m,,,EACH,,,420,,,https://cdn.shopify.com/s/files/1/0823/0961/1864/files/oxygen_barrier_passion_yellow.jpg?v=1751461144,PASSION,
PEACHTEATSFORMILKBAR,Peach Teat Threaded,PEACHTEATSFORMILKBAR,,EACH,,4.5,4.5,,,https://cdn.shopify.com/s/files/1/0823/0961/1864/files/Peach-Teat-Threaded.jpg?v=1751461407,SHOWTIME,
PERTHPINCOMB5,Perth Pin Comb,91188441255281,,EACH,,,16,,,https://cdn.shopify.com/s/files/1/0823/0961/1864/files/0615.jpg?v=1751461504,MULLINAHONE,
PHARCALD3CALCIUMBOLUS-1,PharCal + D3 Calcium Bolus - 1,,,EACH,,,7.5,,,https://cdn.shopify.com/s/files/1/0823/0961/1864/files/pharcal___d3.png?v=1751461161,PHARVET,
PHARCALD3CALCIUMBOLUS-2,PharCal + D3 Calcium Bolus - 25 (€7 each),,,EACH,,,175,,,https://cdn.shopify.com/s/files/1/0823/0961/1864/files/pharcal___d3.png?v=1751461161,PHARVET,
PHARCALD3CALCIUMBOLUS-3,PharCal + D3 Calcium Bolus - 50 (€6.50 each),,,EACH,,,325,,,https://cdn.shopify.com/s/files/1/0823/0961/1864/files/pharcal___d3.png?v=1751461161,PHARVET,
PHARGLUE200,PharGlue 200ml Cartridge,,,EACH,0.198,,21,,,https://cdn.shopify.com/s/files/1/0823/0961/1864/files/PHARVET.png?v=1751461165,,
PHARVETCALFBOLUSGUN,Pharvet Calf Bolus Gun,PHARVETCALFBOLUSGUN,,EACH,,,30,,,https://cdn.shopify.com/s/files/1/0823/0961/1864/files/pharvet-calf-bolus-gun.jpg?v=1751461330,PHARVET,
PHARVETCOPPERFERTILITYGUN,Pharvet Copper/High Fertility Bolus Gun,PHARVETCOPPERFERTILITYGUN,,EACH,,,30,,,https://cdn.shopify.com/s/files/1/0823/0961/1864/files/pharvet-copper-and-high-fertility-bolus-gun.jpg?v=1751461330,PHARVET,
PHARVETSUPERGRAZINGBOLUSGUN,Pharvet Supergrazing/Dry Cow Bolus Gun,PHARVETSUPERGRAZINGBOLUSGUN,,EACH,,,30,,,https://cdn.shopify.com/s/files/1/0823/0961/1864/files/pharvet-supergraze-high-fert-bolus-gun.png?v=1751461331,PHARVET,
PHILIPS20MLAUTODRENCHER,Philips 20ml Auto Drencher,PHILIPS20MLAUTODRENCHER,,EACH,,,120,,,https://cdn.shopify.com/s/files/1/0823/0961/1864/files/NJ-Phillips-20ml-Auto-Drencher-Metal-1.jpg?v=1751461402,,
PHILIPSMETALDRENCHBLACK,Philips 20ml Metal Drencher Black,,,EACH,,,120,,,,,
PINKCOTTONHALTER16MM,Pink Cotton Show Halter,5061031803171,,EACH,,,24.99,,,https://cdn.shopify.com/s/files/1/0823/0961/1864/files/20240418131317.pink-halter-8mm-for-web.jpg?v=1751461195,SHOWTIME,
PINKLEADROPE,Pink Cotton Deluxe Lead Rope,5061031803195,,EACH,,,13.5,,,https://cdn.shopify.com/s/files/1/0823/0961/1864/files/20240418131401.pink-halter-16mm-with-lead-bands_cc27ef06-8313-495e-9d82-110de29d6060.jpg?v=1751461194,SHOWTIME,
PINKOIL,Sullivan's Pink Oil,PINKOIL,,EACH,,,14,,,https://cdn.shopify.com/s/files/1/0823/0961/1864/files/pko.jpg?v=1712575393,SHOWTIME,
PISTOLMAN250ML,Pistolman Drencher 250ml,,,EACH,,,58.95,,,https://cdn.shopify.com/s/files/1/0823/0961/1864/files/Untitled-2024-07-24T092816_356_1400x_progressive_png.webp?v=1762437346,ACRAVETLTD,
PLASTICCURRYPINK,Plastic Curry Comb - Pink,4043969314234,,EACH,,,3,,,https://cdn.shopify.com/s/files/1/0823/0961/1864/files/855554032_BLUE_CURRUY_COMB.jpg?v=1751461494,AGRIHEALTH,
PLASTICCURRYPURPLE,Plastic Curry Comb - Purple,4043969329733,,EACH,,,3,,,https://cdn.shopify.com/s/files/1/0823/0961/1864/files/855554032_BLUE_CURRUY_COMB.jpg?v=1751461494,AGRIHEALTH,
POLARBLACK2XL,Premium Polar Fleece - 2XL / Black,,,EACH,,,40,,,https://cdn.shopify.com/s/files/1/0904/2372/2370/files/ChatGPT_Image_Apr_24_2025_at_12_34_31_PM.png?v=1758275454,CIGDEM,
POLARBLACKL,Premium Polar Fleece - L / Black,,,EACH,,,40,,,https://cdn.shopify.com/s/files/1/0904/2372/2370/files/ChatGPT_Image_Apr_24_2025_at_12_34_31_PM.png?v=1758275454,CIGDEM,
POLARBLACKM,Premium Polar Fleece - M / Black,,,EACH,,,40,,,https://cdn.shopify.com/s/files/1/0904/2372/2370/files/ChatGPT_Image_Apr_24_2025_at_12_34_31_PM.png?v=1758275454,CIGDEM,
POLARBLACKS,Premium Polar Fleece - S / Black,,,EACH,,,40,,,https://cdn.shopify.com/s/files/1/0904/2372/2370/files/ChatGPT_Image_Apr_24_2025_at_12_34_31_PM.png?v=1758275454,CIGDEM,
POLARBLACKXL,Premium Polar Fleece - XL / Black,,,EACH,,,40,,,https://cdn.shopify.com/s/files/1/0904/2372/2370/files/ChatGPT_Image_Apr_24_2025_at_12_34_31_PM.png?v=1758275454,CIGDEM,
POLARGREY2XL,Premium Polar Fleece - 2XL / Seal Grey,,,EACH,,,40,,,https://cdn.shopify.com/s/files/1/0904/2372/2370/files/ChatGPT_Image_Apr_24_2025_at_12_34_31_PM.png?v=1758275454,CIGDEM,
POLARGREYL,Premium Polar Fleece - L / Seal Grey,,,EACH,,,40,,,https://cdn.shopify.com/s/files/1/0904/2372/2370/files/ChatGPT_Image_Apr_24_2025_at_12_34_31_PM.png?v=1758275454,CIGDEM,
POLARGREYM,Premium Polar Fleece - M / Seal Grey,,,EACH,,,40,,,https://cdn.shopify.com/s/files/1/0904/2372/2370/files/ChatGPT_Image_Apr_24_2025_at_12_34_31_PM.png?v=1758275454,CIGDEM,
POLARGREYS,Premium Polar Fleece - S / Seal Grey,,,EACH,,,40,,,https://cdn.shopify.com/s/files/1/0904/2372/2370/files/ChatGPT_Image_Apr_24_2025_at_12_34_31_PM.png?v=1758275454,CIGDEM,
POLARGREYXL,Premium Polar Fleece - XL / Seal Grey,,,EACH,,,40,,,https://cdn.shopify.com/s/files/1/0904/2372/2370/files/ChatGPT_Image_Apr_24_2025_at_12_34_31_PM.png?v=1758275454,CIGDEM,
POLYWIRE500M6STRAND,Gallagher Polywire 500m 6 Strand,POLYWIRE500M6STRAND,,EACH,,,30,,,https://cdn.shopify.com/s/files/1/0823/0961/1864/files/9003481-frontface-300Wx300H.jpg?v=1712576472,GALLAGHER,
Postplatinum,Post Calver Platinum 25kg,Postplatinum,,EACH,,,45,,,,BLF,
POULTRYCIDER,Poultry Cider Vinegar with Garlic,POULTRYCIDER,,EACH,,,10,,,https://cdn.shopify.com/s/files/1/0823/0961/1864/files/818L7h9C88L._AC_SY879.jpg?v=1712576511,ACRAVETLTD,
POULTRYFEEDER,Poultry Feeder,POULTRYFEEDER,,EACH,,,85,,,https://cdn.shopify.com/s/files/1/0823/0961/1864/files/Poultry-Feeder.jpg?v=1712575880,ACRAVETLTD,
POULTRYPOWDER,Poultry Louse Powder 750g,POULTRYPOWDER,,EACH,,,10,,,https://cdn.shopify.com/s/files/1/0823/0961/1864/files/250x250.jpg?v=1712576507,ACRAVETLTD,
POWERLYTETUBES,Powerlyte,POWERLYTETUBES,,EACH,,,4,,,https://cdn.shopify.com/s/files/1/0823/0961/1864/files/PowerLyte.png?v=1712575930,,
precal,Provimi  Precalver Minerals 20kg,precal,,EACH,,,50,,,https://cdn.shopify.com/s/files/1/0823/0961/1864/files/provimi.jpg?v=1712575294,CARGILL,
Precalvplus,Pre Calver Special 25kg,Precalvplus,,EACH,,,55,,,,BLF,
PRIMATECH.5-2ML,Primatech 0.5-2ml Vacinator Premium Pack,PRIMATECH.5-2ML,,EACH,,,36,,,https://cdn.shopify.com/s/files/1/0823/0961/1864/files/Primatech-0.5-2ml-Vacinator-Premium-Pack.jpg?v=1751461405,,
PRIMATECH12.5MLDRENCHER,Primatech 12.5ml Drencher c/w 3Caps,PRIMATECH12.5MLDRENCHER,,EACH,,,45,,,https://cdn.shopify.com/s/files/1/0823/0961/1864/files/Primatech-12.5ml-Drencher-cw-3Caps.jpg?v=1712575861,AGRIHEALTH,
PRIMETIMEADHESIVE,Sullivan's Prime Time Adhesive (Black or Clear) - Black,PRIMETIMEADHESIVE,,EACH,,,21,,,https://cdn.shopify.com/s/files/1/0823/0961/1864/files/PT-PRIME-TIME-NEW-2023.jpg?v=1751461500,SHOWTIME,
PROVIMILAMBMILKREPLACER,Provimi Shepherdess Lamb Milk Replacer 20kg,PROVIMILAMBMILKREPLACER,,EACH,,,95,,,https://cdn.shopify.com/s/files/1/0823/0961/1864/files/lamb-milk-replacer-e1612013460497.jpg?v=1751461382,ACRAVETLTD,
PROVITACALFCOLOSTRUM300,Provita Calf Colstrum 300g,PROVITACALFCOLOSTRUM300,,EACH,,,24,,,https://cdn.shopify.com/s/files/1/0823/0961/1864/files/Provita-Calf-Colstrum-300g.jpg?v=1751461407,,
PROVITACOLOSTRUM1.25KG,Provita Lamb Colostrum Concentrate - 1.25kg,,,EACH,,,80,,,https://cdn.shopify.com/s/files/1/0823/0961/1864/files/lcl-12x50g-bx-prlamb-300x212.jpg?v=1712575315,,
PROVITAHOOFSURE10L,Provita Hoofsure Footbath Endurance Solution - 10 Litres,PROVITAHOOFSURE10L,,EACH,,,160,,,https://cdn.shopify.com/s/files/1/0823/0961/1864/files/9080544-frontface-1200Wx1200H.jpg?v=1712576948,AGRIHEALTH,
PROVITAHOOFSURE20L,Provita Hoofsure Footbath Endurance Solution - 20 Litres,PROVITAHOOFSURE20L,,EACH,,,270,,,https://cdn.shopify.com/s/files/1/0823/0961/1864/files/9080544-frontface-1200Wx1200H.jpg?v=1712576948,AGRIHEALTH,
PROVITAHOOFSURE5L,Provita Hoofsure Footbath Endurance Solution - 5 Litre,PROVITAHOOFSURE5L,,EACH,,,85,,,https://cdn.shopify.com/s/files/1/0823/0961/1864/files/9080544-frontface-1200Wx1200H.jpg?v=1712576948,AGRIHEALTH,
PROVITALAMBCOLOSTRUM250,Provita Lamb Colostrum Concentrate - 250g,PROVITALAMBCOLOSTRUM250,,EACH,,,18,,,https://cdn.shopify.com/s/files/1/0823/0961/1864/files/lcl-12x50g-bx-prlamb-300x212.jpg?v=1712575315,AGRIHEALTH,
PUROFORTPLUSFULLSAFETY,Dunlop Purofort Full Safety Green Wellington ­ - UK7,PUROFORTPLUSFULLSAFETY,,EACH,,,80,,,https://cdn.shopify.com/s/files/1/0823/0961/1864/files/Dunlop-Purofort-Plus-D760-Wellie-1.jpg?v=1712575890,,
PUROFORTWELLINGTONS,Dunlop Purofort Plus Green Wellington Dunlop - 9,PUROFORTWELLINGTONS,,EACH,,,70,,,https://cdn.shopify.com/s/files/1/0823/0961/1864/files/Purofort-C462-Full-Safety-Wellington-1.jpg?v=1712575892,,
PURPLEGREENTRAININGHALTER,Sullivan's Training Halter - Purple-Lime Green,,,EACH,,,19,,,https://cdn.shopify.com/s/files/1/0823/0961/1864/files/Screenshot-2023-09-25-103235.png?v=1751461311,SULLIVANS,
PURPLESHOWSTICK60IN,"Sullivan's ""Superstick"" ShowStick - Purple / 60in",,,EACH,,,61,,,https://cdn.shopify.com/s/files/1/0823/0961/1864/files/60R_5858cff9-b0d3-4204-8d21-d9ea31781f62.jpg?v=1751461229,SHOWTIME,
RABITASILAGE10X12,Silo Protection Netting - SILAGE COVER 10X12,,,EACH,,,250,,,https://cdn.shopify.com/s/files/1/0823/0961/1864/files/Screenshot2025-06-16at11.24.35PM.png?v=1751461825,RABITA,
RABITASILAGE12X15,Silo Protection Netting - SILAGE COVER 12X15,,,EACH,,,320,,,https://cdn.shopify.com/s/files/1/0823/0961/1864/files/Screenshot2025-06-16at11.24.35PM.png?v=1751461825,RABITA,
RACHET,Vink Beef Calving Aid 1800mm Alternate Traction Ratchet,RACHET,,EACH,,,549,,,https://cdn.shopify.com/s/files/1/0823/0961/1864/files/vink-1800mm-alternate-pull-beef-calving-aid.jpg?v=1712576395,AGRIHEALTH,
RAMBOLEFTHAND,Rambo QuickDraw Hand Fork - Left,,,EACH,,,25,,,,HORNERSHEARING,
RAMBORIGHTHAND,Rambo QuickDraw Hand Fork - Right,,,EACH,,,25,,,,HORNERSHEARING,
RAMCRAYONSALLTEMP,Ram Crayons All Temperatures,RAMCRAYONSALLTEMP,,EACH,,,3,,,https://cdn.shopify.com/s/files/1/0823/0961/1864/files/69360.gif?v=1751461507,AGRIHEALTH,
RAMHARNESSMATINGMARK,Ram Harness,RAMHARNESSMATINGMARK,,EACH,,,35,,,https://cdn.shopify.com/s/files/1/0823/0961/1864/files/ram_harness.jpg?v=1751461507,AGRIHEALTH,
REDADJSTICK,Adjustable Show Stick - Red,REDADJSTICK,,EACH,,31.96,61.55,,,https://cdn.shopify.com/s/files/1/0823/0961/1864/files/20110819084817_red-adjustable.jpg?v=1751461445,SHOWTIME,
REDANDWHITETRAININGHALTER,Sullivan's Training Halter - Red and white,,,EACH,,4.7,19,,,https://cdn.shopify.com/s/files/1/0823/0961/1864/files/Screenshot-2023-09-25-103235.png?v=1751461311,SULLIVANS,
REDCOTTONLEAD,Deluxe Cotton Lead Ropes 14mm - Red / 1,REDCOTTONLEAD,,EACH,,,10,,,https://cdn.shopify.com/s/files/1/0823/0961/1864/files/black-cotton-l.r-cut-out_d3d95ab1-6895-4c55-b11b-ac1627668e03.jpg?v=1712576112,,
REDCOTTONLEAD10,Deluxe Cotton Lead Ropes 14mm - Red / 10,REDCOTTONLEAD10,,EACH,,,80,,,https://cdn.shopify.com/s/files/1/0823/0961/1864/files/black-cotton-l.r-cut-out_d3d95ab1-6895-4c55-b11b-ac1627668e03.jpg?v=1712576112,,
REDPOLYHALTER12MM,Red 12mm Poly Halter,REDPOLYHALTER12MM,,EACH,,,9,,,https://cdn.shopify.com/s/files/1/0823/0961/1864/files/12mm-red-polycut-out.jpg?v=1712575525,SHOWTIME,
REDSHOWSTICK60IN,"Sullivan's ""Superstick"" ShowStick - Red / 60in",REDSHOWSTICK60IN,,EACH,,,61,,,https://cdn.shopify.com/s/files/1/0823/0961/1864/files/60R_5858cff9-b0d3-4204-8d21-d9ea31781f62.jpg?v=1751461229,,
REPLACEMENTFILTER,Filter for Megablaster/Circuiteer Blower Dryer,REPLACEMENTFILTER,,EACH,,,15,,,https://cdn.shopify.com/s/files/1/0823/0961/1864/files/0057.jpg?v=1751461474,SHOWTIME,
RESPIRONPASTE,Respiron paste 60ml,RESPIRONPASTE,,EACH,,,8.5,,,https://cdn.shopify.com/s/files/1/0823/0961/1864/files/RESPIRON-scaled.jpg?v=1712576717,,
RESPIRONPOWDER5KG,Respiron 5kg,RESPIRONPOWDER5KG,,EACH,,,90,,,https://cdn.shopify.com/s/files/1/0823/0961/1864/files/Respiron-5kg.jpg?v=1751461408,INFORMLTD,
REVIVELITE,Sullivans Revive LITE,REVIVELITE,,EACH,,,20,,,https://cdn.shopify.com/s/files/1/0823/0961/1864/files/revive_lite.jpg?v=1712575722,SHOWTIME,
REZULTCALFSTARTER,Rezult Calf Starter,REZULTCALFSTARTER,,EACH,,,25,,,https://cdn.shopify.com/s/files/1/0823/0961/1864/files/PhotoRoom-20220225_161532.png?v=1751461300,ACRAVETLTD,
ROCKIESREDSALTLICK,Rockies Red Mineralised Salt Licks (2 blocks),ROCKIESREDSALTLICK,,EACH,,,22,,,https://cdn.shopify.com/s/files/1/0823/0961/1864/files/41D2H7yiUaL._AC.jpg?v=1712576578,,
RODEXWHOLEWHEAT,Rodex Whole Wheat 3 Kg Rat poison,RODEXWHOLEWHEAT,,EACH,,,35,,,https://cdn.shopify.com/s/files/1/0823/0961/1864/files/RODEWW3___L.jpg?v=1712576785,ACRAVETLTD,
ROUNDLEATHERSHEEPHALTER,Round Leather Sheep Halter,ROUNDLEATHERSHEEPHALTER,,EACH,,,36,,,https://cdn.shopify.com/s/files/1/0823/0961/1864/files/ESB-Slip-Sheep-halter.jpg?v=1751636621,SHOWTIME,
ROUNDNOSENATURALC,Cattle Halter - Natural Leather Halter Round Strap,ROUNDNOSENATURALC,,EACH,,,60,,,https://cdn.shopify.com/s/files/1/0823/0961/1864/files/natural_leather_halter_1.jpg?v=1712575561,,
RUT2,Rutland Blue Poly Post 84cm (50 Posts),RUT2,,EACH,,,190,,,https://cdn.shopify.com/s/files/1/0823/0961/1864/files/HTB1bX4aLVXXXXcnXVXXq6xXFXXX9.jpg?v=1712575901,,
SALTLAMPBIRDS,Round Salt Lamp with Birds,SALTLAMPBIRDS,,EACH,,,25,,,https://cdn.shopify.com/s/files/1/0823/0961/1864/files/bird-lamp-1.webp?v=1712576724,,
SALTLAMPGREYCUBIOD,Grey Cuboid Salt Lamp,SALTLAMPGREYCUBIOD,,EACH,,,25,,,https://cdn.shopify.com/s/files/1/0823/0961/1864/files/pixelcut-export.png?v=1712576729,,
SALTLAMPMOON,Round Moon Salt Lamp!,SALTLAMPMOON,,EACH,,,25,,,https://cdn.shopify.com/s/files/1/0823/0961/1864/files/WhatsApp-Image-2023-11-03-at-11.11.53-AM_1699576227406.jpg?v=1712576724,,
SALTLAMPTREE,Round Rock Salt Lamp With Tree,SALTLAMPTREE,,EACH,,,25,,,https://cdn.shopify.com/s/files/1/0823/0961/1864/files/WhatsApp-Image-2023-11-03-at-11.11.53-AM-5_1699575889217.jpg?v=1712576727,,
SEABOOST4IN1,Seaboost Hi Mag Fertility Mineral Bucket,SEABOOST4IN1,,EACH,20,,27,,,https://cdn.shopify.com/s/files/1/0823/0961/1864/files/High_mag_18kg.png?v=1751461335,,
SEALSTHERMAXWELLIES,Seals Thermax Wellington Boots - UK12,SEALSTHERMAXWELLIES,,EACH,,,195,,,https://cdn.shopify.com/s/files/1/0823/0961/1864/files/DSSE39-Seals-Thermax-Wellington-v2_1024x_f7b21794-9ecf-4c24-be7c-c2fb1c7e5b7a.jpg?v=1712576543,,
SEAWEED,"Seaweed Flake Animal Feed Supplement – Natural Multivitamin for Cattle, Sheep & Calves",SEAWEED,,EACH,,,70,,,https://cdn.shopify.com/s/files/1/0823/0961/1864/files/ogtseaweed.png?v=1751461513,OGT,
SEAWEEDMEAL,Osmonds Canine Seaweed Meal,,,EACH,,,11,,,https://cdn.shopify.com/s/files/1/0823/0961/1864/files/canine_seaweed_image_sn__3.jpg?v=1769420069,OSMONDS,
SELEKTSTOMACHPUMPSET,Selekt Stomach Pump Set,SELEKTSTOMACHPUMPSET,,EACH,,281.67,520,,,https://cdn.shopify.com/s/files/1/0823/0961/1864/files/selekt-stomach-pump.png?v=1751461351,,
SFBLUCC,Surrey Fields Calving Collar (Blue) 11-20 - Blue,,,EACH,1,,35,,,https://cdn.shopify.com/s/files/1/0823/0961/1864/files/BLUE_CALF_BLANK_1024x1024_2x_7489ace2-0247-4c7d-a2da-48f8659c4cd6.webp?v=1768232267,GALLAGHER,
SFPINKCC,Surrey Fields Calving Collar (Blue) 11-20 - Pink,,,EACH,1,,35,,,https://cdn.shopify.com/s/files/1/0823/0961/1864/files/BLUE_CALF_BLANK_1024x1024_2x_7489ace2-0247-4c7d-a2da-48f8659c4cd6.webp?v=1768232267,GALLAGHER,
Sheep Shearing Blade Heiniger compatible,Sheep Shearing Blade Heiniger compatible,,,EACH,,,40,,,https://cdn.shopify.com/s/files/1/0823/0961/1864/files/Sheep_Shearing_Blades__52324.1401636157.480.480_800x800_ea980169-5868-48f9-8bdd-eaece4f98b26.jpg?v=1751461297,,
SHEEPCOTTONHALTE8MM,Sheep Halter  White Cotton 8mm,5061031801559,,EACH,,,12,,,https://cdn.shopify.com/s/files/1/0823/0961/1864/files/7mm-del_5008851e-8ab4-47d9-b151-84ce6a6e1551.jpg?v=1751461417,,
SHEEPGROOMINGTABLE,Sheep Grooming Table with Winch & Headlock Gate,,,EACH,,,925,,,https://cdn.shopify.com/s/files/1/0823/0961/1864/files/ff8f9533-06d3-4ca2-bec8-935cd3434e47.jpg?v=1751461829,VPENGINEERING,
SHEEPHEADSTOCK,Sheep Headstock,SHEEPHEADSTOCK,,EACH,,,189,,,https://cdn.shopify.com/s/files/1/0823/0961/1864/files/3034.jpg?v=1751461415,AGRIHEALTH,
sheepmag,Agrimin Sheep/ Calves Bolus 24.7 Magnesium,sheepmag,,EACH,,,48.75,,,https://cdn.shopify.com/s/files/1/0823/0961/1864/files/247-magnesium-bullets-sheep-and-calves-001.jpg?v=1751461398,,
SHEEPMINBLOCK10KG,Sheep Cobalt Zinc Blocks 20KG,,,EACH,,,29,,,https://cdn.shopify.com/s/files/1/0823/0961/1864/files/Untitleddesign_37.png?v=1764181532,ROYALILAC,
SHEEPRESTRAINER,Sheep Restrainer - small,SHEEPRESTRAINER,,EACH,,7.8,15,,,https://cdn.shopify.com/s/files/1/0823/0961/1864/files/Sheeprestrainer_800x_e2d02a4a-ced5-4883-b224-e28b7cdc7c41.webp?v=1751461279,ACRAVETLTD,
SHEEPSUDS,Sheep Suds,SHEEPSUDS,,EACH,,,39.5,,,https://cdn.shopify.com/s/files/1/0823/0961/1864/files/664371dc069_3520052_1_large_1d14090f-3410-48a6-8a83-63d146a45bcf.jpg?v=1751461415,SHOWTIME,
SHEPARDCROOK,Shepard's Crook Head,SHEPARDCROOK,,EACH,,,15,,,https://cdn.shopify.com/s/files/1/0823/0961/1864/files/aluminum-leg-crook-head-only_ai-sg-03_329.jpg?v=1712576612,,
SHEPERDESSLAMBFEEDER,Shepherdess Lamb Feeder,SHEPERDESSLAMBFEEDER,,EACH,,,320,,,https://cdn.shopify.com/s/files/1/0823/0961/1864/files/sheperdess_03.jpg?v=1751461509,ACRAVETLTD,
SHEPHERDESSEPLACEMENT,Shepherdess Lamb Feeder Replacement Heating Element,SHEPHERDESSEPLACEMENT,,EACH,,,43,,,https://cdn.shopify.com/s/files/1/0823/0961/1864/files/sca0037-510x510-1.jpg?v=1751461303,ACRAVETLTD,
SHEPHERDESSFEEDLINEKIT,Shepherdess feed line kit,SHEPHERDESSFEEDLINEKIT,,EACH,,,50,,,https://cdn.shopify.com/s/files/1/0823/0961/1864/files/sca0036.jpg?v=1751461303,SHOWTIME,
SHINEMILK20kg,Shine Ewe-reka,,,EACH,,,75,,,https://cdn.shopify.com/s/files/1/0823/0961/1864/files/67dd79d7b88_04200008_1_large_aac99744-1a0d-4b18-8206-cafd06d41464.jpg?v=1751461148,,
SHOWCOATCHILD,Childrens White Show Coat - 26 - 3/5yrs,SHOWCOATCHILD,,EACH,,,25,,,https://cdn.shopify.com/s/files/1/0823/0961/1864/files/chikdrens-white-coat-011.jpg?v=1712575772,,
SHOWMIST,ShowTime Show Mist,,,EACH,,,19,,,https://cdn.shopify.com/s/files/1/0823/0961/1864/files/showmist.jpg?v=1751461135,SHOWTIME,
SHOWTIMECOXPUNCH,Cutter to fit ShowTime/Cox Punch,,,EACH,,,0,,,,SHOWTIME,
SHOWTIMEHERBAL,Showtime Herbal Shampoos,HERBALSHAMPOO,,EACH,,,22,,,,SHOWTIME,
SHOWWHITEHAIRCOLOUR,Show White Hair Colour Spray,5061031800354,,EACH,,,14.5,,,https://cdn.shopify.com/s/files/1/0823/0961/1864/files/20160209110909_show-white-1.jpg?v=1751461435,SHOWTIME,
SILAGEADDITIVE10L,Precision Microbes Silage Additive 10L,,,EACH,,73.5,105,,,https://cdn.shopify.com/s/files/1/0823/0961/1864/files/SILAGEADD___L.jpg?v=1751461143,HIGHFIELDVW,
SILAGEBAG-1,Heavy-Duty Silage Bags – Filled or Empty - Filled single - MINIMUM 60 UNITS,,,EACH,,0.6,5.5,,,https://cdn.shopify.com/s/files/1/0823/0961/1864/files/silage-bags-filled-pea-gravel.jpg?v=1751461288,RABITA,
SILAGEBAG-120,Heavy-Duty Silage Bags – Filled or Empty - Filled x 110 + 10 Free Bags,,,EACH,,,600,,,https://cdn.shopify.com/s/files/1/0823/0961/1864/files/silage-bags-filled-pea-gravel.jpg?v=1751461288,,
SILAGEBAG-2,Heavy-Duty Silage Bags – Filled or Empty - Filled x60,,,EACH,,,330,,,https://cdn.shopify.com/s/files/1/0823/0961/1864/files/silage-bags-filled-pea-gravel.jpg?v=1751461288,RABITA,
SILAGEBAG-4,Heavy-Duty Silage Bags – Filled or Empty - Unfilled x50,,,EACH,,,115,,,https://cdn.shopify.com/s/files/1/0823/0961/1864/files/silage-bags-filled-pea-gravel.jpg?v=1751461288,RABITA,
SILAGEBAGUNFILLED,Silage Bags - Unfilled Single,,,EACH,,,1.6,,,https://cdn.shopify.com/s/files/1/0904/2372/2370/files/rhino-silage-sand-bag-001.jpg?v=1746604791,RABITA,
SILAGECOVER10.4M12M,Woven Silage Covers – Long-Lasting Protection for Your Pit - 10.4M12M,SILAGECOVER10.4M12M,,EACH,,,385,,,https://cdn.shopify.com/s/files/1/0823/0961/1864/files/Animalfarmacy_-_Precision_Microbes_F_Facebook_Video.png?v=1765132147,PASSION,
SILAGECOVER10.4M14M,Woven Silage Covers – Long-Lasting Protection for Your Pit - 10.4M14M,SILAGECOVER10.4M14M,,EACH,,,450,,,https://cdn.shopify.com/s/files/1/0823/0961/1864/files/Animalfarmacy_-_Precision_Microbes_F_Facebook_Video.png?v=1765132147,PASSION,
SILAGECOVER10.4M16M,Woven Silage Covers – Long-Lasting Protection for Your Pit - 10.4M16M,SILAGECOVER10.4M16M,,EACH,,,480,,,https://cdn.shopify.com/s/files/1/0823/0961/1864/files/Animalfarmacy_-_Precision_Microbes_F_Facebook_Video.png?v=1765132147,PASSION,
SILAGECOVER10.4M18M,Woven Silage Covers – Long-Lasting Protection for Your Pit - 10.4M18M,SILAGECOVER10.4M18M,,EACH,,,575,,,https://cdn.shopify.com/s/files/1/0823/0961/1864/files/Animalfarmacy_-_Precision_Microbes_F_Facebook_Video.png?v=1765132147,PASSION,
SILAGECOVER12M15M,Woven Silage Covers – Long-Lasting Protection for Your Pit - 12M15M,SILAGECOVER12M15M,,EACH,,,550,,,https://cdn.shopify.com/s/files/1/0823/0961/1864/files/Animalfarmacy_-_Precision_Microbes_F_Facebook_Video.png?v=1765132147,PASSION,
SILVERADJSTICK,Adjustable Show Stick - Silver,SILVERADJSTICK,,EACH,,31.96,61.55,,,https://cdn.shopify.com/s/files/1/0823/0961/1864/files/20110819084817_red-adjustable.jpg?v=1751461445,SHOWTIME,
SILVERGLITTER250ML,Silver Glitter 250ml,SILVERGLITTER250ML,,EACH,,,10.5,,,https://cdn.shopify.com/s/files/1/0823/0961/1864/files/Silver-Glitter-e1528973328520.jpg?v=1712576100,,
SILVERSUPERSTICK54IN,"Sullivan's ""Superstick"" ShowStick - Silver / 54in",SILVERSUPERSTICK54IN,,EACH,,,61,,,https://cdn.shopify.com/s/files/1/0823/0961/1864/files/60R_5858cff9-b0d3-4204-8d21-d9ea31781f62.jpg?v=1751461229,SHOWTIME,
SINGLEMOTORDRYER,ErgoPro Single Motor Dryer,SINGLEMOTORDRYER,,EACH,,,195,,,https://cdn.shopify.com/s/files/1/0823/0961/1864/files/small_animal_dryer.jpg?v=1712575516,,
SIOENJACKET,Sioen Essential Jacket,SIOENJACKET,,EACH,,,45.95,,,https://cdn.shopify.com/s/files/1/0823/0961/1864/files/sioen-flexothane-essential-4145-jacket.jpg?v=1712575872,,
SIOENTROUSER,Sioen Essential Trouser,SIOENTROUSER,,EACH,,,39.95,,,https://cdn.shopify.com/s/files/1/0823/0961/1864/files/Sioen-Essential-Trouser.jpg?v=1712575874,,
SIWASALTTABLET-2,Agvance Water Softener Tablet Salt - 5 Bags,,,EACH,,,55.5,,,,,
SL2,Salt Lamp 3kg,SL2,,EACH,,,25,,,https://cdn.shopify.com/s/files/1/0823/0961/1864/files/PAK001x1000.jpg?v=1712576597,,
SLURRINPRO1KGSACHET,Slurri N Pro Slurry Additive 1kg Sachet,SLURRINPRO1KGSACHET,,EACH,1,,75,,,https://cdn.shopify.com/s/files/1/0823/0961/1864/files/slurrinpro-ad.jpg?v=1751461315,,
SMALLTRACECALF,Small Trace Calf Boluses,SMALLTRACECALF,,EACH,,,30,,,https://cdn.shopify.com/s/files/1/0823/0961/1864/files/small_trace_calves_pack.jpg?v=1712575220,,
SMAR2,Agrimin 24.7 Smartrace Cattle,SMAR2,,EACH,,,78,,,https://cdn.shopify.com/s/files/1/0823/0961/1864/files/Agrimin-24.7-Smartrace-Cattle.jpg?v=1751461400,,
SMARTCOMBFLUFFERREPLACEMENT6,"Sullivans Smart Fluffer Comb Replacement head - 6""",SMARTCOMBFLUFFERREPLACEMENT6,,EACH,,,20,,,https://cdn.shopify.com/s/files/1/0823/0961/1864/files/Untitled-design-27.png?v=1751461224,SHOWTIME,
SMARTCOMBFLUFFERREPLACEMENT9,"Sullivans Smart Fluffer Comb Replacement head - 9""",SMARTCOMBFLUFFERREPLACEMENT9,,EACH,,,22,,,https://cdn.shopify.com/s/files/1/0823/0961/1864/files/Untitled-design-27.png?v=1751461224,SHOWTIME,
SMARTCOMBSTIMULATORREPLACEMENT6,"Sullivans Smart Comb Stimulator Replacement Head - 6""",SMARTCOMBSTIMULATORREPLACEMENT6,,EACH,,,20,,,https://cdn.shopify.com/s/files/1/0823/0961/1864/files/Untitled-design-26.png?v=1751461225,SHOWTIME,
SMARTCOMBSTIMULATORREPLACEMENT9,"Sullivans Smart Comb Stimulator Replacement Head - 9""",SMARTCOMBSTIMULATORREPLACEMENT9,,EACH,,,20,,,https://cdn.shopify.com/s/files/1/0823/0961/1864/files/Untitled-design-26.png?v=1751461225,SHOWTIME,
SMARTRACELAMBS,Agrimin Smartrace 24.7 For Lambs 200's,SMARTRACELAMBS,,EACH,,,100,,,https://cdn.shopify.com/s/files/1/0823/0961/1864/files/SMARTRACE-LAMB-1-mock-web_jpg.png?v=1751461281,ACRAVETLTD,
SMARTRACESHEEP,Agrimin 24.7 Smartrace Sheep bolus,SMARTRACESHEEP,,EACH,,,86.25,,,https://cdn.shopify.com/s/files/1/0823/0961/1864/files/SMARTRACE-ADULT-SHEEP-1-mock-web.jpg?v=1751461409,,
SMOOTHOPERATORCOMB,Smooth Operator Comb,,,EACH,,,65,,,https://cdn.shopify.com/s/files/1/0823/0961/1864/files/SOSC.webp?v=1751461826,SHOWTIME,
SOFTSTROKESHOWSTICKS,Sullivan's Soft Stroke for Show Sticks,813170022396,,EACH,,,24,,,https://cdn.shopify.com/s/files/1/0823/0961/1864/files/14086_2.webp?v=1751461444,SHOWTIME,
SOLANTEL2.5L,Solantel Sheep Oral Drench - 2.5L,SOLANTEL2.5L,,EACH,,,64.99,,,https://cdn.shopify.com/s/files/1/0823/0961/1864/files/solantel-5lt-box1.png?v=1721819063,,
SOLANTELDRENCH5L,Solantel Sheep Oral Drench - 5L,SOLANTELDRENCH5L,,EACH,,,129.99,,,https://cdn.shopify.com/s/files/1/0823/0961/1864/files/solantel-5lt-box1.png?v=1721819063,,
SOLANTI,Solanti,,,EACH,,,1.25,,IE,/storage/product-images/9/8dbY4SaSfKk3WSVVCJEvL6qugxhF0ehFNAx8cpjr.png,,
SOLU-E,Natural Stockcare SOLU-E - 2.5Ltrs,SOLU-E,,EACH,,,75,,,https://cdn.shopify.com/s/files/1/0823/0961/1864/files/solu-e.jpg?v=1751461306,AGRIHEALTH,
SOLUE1L,Natural Stockcare SOLU-E - 1Ltr,,,EACH,,,50,,,https://cdn.shopify.com/s/files/1/0823/0961/1864/files/solu-e.jpg?v=1751461306,,
SOLUE5L,Natural Stockcare SOLU-E - 5Ltrs,,,EACH,,,130,,,https://cdn.shopify.com/s/files/1/0823/0961/1864/files/solu-e.jpg?v=1751461306,AGRIHEALTH,
SP112.050,Passion Oxygen Barrier Film - 12x50m,,,EACH,,,340,,,https://cdn.shopify.com/s/files/1/0823/0961/1864/files/oxygen_barrier_passion_yellow.jpg?v=1751461144,PASSION,
SP118035,Agvance Seal Plus Silage Oxygen Barrier Film - 60ft x 115ft (18x35m),,,EACH,,170.1,380,,,https://cdn.shopify.com/s/files/1/0823/0961/1864/files/Snapshot_340.png?v=1777751852,,
SP125035,Agvance Seal Plus Silage Oxygen Barrier Film - 80 ft x 115ft - (25x35m),,,EACH,,236.25,525,,,https://cdn.shopify.com/s/files/1/0823/0961/1864/files/Snapshot_340.png?v=1777751852,,
SPAREBATTERYFORRAZOR,Spare Battery For Razor,SPAREBATTERYFORRAZOR,,EACH,,37.85,85,,,https://cdn.shopify.com/s/files/1/0823/0961/1864/files/cordless-sheep-clippers.jpg?v=1751461304,HORNERSHEARING,
SPAREPART,SPARE PART,,,EACH,,,30,,,,,
SPEEDYFEEDER4L,Speedy Calf Feeder - 4Ltrs,SPEEDYFEEDER4L,,EACH,,,52,,,https://cdn.shopify.com/s/files/1/0823/0961/1864/files/speedy-feeder.jpg?v=1751461531,AGRIHEALTH,
SPEEDYFEEDERDRENCHLIDS,Drench Lid for Shoof Speedy Feeder,SPEEDYFEEDERDRENCHLIDS,,EACH,,,16,,,https://cdn.shopify.com/s/files/1/0823/0961/1864/files/5c53eb47ecb_3511543_1_large_8ec1721f-9056-42d5-95cc-83adf8933a68.jpg?v=1751461280,AGRIHEALTH,
SPEEEDYDRENCHER,Calf Speedy Drencher Complete - 2.5Litre,SPEEEDYDRENCHER,,EACH,,,40,,,https://cdn.shopify.com/s/files/1/0823/0961/1864/files/9098294-frontface-300Wx300H-1.jpg?v=1751461531,AGRIHEALTH,
SPLINTS,Flexi-Stop Calf Splint,SPLINTS,,EACH,,,39.5,,,https://cdn.shopify.com/s/files/1/0823/0961/1864/files/splint.jpg?v=1751461528,,
SPRINGSCALES,Spring Scales,SPRINGSCALES,,EACH,,,57,,,https://cdn.shopify.com/s/files/1/0823/0961/1864/files/scales.jpg?v=1751461527,AGRIHEALTH,
SSGLOVEDISPENSER,Stainless steel Glove Dispenser,SSGLOVEDISPENSER,,EACH,,,28,,,https://cdn.shopify.com/s/files/1/0823/0961/1864/files/glove-dispenser-1-510x333-1.png?v=1712576698,ACRAVETLTD,
Ssp116.035,Passion Oxygen Barrier Film - 16x35m,,,EACH,,,340,,,https://cdn.shopify.com/s/files/1/0823/0961/1864/files/oxygen_barrier_passion_yellow.jpg?v=1751461144,PASSION,
STAINBUSTER,Sullivan's Stain Buster,STAINBUSTER,,EACH,,,39.5,,,https://cdn.shopify.com/s/files/1/0823/0961/1864/files/sbq_1.jpg?v=1712575643,,
STAINBUSTER-1,Sullivan's Stain Buster (Copy),STAINBUSTER-1,,EACH,,,24.5,,,https://cdn.shopify.com/s/files/1/0823/0961/1864/files/sbq_1_b5601da9-d614-46dd-9920-adf2846b9d4d.jpg?v=1712576667,,
STALDREN25KG,Staldren,,,EACH,,,44,,,https://cdn.shopify.com/s/files/1/0823/0961/1864/files/staldren.webp?v=1758541203,ARKANIMALCARE,
STANLEY65L,Stanley Classic Pro-Mobile Show Box,,,EACH,,,75,,,https://cdn.shopify.com/s/files/1/0823/0961/1864/files/1_b86d7bc5-403e-4006-bc60-45ff92da41e0.png?v=1778147732,,
STANLEYFATMAXBOX,Stanley Fatmax Box,STANLEYFATMAXBOX,,EACH,,,169,,,https://cdn.shopify.com/s/files/1/0823/0961/1864/files/stanley_fatmax.jpg?v=1712575678,,
STANLEYFAXMAX,Stanley FatMax Mobile Show Box/Chest,STANLEYFAXMAX,,EACH,,,219,,,https://cdn.shopify.com/s/files/1/0823/0961/1864/files/image-3.png?v=1712576385,,
STANLEYMEDIUMSHOWBOX,Medium Stanley Show Box,3253561801501,,EACH,,,65,,,https://cdn.shopify.com/s/files/1/0823/0961/1864/files/Untitled_design_55.png?v=1779288620,,
STANLEYMOBILEWORKCENTRE,Stanley Mobile Work Centre,STANLEYMOBILEWORKCENTRE,,EACH,,,65.01,,,https://cdn.shopify.com/s/files/1/0823/0961/1864/files/stanley_mobile_work_centre.jpg?v=1712575680,,
STARTAID2KG,Start Aid 2kg,STARTAID2KG,,EACH,,,35,,,https://cdn.shopify.com/s/files/1/0823/0961/1864/files/startaid.jpg?v=1751461397,INFORMLTD,
STARTAIDPASTE,Start Aid Paste - Individual tube,,,EACH,,,4,,,https://cdn.shopify.com/s/files/1/0823/0961/1864/files/30.STARTPASTE.webp?v=1768563338,INFORMLTD,
STARTAIDPASTE15,Start Aid Paste - 12 + 3 free,,,EACH,,,48,,,https://cdn.shopify.com/s/files/1/0823/0961/1864/files/30.STARTPASTE.webp?v=1768563338,INFORMLTD,
STEELBLOCKHOLDER,Steel Block Holders,,,EACH,,,30,,,https://cdn.shopify.com/s/files/1/0823/0961/1864/files/Untitleddesign_35_5e1219e7-a017-467e-9fc3-c878b0e1695c.png?v=1775568179,,
STOCKBOOST1L,Natural Stockcare Stock Boost - 1Ltr,STOCKBOOST1L,,EACH,,,50.8,,,https://cdn.shopify.com/s/files/1/0823/0961/1864/files/stock-boost.jpg?v=1712576655,AGRIHEALTH,
STOCKBOOST2.5L,Natural Stockcare Stock Boost - 2.5Ltrs,STOCKBOOST2.5L,,EACH,,,109,,,https://cdn.shopify.com/s/files/1/0823/0961/1864/files/stock-boost.jpg?v=1712576655,AGRIHEALTH,
STOCKBOOST5L,Natural Stockcare Stock Boost - 5Ltrs,STOCKBOOST5L,,EACH,,,200,,,https://cdn.shopify.com/s/files/1/0823/0961/1864/files/stock-boost.jpg?v=1712576655,AGRIHEALTH,
STOCKHOLMTAR3KG,Stockholm Tar - 2.5kg,STOCKHOLMTAR3KG,,EACH,,,35.01,,,https://cdn.shopify.com/s/files/1/0823/0961/1864/files/Stock.jpg?v=1751461518,PHARVET,
STOCKHOLMTAR5KG,Stockholm Tar - 5kg,STOCKHOLMTAR5KG,,EACH,,,59,,,https://cdn.shopify.com/s/files/1/0823/0961/1864/files/Stock.jpg?v=1751461518,PHARVET,
STORMBLOCK10KG,Storm Block Rat Poison Rat Bait - 10KG,STORMBLOCK10KG,,EACH,,,139.99,,,https://cdn.shopify.com/s/files/1/0823/0961/1864/files/storm_secure_bait-1-1.jpg?v=1712576636,ACRAVETLTD,
STORMBLOCK3KG,Storm Block Rat Poison Rat Bait - 3kg,STORMBLOCK3KG,,EACH,,,49.99,,,https://cdn.shopify.com/s/files/1/0823/0961/1864/files/storm_secure_bait-1-1.jpg?v=1712576636,ACRAVETLTD,
STPEWT2575.1500_R,Seal Plus 7 Layer Bale Wrap,,,EACH,,,130,,,,,
STRAIGHTUPBARS,Straight-Up Bars (Set of 2),,,EACH,,,600,,,,SULLIVANS,
STSHEARBENT5.2,"Showtime Sheep Shears - bent / 5.2""",STSHEARBENT5.2,,EACH,,,30,,,https://cdn.shopify.com/s/files/1/0823/0961/1864/files/6inch-bent.png?v=1751461269,SHOWTIME,
STSHEARSTRAIGHT5.2,"Showtime Sheep Shears - straight / 5.2""",STSHEARSTRAIGHT5.2,,EACH,,,30,,,https://cdn.shopify.com/s/files/1/0823/0961/1864/files/6inch-bent.png?v=1751461269,SHOWTIME,
Sturdy Lamb feeder Replacement Tubes Set of 4,Sturdy Lamb feeder Replacement Tubes Set of 4,Sturdy Lamb feeder Replacement Tubes Set of 4,,EACH,,,22.7,,,https://cdn.shopify.com/s/files/1/0823/0961/1864/files/Surrogate-Feeder-Gallery-Image-2_50044f82-2679-4b87-9e46-a2ead0ae7b70.jpg?v=1712576644,,
STURDYLAMBFEEDER,Sturdy Lamb Feeder,STURDYLAMBFEEDER,,EACH,,,425,,,https://cdn.shopify.com/s/files/1/0823/0961/1864/files/lamb_surrogate_feeder_product_page_image.jpg?v=1712575322,,
SUEVIA25R,Suevia Green Enamel Nose Fill Drinking Bowl,SUEVIA25R,,EACH,,,75,,,https://cdn.shopify.com/s/files/1/0823/0961/1864/files/9002588-frontface-300Wx300H.jpg?v=1751461295,CONDON,
SUEVIA25RDRINKER,SUEVIA Drinking Bowls 25R,,,EACH,,,120,,,https://cdn.shopify.com/s/files/1/0823/0961/1864/files/green-single-drinker.png?v=1751461228,CONDON,
SUEVIABLACKBOWL,Suevia Black Enamel Nose Fill Drinking Bowl,SUEVIABLACKBOWL,,EACH,,,65,,,https://cdn.shopify.com/s/files/1/0823/0961/1864/files/9002589-frontface-300Wx300H-1.jpg?v=1751461293,CONDON,
SULLANTIPOP,Sullivan's Anti-Pop Joint supplement,SULLANTIPOP,,EACH,,,39,,,https://cdn.shopify.com/s/files/1/0823/0961/1864/files/antipop.png?v=1753097073,SULLIVANS,
SULLAUBURNTOUCHUP,Sullivan's Auburn Touch Up,SULLAUBURNTOUCHUP,,EACH,,,15,,,https://cdn.shopify.com/s/files/1/0823/0961/1864/files/sullivans-auburn-touch-up-862_grande_240f0fa6-5c88-4c49-be62-d334592b3944.webp?v=1721392448,SHOWTIME,
SULLIVANSMARTCOMBBLUE,Sullivan Smart Comb Yellow 6in,SULLIVANSMARTCOMBBLUE,,EACH,,,40,,,https://cdn.shopify.com/s/files/1/0823/0961/1864/files/Sullivans-Smart-Comb-3-500x500.jpg?v=1712575998,,
SULLIVANSMARTCOMBFLUFFER6,Sullivan's Smart Fluffer Comb - 6in,813171000879,,EACH,,,40,,,https://cdn.shopify.com/s/files/1/0823/0961/1864/files/sullivan-s-smart-comb-3.jpg?v=1751461502,SHOWTIME,
SULLIVANSMARTCOMBFLUFFER9,Sullivan's Smart Fluffer Comb - 9in,813171000870,,EACH,,,44,,,https://cdn.shopify.com/s/files/1/0823/0961/1864/files/sullivan-s-smart-comb-3.jpg?v=1751461502,SHOWTIME,
SULLIVANSMARTCOMBSTIMULATOR6,Sullivan Smart Stimulator Comb - 6in,813171000870,,EACH,,,40,,,https://cdn.shopify.com/s/files/1/0823/0961/1864/files/19388_L_000_vvs.jpg?v=1751461386,SHOWTIME,
SULLIVANSMARTCOMBSTIMULATOR9,Sullivan Smart Stimulator Comb - 9in,813171000409,,EACH,,,40,,,https://cdn.shopify.com/s/files/1/0823/0961/1864/files/19388_L_000_vvs.jpg?v=1751461386,SHOWTIME,
SULLIVANSPOWDERFUL,Sullivan's Powder'ful White,SULLIVANSPOWDERFUL,,EACH,,,19,,,https://cdn.shopify.com/s/files/1/0823/0961/1864/files/POW-W-NEW-2023.jpg?v=1751461377,SHOWTIME,
SULLUNDRESS1GAL,Sullivan's Undress 1 Gallon,SULLUNDRESS1GAL,,EACH,,,67,,,https://cdn.shopify.com/s/files/1/0823/0961/1864/files/UNDG-Undress-Gallon-1.webp?v=1752142089,SULLIVANS,
SUMMERDIP,Sheep Dip - Hygeia Summer Dip,SUMMERDIP,,EACH,,,160,,,https://cdn.shopify.com/s/files/1/0823/0961/1864/files/Hygia-e1559312642142.jpg?v=1751461348,,
SUPERCALM,Super Calm For Horses,SUPERCALM,,EACH,,,16,,,https://cdn.shopify.com/s/files/1/0823/0961/1864/files/SuperCalmPaste-300x73-e1563791576788.png?v=1712576226,,
SUPERHAWK,Hotline Super Hawk Fencer,SUPERHAWK,,EACH,,,217.5,,,https://cdn.shopify.com/s/files/1/0823/0961/1864/files/s-l500.jpg?v=1712576791,,
SUPERLUBE1,Ritchey Superlube - 1l,,,EACH,,,4.99,,,https://cdn.shopify.com/s/files/1/0823/0961/1864/files/9026023-frontface-1200Wx1200H_71b3fcc9-d32f-4b08-91a4-37b1d93ba0fc.jpg?v=1751461239,MULLINAHONE,
SUPERLUBE2.5,Ritchie Superlube 5l,SUPERLUBE2.5,,EACH,,,12.5,,,https://cdn.shopify.com/s/files/1/0823/0961/1864/files/9026023-frontface-1200Wx1200H.jpg?v=1751461272,MULLINAHONE,
SUPERLUBE5,Ritchey Superlube - 5l,,,EACH,,,17,,,https://cdn.shopify.com/s/files/1/0823/0961/1864/files/9026023-frontface-1200Wx1200H_71b3fcc9-d32f-4b08-91a4-37b1d93ba0fc.jpg?v=1751461239,MULLINAHONE,
SUPERPHOS10KG,Super Phos High Fertility 20kg Pack - 1 Pack,SUPERPHOS9%10KG,,EACH,,,33,,,https://cdn.shopify.com/s/files/1/0823/0961/1864/files/Untitled_design_39.png?v=1764387586,,
SUPERPHOS10KG-2,Super Phos High Fertility 20kg Pack - 15 Packs + Metal Holder,,,EACH,,,480,,,https://cdn.shopify.com/s/files/1/0823/0961/1864/files/Untitled_design_39.png?v=1764387586,,
SUPERPHOS10KG-3,Super Phos High Fertility 20kg Pack - 20 Packs + Metal Holder,,,EACH,,,640,,,https://cdn.shopify.com/s/files/1/0823/0961/1864/files/Untitled_design_39.png?v=1764387586,,
SUPERPHOS10KG-4,"Super Phos High Fertility 20kg Pack - 30 Packs, 2 x Metal Holders, Jacket",,,EACH,,,960,,,https://cdn.shopify.com/s/files/1/0823/0961/1864/files/Untitled_design_39.png?v=1764387586,,
SUPERPHOS5%10KG,SuperCalver Pre-Calver Mineral Pack - 1 Pack,SUPERPHOS5%10KG,,EACH,,,35,,,https://cdn.shopify.com/s/files/1/0823/0961/1864/files/Untitled_design_38.png?v=1764259595,ROYALILAC,
SUPERPHOS5%10KG-2,SuperCalver Pre-Calver Mineral Pack - 10 Packs,,,EACH,,,340,,,https://cdn.shopify.com/s/files/1/0823/0961/1864/files/Untitled_design_38.png?v=1764259595,ROYALILAC,
SUPERPHOS5%10KG-3,SuperCalver Pre-Calver Mineral Pack - 20 Packs + Holder + Jacket,,,EACH,,,660,,,https://cdn.shopify.com/s/files/1/0823/0961/1864/files/Untitled_design_38.png?v=1764259595,ROYALILAC,
SUPERPHOS5%10KG-4,SuperCalver Pre-Calver Mineral Pack - 40 Packs,,,EACH,,,1320,,,https://cdn.shopify.com/s/files/1/0823/0961/1864/files/Untitled_design_38.png?v=1764259595,ROYALILAC,
SUPERSUDS,Supersuds Shampoo,5061031801870,,EACH,,,25,,,https://cdn.shopify.com/s/files/1/0823/0961/1864/files/664371d91f1_3520095_1_large_4998f0c3-19d8-49d9-9d13-e56fdb6d12f9.jpg?v=1751461456,SHOWTIME,
SUSPENDEDDIALBALANCE,Suspended Dial Balance 100kg,SUSPENDEDDIALBALANCE,,EACH,,,52,,,https://cdn.shopify.com/s/files/1/0823/0961/1864/files/scales_1.jpg?v=1751461537,AGRIHEALTH,
TAILBAG,Sullivans Tail bag,TAILBAG,,EACH,,,25.3,,,https://cdn.shopify.com/s/files/1/0823/0961/1864/files/tailbag.jpg?v=1751461273,SHOWTIME,
TALLYCOUNTER,Tally Counter,TALLYCOUNTER,,EACH,,,10,,,https://cdn.shopify.com/s/files/1/0823/0961/1864/files/tally-00005.jpg?v=1712576650,ACRAVETLTD,
TEATREESHAMPOO500ML,Wahl Tea Tree Oil Shampoo - 500ml,TEATREESHAMPOO500ML,,EACH,,,12,,,https://cdn.shopify.com/s/files/1/0823/0961/1864/files/ZX492-Tea-Tree-Shampoo-5L-High-Fragrance-Image.jpg?v=1751461372,Lister,
TECHDAIRYBIB2XL,TECHNIDAIRY BIB OVERTROUSER Betacraft - XXLarge,,,EACH,,,129,,,https://cdn.shopify.com/s/files/1/0823/0961/1864/files/7117_R.webp?v=1751461253,DAIRYSPARES,
TECHDAIRYBIB3XL,TECHNIDAIRY BIB OVERTROUSER Betacraft - XXXLarge,,,EACH,,,129,,,https://cdn.shopify.com/s/files/1/0823/0961/1864/files/7117_R.webp?v=1751461253,DAIRYSPARES,
TECHDAIRYBIBL,TECHNIDAIRY BIB OVERTROUSER Betacraft - Large,,,EACH,,,129,,,https://cdn.shopify.com/s/files/1/0823/0961/1864/files/7117_R.webp?v=1751461253,DAIRYSPARES,
TECHDAIRYBIBM,TECHNIDAIRY BIB OVERTROUSER Betacraft - Medium,,,EACH,,,129,,,https://cdn.shopify.com/s/files/1/0823/0961/1864/files/7117_R.webp?v=1751461253,DAIRYSPARES,
TECHDAIRYBIBS,TECHNIDAIRY BIB OVERTROUSER Betacraft - Small,,,EACH,,,129,,,https://cdn.shopify.com/s/files/1/0823/0961/1864/files/7117_R.webp?v=1751461253,DAIRYSPARES,
TECHDAIRYBIBXL,TECHNIDAIRY BIB OVERTROUSER Betacraft - X Large,,,EACH,,,129,,,https://cdn.shopify.com/s/files/1/0823/0961/1864/files/7117_R.webp?v=1751461253,DAIRYSPARES,
TECHDAIRYOVER2XL,TECHNIDAIRY PARKA BETACRAFT - XXLarge,,,EACH,,,189,,,https://cdn.shopify.com/s/files/1/0823/0961/1864/files/7114_R.webp?v=1751461255,DAIRYSPARES,
TECHDAIRYOVER3XL,TECHNIDAIRY PARKA BETACRAFT - XXXLarge,,,EACH,,,189,,,https://cdn.shopify.com/s/files/1/0823/0961/1864/files/7114_R.webp?v=1751461255,DAIRYSPARES,
TECHDAIRYOVERL,TECHNIDAIRY PARKA BETACRAFT - Large,,,EACH,,,189,,,https://cdn.shopify.com/s/files/1/0823/0961/1864/files/7114_R.webp?v=1751461255,DAIRYSPARES,
TECHDAIRYOVERM,TECHNIDAIRY PARKA BETACRAFT - Medium,,,EACH,,,189,,,https://cdn.shopify.com/s/files/1/0823/0961/1864/files/7114_R.webp?v=1751461255,,
TECHDAIRYOVERS,TECHNIDAIRY OVERTROUSER BETACRAFT - Small,,,EACH,,,110,,,https://cdn.shopify.com/s/files/1/0823/0961/1864/files/7116_R.webp?v=1751461254,DAIRYSPARES,
TECHDAIRYOVERXL,TECHNIDAIRY PARKA BETACRAFT - X Large,,,EACH,,,189,,,https://cdn.shopify.com/s/files/1/0823/0961/1864/files/7114_R.webp?v=1751461255,DAIRYSPARES,
TECHDAIRYPARKAS,TECHNIDAIRY PARKA BETACRAFT - Small,,,EACH,,,189,,,https://cdn.shopify.com/s/files/1/0823/0961/1864/files/7114_R.webp?v=1751461255,DAIRYSPARES,
TECHNIBIBOVERL,TECHNIFLEX BIB OVERTROUSER Betacraft - Large,,,EACH,,,129,,,https://cdn.shopify.com/s/files/1/0823/0961/1864/files/7017_R.webp?v=1751461249,DAIRYSPARES,
TECHNIBIBOVERM,TECHNIFLEX BIB OVERTROUSER Betacraft - Medium,,,EACH,,,129,,,https://cdn.shopify.com/s/files/1/0823/0961/1864/files/7017_R.webp?v=1751461249,DAIRYSPARES,
TECHNIBIBOVERSM,TECHNIFLEX BIB OVERTROUSER Betacraft - Small,,,EACH,,,129,,,https://cdn.shopify.com/s/files/1/0823/0961/1864/files/7017_R.webp?v=1751461249,DAIRYSPARES,
TECHNIBIBOVERXL,TECHNIFLEX BIB OVERTROUSER Betacraft - X Large,,,EACH,,,129,,,https://cdn.shopify.com/s/files/1/0823/0961/1864/files/7017_R.webp?v=1751461249,DAIRYSPARES,
TECHNIBIBOVERXXL,TECHNIFLEX BIB OVERTROUSER Betacraft - XXLarge,,,EACH,,,129,,,https://cdn.shopify.com/s/files/1/0823/0961/1864/files/7017_R.webp?v=1751461249,DAIRYSPARES,
TECHNIBIBOVERXXXL,TECHNIFLEX BIB OVERTROUSER Betacraft - XXXLarge,,,EACH,,,129,,,https://cdn.shopify.com/s/files/1/0823/0961/1864/files/7017_R.webp?v=1751461249,DAIRYSPARES,
TECHNIOVERTROUSERSlar,TECHNIFLEX OVERTROUSER Betacraft - Large,,,EACH,,,98.1,,,https://cdn.shopify.com/s/files/1/0823/0961/1864/files/7016_R.webp?v=1751461250,DAIRYSPARES,
TECHNIOVERTROUSERSmed,TECHNIFLEX OVERTROUSER Betacraft - Medium,,,EACH,,,98.1,,,https://cdn.shopify.com/s/files/1/0823/0961/1864/files/7016_R.webp?v=1751461250,DAIRYSPARES,
TECHNIOVERTROUSERSsmall,TECHNIFLEX OVERTROUSER Betacraft - Small,,,EACH,,,98.1,,,https://cdn.shopify.com/s/files/1/0823/0961/1864/files/7016_R.webp?v=1751461250,DAIRYSPARES,
TECHNIOVERTROUSERSxlar,TECHNIFLEX OVERTROUSER Betacraft - X Large,,,EACH,,,98.1,,,https://cdn.shopify.com/s/files/1/0823/0961/1864/files/7016_R.webp?v=1751461250,DAIRYSPARES,
TECHNIOVERTROUSERSxxlar,TECHNIFLEX OVERTROUSER Betacraft - XXLarge,,,EACH,,,98.1,,,https://cdn.shopify.com/s/files/1/0823/0961/1864/files/7016_R.webp?v=1751461250,DAIRYSPARES,
TECHNIOVERTROUSERSxxxlar,TECHNIFLEX OVERTROUSER Betacraft - XXXLarge,,,EACH,,,98.1,,,https://cdn.shopify.com/s/files/1/0823/0961/1864/files/7016_R.webp?v=1751461250,DAIRYSPARES,
TECHNIPARKA4XL,TECHNIFLEX PARKA Betacraft - 4xl,,,EACH,,,169,,,https://cdn.shopify.com/s/files/1/0823/0961/1864/files/7014_R.webp?v=1751461252,DAIRYSPARES,
TECHNIPARKAL,TECHNIFLEX PARKA Betacraft - Large,,,EACH,,,169.99,,,https://cdn.shopify.com/s/files/1/0823/0961/1864/files/7014_R.webp?v=1751461252,DAIRYSPARES,
TECHNIPARKAM,TECHNIFLEX PARKA Betacraft - Medium,,,EACH,,,169.99,,,https://cdn.shopify.com/s/files/1/0823/0961/1864/files/7014_R.webp?v=1751461252,DAIRYSPARES,
TECHNIPARKAS,TECHNIFLEX PARKA Betacraft - Small,,,EACH,,,169.99,,,https://cdn.shopify.com/s/files/1/0823/0961/1864/files/7014_R.webp?v=1751461252,DAIRYSPARES,
TECHNIPARKAXL,TECHNIFLEX PARKA Betacraft - X Large,,,EACH,,,169.99,,,https://cdn.shopify.com/s/files/1/0823/0961/1864/files/7014_R.webp?v=1751461252,DAIRYSPARES,
TECHNIPARKAXXL,TECHNIFLEX PARKA Betacraft - XXLarge,,,EACH,,,169.99,,,https://cdn.shopify.com/s/files/1/0823/0961/1864/files/7014_R.webp?v=1751461252,DAIRYSPARES,
TECHNIPARKAXXXL,TECHNIFLEX PARKA Betacraft - XXXLarge,,,EACH,,,169.99,,,https://cdn.shopify.com/s/files/1/0823/0961/1864/files/7014_R.webp?v=1751461252,DAIRYSPARES,
TECNALLCALVINGAIDJACKMOOREHEAD,Tecnall Calving Aid/Jack with Moore Park Head,TECNALLCALVINGAIDJACKMOOREHEAD,,EACH,,,230,,,https://cdn.shopify.com/s/files/1/0823/0961/1864/files/technall_calv.png?v=1712341526,,
THINNINGSCISSORS,Thinning Scissors,THINNINGSCISSORS,,EACH,,,15.5,,,https://cdn.shopify.com/s/files/1/0823/0961/1864/files/20160211101950_20150317172925_thinning_scissors.jpg?v=1751461492,AGRIHEALTH,
THISTLEX1LSPRAY,Thistlex 1litre Spray,THISTLEX1LSPRAY,,EACH,,,49.5,,,https://cdn.shopify.com/s/files/1/0823/0961/1864/files/Thistlex-pack-image-330x470.jpg?v=1712576080,,
TRADHALTERDOUBLELEATHERCOW/BULL,Traditional Halter Strong Double Leather,TRADHALTERDOUBLELEATHERCOW/BULL,,EACH,,,195,,,https://cdn.shopify.com/s/files/1/0823/0961/1864/files/Untitleddesign_39.png?v=1776848526,SHOWTIME,
TRAININGHALTERGANDP,Sullivan's Training Halter - Green & Pink,TRAININGHALTERGANDP,,EACH,,,19,,,https://cdn.shopify.com/s/files/1/0823/0961/1864/files/Screenshot-2023-09-25-103235.png?v=1751461311,SHOWTIME,
TRAININGHALTERPPURPLEANDBLACK,Sullivan's Training Halter - purple and black,,,EACH,,,19,,,https://cdn.shopify.com/s/files/1/0823/0961/1864/files/Screenshot-2023-09-25-103235.png?v=1751461311,SHOWTIME,
TRAININGLEAD,Training Lead,TRAININGLEAD,,EACH,,,42,,,https://cdn.shopify.com/s/files/1/0823/0961/1864/files/training_halter.jpg?v=1751461466,SHOWTIME,
TRAMAZOLE1LITRE,Tramazole 10% - 1 Litre,TRAMAZOLE1LITRE,,EACH,,,30,,,https://cdn.shopify.com/s/files/1/0823/0961/1864/files/tramazole-2.jpg?v=1712575160,,
TRAMAZOLE5LITRE,Tramazole 10% - 5 Litre,TRAMAZOLE5LITRE,,EACH,,,92.25,,,https://cdn.shopify.com/s/files/1/0823/0961/1864/files/tramazole-2.jpg?v=1712575160,,
TRANQUIL1L,Cattle Calmer Tranquil Natural Calmer 1 Litre - No Stress,TRANQUIL1L,,EACH,,,29,,,https://cdn.shopify.com/s/files/1/0823/0961/1864/files/20160211155135_tranquil-1-litre.jpg?v=1751461425,OSMONDS,
TRIBEX10%5LTRS,Tribex 5% - 5litre,TRIBEX10%5LTRS,,EACH,,,129,,,https://cdn.shopify.com/s/files/1/0823/0961/1864/files/Tribex-10-5L-e1535706130803.png?v=1751461340,,
TRIBOVACT100ML,Tribovax T - 100ml,TRIBOVACT100ML,,EACH,,,68,,,https://cdn.shopify.com/s/files/1/0823/0961/1864/files/tribovax_t_50ml.jpg_4.jpg?v=1712575194,,
TRIBOVACT50ML,Tribovax T - 50ml,TRIBOVACT50ML,,EACH,,,39,,,https://cdn.shopify.com/s/files/1/0823/0961/1864/files/tribovax_t_50ml.jpg_4.jpg?v=1712575194,,
TRICL0,Triclaben 10% - 5Ltrs,TRICL0,,EACH,,,109,,,https://cdn.shopify.com/s/files/1/0823/0961/1864/files/triclaben-1.jpg?v=1712575162,,
TRICLABEN10%2.2L,Triclaben 10% - 2.5Ltrs,TRICLABEN10%2.2L,,EACH,,,86.1,,,https://cdn.shopify.com/s/files/1/0823/0961/1864/files/triclaben-1.jpg?v=1712575162,,
TRICLABEN10%5L,Tribex 10%  5Litre,TRICLABEN10%5L,,EACH,,,114.99,,,https://cdn.shopify.com/s/files/1/0823/0961/1864/files/Tribex-10-5L-e1535706130803_79bbc5d7-1b1c-4719-9ad3-98fabe2f5324.png?v=1712576292,,
TUBBYBEEFFINISHER22KG,Tubby Beef Finisher 22kg,TUBBYBEEFFINISHER22KG,,EACH,,,50,,,https://cdn.shopify.com/s/files/1/0823/0961/1864/files/cattle_beef_bull.jpg?v=1712575191,BRINICOMBE,
TUBBYCATTLECONDITIONER14KG,Tubby Cattle Conditioner 14kg,TUBBYCATTLECONDITIONER14KG,,EACH,,,44,,,https://cdn.shopify.com/s/files/1/0823/0961/1864/files/IMG_2740-scaled.jpg?v=1712576027,BRINICOMBE,
TUBBYFROBUT14KG,Tubby FroBut ORF 14kg,TUBBYFROBUT14KG,,EACH,,,44,,,https://cdn.shopify.com/s/files/1/0823/0961/1864/files/IMG_2736-scaled.jpg?v=1751461508,BRINICOMBE,
TUBBYFROBUTPLUS14KG,Tubby Frobut & Imuherb 14kg,TUBBYFROBUTPLUS14KG,,EACH,,,44,,,https://cdn.shopify.com/s/files/1/0823/0961/1864/files/IMG_2736-scaled_5a70b8fb-c734-4c9c-9a0d-90969edfe522.jpg?v=1712576237,BRINICOMBE,
TUBBYLAMBFINISHER,Tubby Lamb Finisher 14kg,TUBBYLAMBFINISHER,,EACH,,,39.5,,,https://cdn.shopify.com/s/files/1/0823/0961/1864/files/sheep_tubby_02.jpg?v=1712575338,BRINICOMBE,
TUBBYPREANDPOSTLAMBING14KG,Tubby Pre And Post Lambing 14kg,TUBBYPREANDPOSTLAMBING14KG,,EACH,,,44,,,https://cdn.shopify.com/s/files/1/0823/0961/1864/files/IMG_2736-scaled_7f414348-9789-41d1-aa70-127d8777f636.jpg?v=1712575337,BRINICOMBE,
TUBBYQUICKSERVE22KG,Tubby Quick Serve 25KG,TUBBYQUICKSERVE22KG,,EACH,,,79.95,,,https://cdn.shopify.com/s/files/1/0823/0961/1864/files/bullingcows.jpg?v=1712575333,BRINICOMBE,
TUBBYSHEEPFEET14KG,Tubby Sheep Feet 14kg,TUBBYSHEEPFEET14KG,,EACH,,,37.5,,,https://cdn.shopify.com/s/files/1/0823/0961/1864/files/IMG_2736-scaled_2e534a8f-4b87-4ffe-a7b8-95100543dbfb.jpg?v=1712576236,BRINICOMBE,
TUBBYSUPERTUP14KG,Tubby Super Tup 14Kg,TUBBYSUPERTUP14KG,,EACH,,,39.5,,,https://cdn.shopify.com/s/files/1/0823/0961/1864/files/Super-Tup-e1567783883102.jpg?v=1712575327,,
TURBOHYDRATEPOWDER,Turbo Hydrate Powder,TURBOHYDRATEPOWDER,,EACH,,,2.5,,,https://cdn.shopify.com/s/files/1/0823/0961/1864/files/4c5401_b075e5b146174f94987ab400e572381f_mv2.webp?v=1712576768,,
TURBOIMMUNEMANANDBEAST,Turbo Immune 30ml,TURBOIMMUNEMANANDBEAST,,EACH,,,8.5,,,https://cdn.shopify.com/s/files/1/0823/0961/1864/files/turbo-immune.png?v=1712576777,,
TURBOLIVESTOCK,"Turbo Livestock Fan 18""",TURBOLIVESTOCK,,EACH,,,132,,,https://cdn.shopify.com/s/files/1/0823/0961/1864/files/0080.jpg?v=1712575507,,
TURBOVITALITYMANANDBEAST2.5L,Turbo Vitality,TURBOVITALITYMANANDBEAST2.5L,,EACH,,,80,,,https://cdn.shopify.com/s/files/1/0823/0961/1864/files/turbo-vitality.png?v=1712576778,,
TWINPLUS1LITRE,Natural Stockcare Twin Plus - 1Ltr,TWINPLUS1LITRE,,EACH,,,49,,,https://cdn.shopify.com/s/files/1/0823/0961/1864/files/Twin-e1551273100318.jpg?v=1712576180,AGRIHEALTH,
TWINPLUS2.5,Natural Stockcare Twin Plus - 2.5Ltrs,TWINPLUS2.5,,EACH,,,100,,,https://cdn.shopify.com/s/files/1/0823/0961/1864/files/Twin-e1551273100318.jpg?v=1712576180,AGRIHEALTH,
TWINPLUS5L,Natural Stockcare Twin Plus - 5Ltrs,TWINPLUS5L,,EACH,5,,192,,,https://cdn.shopify.com/s/files/1/0823/0961/1864/files/Twin-e1551273100318.jpg?v=1712576180,AGRIHEALTH,
UNI2000,UNI 2000,UNI2000,,EACH,,,2200,,,,,
VACCADYNE450g,Vaccadyne - Vaccadyne 450g,,,EACH,,,27,,,https://cdn.shopify.com/s/files/1/0823/0961/1864/files/vaccadyne_450g.png?v=1758640250,OSMONDS,
VACCADYNE900g,Vaccadyne - Vaccadyne 900g,,,EACH,,,45,,,https://cdn.shopify.com/s/files/1/0823/0961/1864/files/vaccadyne_450g.png?v=1758640250,OSMONDS,
VECOXAN2.5,Vecoxan - 2.5Litre,VECOXAN2.5,,EACH,,,323.9,,,https://cdn.shopify.com/s/files/1/0823/0961/1864/files/Vecoxan-Oral-Suspension.jpg?v=1712575957,,
VECOXAN2.5l,Vecoxan Oral Suspsension - 2.5Ltrs,VECOXAN2.5l,,EACH,,,299,,,https://cdn.shopify.com/s/files/1/0823/0961/1864/files/Vecoxan.webp?v=1718722504,HIGHFIELDVW,
VECTOR5LITRE,Vector Pour On 5Litre,VECTOR5LITRE,,EACH,,,138,,,https://cdn.shopify.com/s/files/1/0823/0961/1864/files/Vector.jpg?v=1712576090,,
VETERICYN7NAVELDIP1GAL,Vetericyn Super 7+ Navel Dip - 4.54ltrs,VETERICYN7NAVELDIP1GAL,,EACH,,,95,,,https://cdn.shopify.com/s/files/1/0823/0961/1864/files/vetericyn-super-7-navel-spray-16oz-e1551268590997.jpg?v=1751461352,AGRIHEALTH,
VETERICYNVF,Vetericyn VF 500ml,VETERICYNVF,,EACH,,,26,,,https://cdn.shopify.com/s/files/1/0823/0961/1864/files/VF-e1588241420389.jpg?v=1751461342,AGRIHEALTH,
VEXOCAN1L,Vecoxan Oral Suspsension - 1Ltr,VEXOCAN1L,,EACH,,,165,,,https://cdn.shopify.com/s/files/1/0823/0961/1864/files/Vecoxan.webp?v=1718722504,HIGHFIELDVW,
VINK1800CALVINGAIDJACKALTERNATING,Vink 1800 Calving Aid/Jack - Alternating Action,VINK1800CALVINGAIDJACKALTERNATING,,EACH,,,400,,,https://cdn.shopify.com/s/files/1/0823/0961/1864/files/vink_calvinjack_2.png?v=1712341516,,
VINK1800JACK,Vink 1800 Beef Alternate Traction Calving Jack,,,EACH,,,590,,,https://cdn.shopify.com/s/files/1/0823/0961/1864/files/vink-calving-aid-101.webp?v=1751461159,AGRIHEALTH,
VINK1800TRACTIONJACK,1800 Alternate Traction Calving Jack,VINK1800TRACTIONJACK,,EACH,,,410,,,https://cdn.shopify.com/s/files/1/0823/0961/1864/files/agvance1800calvingjack.png?v=1751461157,AGRIHEALTH,
VINKCALVINGAID,Vink Calving Aid Spare Head Complete,,,EACH,,,239.99,,,https://cdn.shopify.com/s/files/1/0823/0961/1864/files/calving-aid-head-complete-001.webp?v=1751461160,AGRIHEALTH,
VINKLIMESPREADER,Vink Lime Spreader,VINKLIMESPREADER,,EACH,,,239,,,https://cdn.shopify.com/s/files/1/0823/0961/1864/files/vink.jpg?v=1751461403,MULLINAHONE,
WAHLALOESOOTH500ML,Wahl Aloe Soothe Shampoo - 500ml,WAHLALOESOOTH500ML,,EACH,,,12,,,https://cdn.shopify.com/s/files/1/0823/0961/1864/files/ZX479-Aloe-Soothe-Shampoo-5L-High-JPG.jpg?v=1751461371,Lister,
WAHLOATMEAL,Wahl Oatmeal Essence Shampoo,,,EACH,,,32,,,https://cdn.shopify.com/s/files/1/0823/0961/1864/files/ZX728-Oatmeal-shampoo-370x370-1.jpg?v=1751461261,Lister,
WATERSOFTENERS,Water Softener,,,EACH,15,,800,,,,SIWASALT,
WATERSOFTENINGSALT,Water Softening Salt,,,EACH,,,7,,,,SIWASALT,
WHISK,Steel Whisk,WHISK,,EACH,,7.68,13.5,,,https://cdn.shopify.com/s/files/1/0823/0961/1864/files/1393944967.jpg?v=1751461282,ACRAVETLTD,
WHITECOTTON20,Cotton Show Halters - 20mm / White,5061031802570,,EACH,,,25.99,,,https://cdn.shopify.com/s/files/1/0823/0961/1864/files/cotton-halters-range.png?v=1751461468,SHOWTIME,
WHITECOTTON8MM,Cotton Show Halters - 8mm / White,WHITECOTTON8MM,,EACH,,,12,,,https://cdn.shopify.com/s/files/1/0823/0961/1864/files/cotton-halters-range.png?v=1751461468,SHOWTIME,
WHITECOTTONLEAD,Deluxe Cotton Lead Ropes 14mm - White / 1,WHITECOTTONLEAD,,EACH,,,13.5,,,https://cdn.shopify.com/s/files/1/0823/0961/1864/files/black-cotton-l.r-cut-out_d3d95ab1-6895-4c55-b11b-ac1627668e03.jpg?v=1712576112,SHOWTIME,
WHITECOTTONLEAD10,Deluxe Cotton Lead Ropes 14mm - White / 10,WHITECOTTONLEAD10,,EACH,,,80,,,https://cdn.shopify.com/s/files/1/0823/0961/1864/files/black-cotton-l.r-cut-out_d3d95ab1-6895-4c55-b11b-ac1627668e03.jpg?v=1712576112,SHOWTIME,
WHITELEADROPE12MM,White Cotton Lead Rope 12mm,WHITELEADROPE12MM,,EACH,,,13.5,,,https://cdn.shopify.com/s/files/1/0823/0961/1864/files/cotton-lead-rope-16mm.jpg?v=1712576948,,
WHITEPOLY16MM,Poly Halters - 16mm White,5061031800552,,EACH,,,13.5,,,https://cdn.shopify.com/s/files/1/0823/0961/1864/files/poly-halters-range.png?v=1751461470,SHOWTIME,
WHITERTHANWHTIE,Whiter Than White Paste,WHITERTHANWHTIE,,EACH,,,14,,,https://cdn.shopify.com/s/files/1/0823/0961/1864/files/showtime-whiter-than-white-paste-7430.jpg?v=1751461276,SHOWTIME,
WIRESLICKERBRUSH,Wire Slicker Brush,WIRESLICKERBRUSH,,EACH,,,12,,,https://cdn.shopify.com/s/files/1/0823/0961/1864/files/wire_slic.jpg?v=1751461489,SHOWTIME,
WOOLMIX1L,Traditional Wool Mix - 1 Lts,5061031801627,,EACH,,,28.01,,,https://cdn.shopify.com/s/files/1/0823/0961/1864/files/Wool-Mix-1ltr-scaled.jpg?v=1751461414,SHOWTIME,
WOOLMIX5L,Traditional Wool Mix - 5Ltrs,5061031801634,,EACH,,,94.99,,,https://cdn.shopify.com/s/files/1/0823/0961/1864/files/Wool-Mix-1ltr-scaled.jpg?v=1751461414,SHOWTIME,
WParkaLARGE,ISO940 WOMENS PARKA BETACRAFT - Large,,,EACH,,,275.4,,,https://cdn.shopify.com/s/files/1/0823/0961/1864/files/9514_R.webp?v=1751461235,DAIRYSPARES,
WParkaMEDIUM,ISO940 WOMENS PARKA BETACRAFT - Medium,,,EACH,,,275.4,,,https://cdn.shopify.com/s/files/1/0823/0961/1864/files/9514_R.webp?v=1751461235,DAIRYSPARES,
WParkaSMALL,ISO940 WOMENS PARKA BETACRAFT - Small,,,EACH,,,275.4,,,https://cdn.shopify.com/s/files/1/0823/0961/1864/files/9514_R.webp?v=1751461235,DAIRYSPARES,
WParkaXLARGE,ISO940 WOMENS PARKA BETACRAFT - X Large,,,EACH,,,275.4,,,https://cdn.shopify.com/s/files/1/0823/0961/1864/files/9514_R.webp?v=1751461235,DAIRYSPARES,
WParkaXXLARGE,ISO940 WOMENS PARKA BETACRAFT - XX Large,,,EACH,,,275.4,,,https://cdn.shopify.com/s/files/1/0823/0961/1864/files/9514_R.webp?v=1751461235,DAIRYSPARES,
XMASCLIPPERBUNDLE,Clipper Bundle!,XMASCLIPPERBUNDLE,,EACH,,,325,,,https://cdn.shopify.com/s/files/1/0823/0961/1864/files/Xmas-Clippers-Bundle.png?v=1751461256,HORNERSHEARING,
YELLOWPASSIONFILM16x50M,Passion Oxygen Barrier Film - 16x50m,,,EACH,,,520,,,https://cdn.shopify.com/s/files/1/0823/0961/1864/files/oxygen_barrier_passion_yellow.jpg?v=1751461144,PASSION,
YELLOWPASSIONFILM18x35,Passion Oxygen Barrier Film - 18x35m,,,EACH,,,590,,,https://cdn.shopify.com/s/files/1/0823/0961/1864/files/oxygen_barrier_passion_yellow.jpg?v=1751461144,PASSION,
YELLOWPASSIONFILM18X50,Yellow Passion Film 18X50m,,,EACH,,,540,,,https://cdn.shopify.com/s/files/1/0823/0961/1864/files/FILM_2.jpg?v=1751461145,PASSION,
YELLOWPASSIONFILM20x150M,Passion Oxygen Barrier Film - 20x150m,,,EACH,,,1895,,,https://cdn.shopify.com/s/files/1/0823/0961/1864/files/oxygen_barrier_passion_yellow.jpg?v=1751461144,PASSION,
YEND2HOSECONNECTOR,Y End two Hose Connector,YEND2HOSECONNECTOR,,EACH,,,25,,,https://cdn.shopify.com/s/files/1/0823/0961/1864/files/y_connection.jpg?v=1751461474,SHOWTIME,
YOUNGSTOCKGRAZERBOLUS,All Guard Youngstock Grazer Bolus 25s,,,EACH,,,97.5,,,https://cdn.shopify.com/s/files/1/0823/0961/1864/files/CF67666___L.jpg?v=1751461139,,
Z1017,Noromectin Equine Paste,Z1017,,EACH,,,7,,,https://cdn.shopify.com/s/files/1/0823/0961/1864/files/Noromectin-Oral-Paste-for-Horses.jpg?v=1712341505,,
Z1022,Ectospec Pour On - 500ml,Z1022,,EACH,,,29,,,https://cdn.shopify.com/s/files/1/0823/0961/1864/files/ecto.jpg?v=1712575284,,
Z1033,COPPER and SELENIUM SR BOLUS HIGH SELENIUM,Z1033,,EACH,,,65,,,https://cdn.shopify.com/s/files/1/0823/0961/1864/files/wpbc91e37d_05_06.jpg?v=1712575190,,
ZANIL5L,Zanil 5Litre,ZANIL5L,,EACH,,,92.25,,,https://cdn.shopify.com/s/files/1/0823/0961/1864/files/zanil.jpg?v=1712576277,,
ZINCSULPHATE1PC,Zinc Sulphate 25Kg - 1 piece,,,EACH,,,55,,,https://cdn.shopify.com/s/files/1/0823/0961/1864/files/Zinc_sulphate_pentahydrate_25kg_1024x1024_2x_f4c94af4-371a-49da-b650-bf9c9aaca0be.jpg?v=1751461153,PHARVET,
ZINCSULPHATE25,Zinc Sulphate 25Kg - 10 pieces,,,EACH,,,530,,,https://cdn.shopify.com/s/files/1/0823/0961/1864/files/Zinc_sulphate_pentahydrate_25kg_1024x1024_2x_f4c94af4-371a-49da-b650-bf9c9aaca0be.jpg?v=1751461153,PHARVET,
ZINCSULPHATE26,Zinc Sulphate 25Kg - 20 pieces,,,EACH,,,1000,,,https://cdn.shopify.com/s/files/1/0823/0961/1864/files/Zinc_sulphate_pentahydrate_25kg_1024x1024_2x_f4c94af4-371a-49da-b650-bf9c9aaca0be.jpg?v=1751461153,PHARVET,